﻿last_name,first_name,username,learner_id,last_access,availability,c200_wt_ttl,c200_ttl,c200_ctgl_299,c200_ctgl_200,c200_essay,c200_test_us,c200_test_ims
ACOSTA,MITCHELL,mitch.f.acosta,01C,2/9/2024 9:33,Yes,95.38322,374.3405,92.394,90.9975,98.949,92,
ALLEN,JUSTIN,justin.lee.allen,01A,1/20/2024 12:04,Yes,93.45,375,93,90,92,100,
ALLISON,KEVIN,kevin.e.allison,01A,11/12/2023 16:31,Yes,92.15,370,93,90,91,96,
ALSUWAIDI,AHMED SAIF ABDULLA AHMED,alsuwaidi@hotmail.fr,01D,2/12/2024 10:01,Yes,92.01205,366.29008,87,91.09425,92.19583,,96
ANDERSON,ALEX,alex.r.anderson,01C,2/28/2024 7:46,Yes,94.30665,375.58875,90.9975,90.396,94.19525,100,
ANDERSON,ANTHONY,anthony.s.anderson2,01B,2/26/2024 9:48,Yes,94.3,383,96,96,91,100,
ANDERSON,ROBERT,robert.edwin.anderson,01D,2/26/2024 18:12,Yes,83.64869,339.99564,94,90.9975,82.99814,72,
ANDERSON,STACEY,stacey.c.anderson,01C,2/15/2024 13:49,Yes,94.33679,376.99358,97.5,96.1,95.39358,88,
ANDERSON,STEPHEN,stephen.anderson8,01B,11/13/2023 11:11,Yes,90.5,364,92,94,90,88,
ANDRADE LAZO,JOSE ARMANDO,joseaal@hotmail.com,01C,2/13/2024 9:34,Yes,88.30707,364.691,92.9975,93.398,82.2955,,96
ARNOLD,MICHAEL,michael.a.arnold36,01D,12/6/2023 15:07,Yes,92.11666,373.58843,91.49625,93.29675,88.79543,100,
ARVIN,STRAFER,strafer.arvin,01C,12/6/2023 11:27,Yes,98.1047,389.698,94,96.698,99,100,
BARRETT,ADAM,adam.r.barrett,01A,1/30/2024 13:03,Yes,97.05,384,96,93,99,96,
BEBO,STEVEN,steven.bebo,01B,12/7/2023 8:26,Yes,97.05,383,96,95,100,92,
BRENC,JOSHUA,joshua.d.brenc.mil,01B,11/8/2023 7:51,Yes,92.1,372,93,93,90,96,
BROWN,LINDA,linda.d.brown,01D,11/17/2023 7:35,Yes,90.36192,368.23854,91.49625,94.09617,86.64612,96,
BURK,BENJAMIN,benjamin.m.burk,01B,12/6/2023 10:05,Yes,96.9,382,94,96,100,92,
CASE,NIKKOLE,nikkole.l.case,01C,2/16/2024 10:26,Yes,91.08902,358.9935,90.097,90.4965,94.4,84,
CAVERLY,DAVID,david.a.caverly,01A,1/22/2024 13:38,Yes,96.1,380,93,93,98,96,
CLAASSEN,GRANT,grant.claassen,01B,12/6/2023 10:09,Yes,89.15,362,93,94,87,88,
DAVIS,ALFRANZO,alfranzo.davis,01B,2/20/2024 12:45,Yes,92.15,368,93,94,93,88,
DEARBORN,STEVEN,steven.dearborn,01A,12/12/2023 18:20,Yes,97.4,385,93,93,99,100,
ENGELBRECHT,ERIC,eric.e.engelbrecht,01C,9/29/2023 8:21,Yes,96.234,383.748,96.1,98.3,97.348,92,
ERICKSON,LILY,lily.a.erickson,01D,2/12/2024 19:10,Yes,93.14175,375.33925,93.3985,94.39542,91.54533,96,
FELKER,JOHN,john.felker1,01A,11/12/2023 16:00,Yes,93.95,373,93,96,96,88,
GRAHAM,MICHAEL,michael.a.graham3,01D,11/14/2023 0:12,Yes,94.00248,375.58792,93.39567,92.29425,93.898,96,
GRISWOULD,GORDON,gordon.griswould,01A,1/30/2024 17:43,Yes,91.1,370,93,93,88,96,
HENRIQUEZ,JORGE,jorge.a.henriquez,01B,11/10/2023 13:17,Yes,94.95,377,92,93,96,96,
HOOD,HAYWARD,hayward.hood,01D,9/26/2023 19:46,Yes,94.04227,379.2435,95.5,95.2985,92.445,96,
KAMBERAJ,MIRFILE,kmirfila@gmail.com,01B,11/3/2023 13:51,Yes,86.75,351,92,93,86,,80
KHAN,MOHAMMED,mohammed.khan5,01A,12/7/2023 8:28,Yes,94.1,376,93,93,94,96,
KOEHN,KEVIN,kevin.s.koehn,01C,12/13/2023 11:43,Yes,88.7851,349.58134,90.09317,90.49417,92.994,76,
LECLERC,JAYME,jayme105@live.com,01C,1/7/2024 20:53,Yes,96.37192,388.88708,98.497,95.99333,94.39675,,100
MCCONVILLE,BRIAN,brian.mcconville,01C,1/9/2024 12:35,Yes,93.23211,368.28384,90.49417,90.391,95.39867,92,
MCLAUGHLIN,MARK,mark.c.mclaughlin3,01C,2/25/2024 11:51,Yes,91.77183,366.23434,94.99667,93.99,93.24767,84,
MEDINA,KENNETH,kenny.medina,01A,1/8/2024 8:00,Yes,96.55,383,96,93,98,96,
MEIDENBAUER,MARY,mary.r.meidenbauer,01B,1/19/2024 11:45,Yes,95.2,382,92,96,94,100,
MENDOUA,JEAN,jeanyvesmendoua@gmail.com,01A,2/8/2024 2:55,Yes,90.15,363,93,96,90,,84
METCALFE,KERRY,kerry.metcalfe,01D,2/23/2024 9:03,Yes,94.00038,377.68424,93.996,94.69467,92.99357,96,
MOCK,JEFFREY,jeffrey.m.mock,01A,2/25/2024 19:27,Yes,91.4,361,93,93,95,80,
NEWSOME,HENIAN,henian.newsome,01C,10/17/2023 17:04,Yes,91.03647,361.687,92.5965,91.995,93.0955,84,
OLSON,JERRED,jerred.olson,01B,2/13/2024 12:48,Yes,93.65,372,92,93,95,92,
PERKINS,BRANDON,brandon.p.perkins,01B,12/6/2023 11:01,Yes,88.9,356,93,93,90,80,
REASONOVER,WILLIAM,william.b.reasonover,01C,1/2/2024 20:41,Yes,97.0533,387.291,95.99333,97.69867,97.599,96,
SEGGEL,PETER,peter.j.seggel,01D,2/26/2024 12:44,Yes,98.04941,386.99608,93.3985,93.59758,100,100,
SEGUIN,DANIEL,daniel.seguin,01D,2/22/2024 13:53,Yes,92.59722,377.19142,96.49567,95.5,89.19575,96,
SINAN,HUSSAIN,6290hussainsinan@gmail.com,01A,1/23/2024 9:06,Yes,91.5,363,96,96,95,,76
SINCLAIR,EWAN ANTHONY,sinclairewan14@gmail.com,01B,11/12/2023 9:31,Yes,97.05,384,94,95,99,,96
TROXELL,MARGARET-ELIZABETH,margaretelizabeth.s.troxell,01A,2/13/2024 13:16,Yes,94.1,376,93,93,94,96,
WARD,LAUREN,lauren.a.ward2,01A,1/1/2024 21:14,Yes,96.9,384,93,93,98,100,
WESSEWANE-DESYEYE ZATO,FABRICE,22.wessewane.desyeye.fabrice.esam2@gmail.com,01D,10/13/2023 14:28,Yes,87.96409,356.4969,89.79867,89.2995,85.39873,,92
WILCOX,JOSHUA,joshua.g.wilcox,01D,2/26/2024 10:13,Yes,94.50756,377.39408,93.3985,90,93.99558,100,
WILLIAMS,CODY,cody.andre.williams,01D,11/8/2023 11:37,Yes,95.70814,382.64162,96.096,94.79733,95.74829,96,
WILSON,ROGER,roger.dale.wilson,01B,2/20/2024 15:50,Yes,91.15,367,93,92,90,92,
WITT,PHILIP,philip.witt,01C,2/5/2024 13:33,Yes,94.4136,373.19067,90.9975,90.09317,96.1,96,
WOOLFORD,ADAM,adam.c.woolford,01B,2/22/2024 10:10,Yes,94.6,377,92,94,95,96,
WU,ANSON,anson.wu,01D,1/25/2024 11:01,Yes,91.07597,370.0895,93.3985,92.798,87.893,96,
YATES,MAXWELL,maxwell.yates,01A,2/1/2024 11:01,Yes,95.4,381,93,93,95,100,
ZAMBRANA GONZALEZ,FRANKLIN,f.zambranagonzalez,01C,10/26/2023 6:09,Yes,90.27604,359.18858,91.2,91.995,91.99358,84,
