﻿"Last Name","First Name","Username","Learner ID","Last Access","Availability","Total [Total Pts: up to 699.96735 Score] |403058","C100F - Final Grade (Pass/Fail) [Total Pts: 100 Pass/Fail] |403063","C100A1 IDP [Total Pts: 100 Pass/Fail] |403070","C171A1 Argumentative Essay [Total Pts: 100 Pass/Fail] |403073","C172A1 Info Brief [Total Pts: 100 Pass/Fail] |403077","C400B1 Diagnostic Exam [Total Pts: 100 Score] |403080","F100B1 Pretest (U.S.) [Total Pts: 100 Score] |403081","F100B1 Pretest (IMS) [Total Pts: 100 Score] |403083","S100B1 Pretest [Total Pts: 99.96735 Pass/Fail] |403084"
"ACOSTAMATOS","MELVIN","melvin.acostamatos","06A","2024-02-05 10:47:46","Yes","496.92525","Pass","Pass","Pass","Pass","70.00","55.52","","Fail"
"ALDERMAN","JULIE","julie.alderman","06D","2024-05-28 11:25:10","Yes","429.98694","Pass","Pass","Pass","Pass","62.00","28.00","","Fail"
"ALDINGER","RUSSELL","russell.p.aldinger","06C","2024-01-03 12:00:44","Yes","504.19283","Pass","Pass","Pass","Pass","78.00","60.50","","Fail"
"ALNAJEM","EBRAHIM","ealnajem86@outlook.com","06D","2024-06-05 21:50:58","Yes","419.84968","Pass","Pass","Pass","Pass","52.00","","45.00","Fail"
"ARNOYS","MANUEL","manuel_arnoys@hotmail.com","06B","2024-04-24 15:53:28","Yes","498.33662","Pass","Pass","Pass","Pass","84.00","","64.50","Fail"
"BARCOMB","THOMAS","thomas.barcomb","06D","2024-01-08 20:25:43","Yes","512.40525","Pass","Pass","Pass","Pass","70.00","71.00","","Fail"
"BAWA'NEH","SHADI ADBELHALIM ABDALLA","shaddoy84@gmail.com","06A","2024-06-04 11:56:14","Yes","539.82009","Pass","Pass","Pass","Pass","86.00","","70.99","Pass"
"BERRY","SHAWN","shawn.e.berry2","06A","2024-02-13 08:28:26","Yes","448.05557","Pass","Pass","Pass","Pass","70.00","29.50","","Fail"
"BERZINA","IVETA","iveta79.il@gmail.com","06D","2024-04-24 21:07:31","Yes","417.38073","Pass","Pass","Pass","Pass","56.00","","24.25","Fail"
"Bliley","Mitch","mitchell.bliley","06D","2024-05-03 11:21:53","Yes","449.88073","Pass","Pass","Pass","Pass","72.00","40.75","","Fail"
"BOLDEN","JILL","jill.m.bolden","06C","2024-04-23 07:23:27","Yes","429.91831","Pass","Pass","Pass","Pass","58.00","40.50","","Fail"
"BORGSTROEM","DANIEL C U","daniel.borgstroem@gmail.com","06C","2024-04-30 22:15:34","Yes","476.28799","Pass","Pass","Pass","Pass","76.00","","46.02","Fail"
"BOURDEAU","MATTHEW","matthew.bourdeau","06A","2024-05-03 15:41:24","Yes","502.8642","Pass","Pass","Pass","Pass","74.00","71.74","","Fail"
"BROWNJOHNSON","COTRENA","cotrena.y.brown","06B","2024-04-22 19:58:53","Yes","433.54557","Pass","Pass","Pass","Pass","52.00","43.99","","Fail"
"CASTONGUAY","MORGAN","morgan.castonguay","06A","2024-04-19 06:28:52","Yes","489.16178","Pass","Pass","Pass","Pass","72.00","65.75","","Fail"
"CORNELL","ROBERT","robert.b.cornell","06C","2024-04-19 10:47:20","Yes","497.55557","Pass","Pass","Pass","Pass","84.00","65.00","","Fail"
"CRESCENCIO JUNIOR","ARMANDO","armecav@hotmail.com","06B","2024-01-05 08:34:25","Yes","521.4363","Pass","Pass","Pass","Pass","72.00","","74.75","Pass"
"CUTLIP","SHANE","shane.cutlip","06A","2024-05-30 08:53:58","Yes","479.34315","Pass","Pass","Pass","Pass","78.00","58.50","","Fail"
"DAIGLE","PETER","peter.m.daigle3","06B","2024-03-18 15:42:50","Yes","487.83662","Pass","Pass","Pass","Pass","72.00","64.00","","Fail"
"DANG","HOANG ""DATA""","hoang.h.dang","06C","2024-06-05 08:41:14","Yes","467.09315","Pass","Pass","Pass","Pass","70.00","54.25","","Fail"
"DE LA CRUZ","RONALD","ronald.delacruz1","06C","2024-05-09 15:59:15","Yes","485.47041","Pass","Pass","Pass","Pass","66.00","59.49","","Fail"
"DEETER","CATHERINE","catherine.deeter","06D","2024-03-17 15:32:05","Yes","479.76799","Pass","Pass","Pass","Pass","68.00","57.50","","Fail"
"DEROSA","MATTHEW","matthew.m.derosa2","06D","2024-04-29 08:42:45","Yes","489.26799","Pass","Pass","Pass","Pass","56.00","79.00","","Fail"
"GALLAGHER","MATTHEW","matthew.gallagher6","06C","2024-03-23 13:25:29","Yes","497.98041","Pass","Pass","Pass","Pass","80.00","58.00","","Fail"
"GLUTTING","NEAL","neal.f.glutting","06D","2024-04-23 11:57:28","Yes","558.58662","Pass","Pass","Pass","Pass","78.00","65.50","52.25","Fail"
"HAYNES","MICHAEL","michael.haynes6","06D","2023-11-22 18:47:19","Yes","475.78799","Pass","Pass","Pass","Pass","70.00","51.52","","Fail"
"HOOKS","CHRISTOPHER","christopher.i.hooks","06B","2024-04-27 11:43:43","Yes","492.33662","Pass","Pass","Pass","Pass","76.00","65.50","","Fail"
"HUSSEY","MICHAEL","michael.d.hussey","06C","2024-05-10 09:30:16","Yes","411.02452","Pass","Pass","Pass","Pass","28.00","48.75","","Fail"
"HUSTED","CHAUNCEY","chauncey.husted","06B","2023-11-08 11:29:04","Yes","448.04557","Pass","Pass","Pass","Pass","50.00","60.49","","Fail"
"JENKINS","KENNETH","kenneth.m.jenkins2","21A","2023-09-15 12:22:26","Yes","486.83662","Pass","Pass","Pass","Pass","76.00","48.00","","Fail"
"JONES","SCOTT","scott.r.jones","06C","2024-04-09 08:38:54","Yes","511.69283","Pass","Pass","Pass","Pass","78.00","68.00","","Fail"
"LAMPEN","JOSHUA","joshua.v.lampen","06D","2024-04-23 10:43:28","Yes","533.97388","Pass","Pass","Pass","Pass","80.00","74.00","","Pass"
"LANE","WILLIAM","william.t.lane","06D","2024-03-28 14:18:19","Yes","482.48694","Pass","Pass","Pass","Pass","74.00","68.50","","Fail"
"LOCKARD","PATRICK","patrick.lockard","06A","2023-11-16 17:48:44","Yes","481.91178","Pass","Pass","Pass","Pass","76.00","54.50","","Fail"
"LUBINSKI","MICHAEL","michael.lubinski1","06B","2024-06-03 09:03:57","Yes","377.52","Pass","Pass","Pass","Pass","52.00","39.52","",""
"MCLELLAN","JACOB","jacob.mclellan","06D","2024-04-23 15:28:27","Yes","474.26799","Pass","Pass","Pass","Pass","80.00","40.00","","Fail"
"MEHR","JAMES","james.edward.mehr","06D","2024-02-24 12:21:22","Yes","476.90178","Pass","Pass","Pass","Pass","78.00","47.49","","Fail"
"MEYER","BENJAMIN","benjamin.a.meyer","06B","2024-06-02 22:41:13","Yes","452.43178","Pass","Pass","Pass","Pass","58.00","57.02","","Fail"
"MOORE","PAUL","paul.a.moore3","06B","2024-05-06 09:29:14","Yes","471.57557","Pass","Pass","Pass","Pass","86.00","49.02","","Fail"
"NJEWA","JIMMY JIM","jimmynjewa@gmail.com","06A","2024-04-25 12:52:28","Yes","435.13073","Pass","Pass","Pass","Pass","52.00","","46.00","Fail"
"NOLAND","JOEL","joel.p.noland","06B","2023-11-28 15:00:21","Yes","482.48694","Pass","Pass","Pass","Pass","88.00","64.50","","Fail"
"OKEEFE","PATRICK","patrick.k.okeefe","20A","2024-05-16 16:50:03","Yes","533.76146","Pass","Pass","Pass","Pass","84.00","75.50","","Fail"
"OSTWALD","ABIGAIL","abigail.ostwald","06A","2024-05-13 07:35:21","Yes","506.09557","Pass","Pass","Pass","Pass","54.00","48.00","55.54","Fail"
"RIDDICK","JULIA","julia.k.steele","06C","2024-05-01 06:22:31","Yes","428.95589","Pass","Pass","Pass","Pass","68.00","35.25","","Fail"
"RITNOPPAKUN","CHRISTOPHER","c.ritnoppakun","06A","2024-03-05 14:52:53","Yes","473.19936","Pass","Pass","Pass","Pass","80.00","47.50","","Fail"
"RYAN","KEVIN","kevin.ryan13","06A","2024-02-12 08:55:25","Yes","428.63073","Pass","Pass","Pass","Pass","70.00","","21.50","Fail"
"SCHERER","LUCAS","lucas.s.scherer","06D","2023-08-31 08:26:16","Yes","461.07557","Pass","Pass","Pass","Pass","70.00","42.52","","Fail"
"SCHWARTZ","DEREK","derek.ryan.schwartz","06B","2023-08-30 11:58:13","Yes","476.6242","Pass","Pass","Pass","Pass","74.00","55.50","","Fail"
"SPICKARD","MICHAEL","michael.spickard","06C","2024-04-26 12:59:28","Yes","438.91831","Pass","Pass","Pass","Pass","60.00","47.50","","Fail"
"Stavros","DJay","djay.t.stavros","06A","2024-02-23 21:59:48","Yes","476.05557","Pass","Pass","Pass","Pass","68.00","59.50","","Fail"
"STOUT","AARON","aaron.j.stout","06A","2023-11-28 07:55:20","Yes","480.28799","Pass","Pass","Pass","Pass","68.00","58.02","","Fail"
"SWETT","ANDREA","andrea.l.swett","06B","2023-11-08 11:24:04","Yes","412.48694","Pass","Pass","Pass","Pass","66.00","20.50","","Fail"
"TILLEY","SHARLENE","sharlene.i.tilley","06A","2024-05-29 22:35:13","Yes","447.59557","Pass","Pass","Pass","Pass","46.00","","53.04","Fail"
"TOLAND","MICHAEL","michael.p.toland","06B","2024-05-06 18:26:57","Yes","491.06904","Pass","Pass","Pass","Pass","74.00","59.52","","Fail"
"VANDERVORT","MAX","max.vandervort","06A","2024-01-25 08:21:20","Yes","470.75799","Pass","Pass","Pass","Pass","66.00","50.49","","Fail"
"VANENGEL","JOANNA","joanna.m.vanengel","06B","2024-04-28 11:46:32","Yes","461.00","Pass","Pass","Pass","Pass","94.00","74.00","",""
"WINGARD","JAMES","james.h.wingard","06C","2024-04-23 08:14:28","Yes","426.83315","Pass","Pass","Pass","Pass","42.00","41.99","","Fail"
"WITKOWSKI","TOM","thomas.witkowski2","06C","2024-05-06 12:19:55","Yes","475.26799","Pass","Pass","Pass","Pass","68.00","53.00","","Fail"
"WITTMEYER","COLLIN","collin.wittmeyer","06B","2024-04-22 13:13:47","Yes","300.00","Pass","Pass","Pass","Pass","","","",""
"WOODS","STEVEN","steven.woods8","06C","2023-10-04 19:15:44","Yes","456.65073","Pass","Pass","Pass","Pass","66.00","53.52","","Fail"
