﻿"Last Name","First Name","Username","Learner ID","Last Access","Availability","Total [Total Pts: up to 699.96735 Score] |403142","C100F - Final Grade (Pass/Fail) [Total Pts: 100 Pass/Fail] |403147","C100A1 IDP [Total Pts: 100 Pass/Fail] |403154","C171A1 Argumentative Essay [Total Pts: 100 Pass/Fail] |403157","C172A1 Info Brief [Total Pts: 100 Pass/Fail] |403161","C400B1 Diagnostic Exam [Total Pts: 100 Score] |403164","F100B1 Pretest (U.S.) [Total Pts: 100 Score] |403165","F100B1 Pretest (IMS) [Total Pts: 100 Score] |403167","S100B1 Pretest [Total Pts: 99.96735 Score] |403168"
"ADAMS","AARON","aaron.a.adams1","09C","2023-10-17 21:08:29","Yes","462.41178","Pass","Pass","Pass","Pass","60.00","51.00","","51.41178"
"ALEXIS","GRANT","grant.t.alexis","09D","2023-11-04 11:46:41","Yes","376.01799","","Pass","Pass","Pass","60.00","61.75","","54.26799"
"ALGHAREEB","MOHAMMAD A M KHI","q8trip89@gmail.com","09A","2024-05-05 11:37:55","Yes","409.41831","Pass","Pass","Pass","Pass","48.00","","30.00","31.41831"
"ALPERT","ALEXANDER","alexander.alpert","09B","2024-04-25 10:38:31","Yes","499.76799","Pass","Pass","Pass","Pass","84.00","61.50","","54.26799"
"BITCA","SIMION","bitcasimion@gmail.com","09C","2024-01-23 16:06:57","Yes","450.73694","Pass","Pass","Pass","Pass","66.00","","44.75","39.98694"
"BLAIR","T.","taylor.blair","09A","2023-12-14 16:16:47","Yes","495.00041","Pass","Pass","Pass","Pass","76.00","59.02","","59.98041"
"CLAYPOOL","EUGENE","ej.claypool","09D","2024-04-29 16:20:31","Yes","490.1242","Pass","Pass","Pass","Pass","74.00","59.00","","57.1242"
"COE","PATRICK","patrick.f.coe","21A","2023-11-15 20:18:06","Yes","504.28799","Pass","Pass","Pass","Pass","78.00","72.02","","54.26799"
"CRISE","ADAM","adam.m.crise","09A","2024-03-17 16:55:49","Yes","492.26799","Pass","Pass","Pass","Pass","72.00","66.00","","54.26799"
"DRAKE","CHAD","chad.jamison.drake","09B","2024-04-25 10:53:31","Yes","465.34315","Pass","Pass","Pass","Pass","66.00","56.50","","42.84315"
"DUBOSE","GREGORY","gregory.f.dubose","09D","2023-10-18 23:51:38","Yes","444.98694","Pass","Pass","Pass","Pass","74.00","31.00","","39.98694"
"EGERTON","GAVIN","gav_egerton@hotmail.com","09B","2024-04-09 21:31:38","Yes","524.76799","Pass","Pass","Pass","Pass","92.00","","78.50","54.26799"
"ENGEL","JESSICA","jessica.letarte","09C","2024-05-30 10:18:10","Yes","464.34315","Pass","Pass","Pass","Pass","82.00","39.50","","42.84315"
"FAIRCHILD","SKYLAR","skylar.a.fairchild","09B","2023-10-03 20:57:44","Yes","452.05557","Pass","Pass","Pass","Pass","60.00","43.50","","48.55557"
"FELICIANO-VELTZE","ALEXANDRA","alexandra.c.feliciano","09B","2023-11-21 08:30:19","Yes","447.96936","Pass","Pass","Pass","Pass","68.00","34.27","","45.69936"
"FERGUSON","AARON","aaron.ferguson1","09A","2023-11-17 08:22:09","Yes","471.41178","Pass","Pass","Pass","Pass","72.00","48.00","","51.41178"
"FRAZIER","LUKE","luke.frazier","09C","2024-02-09 09:33:24","Yes","445.07557","Pass","Pass","Pass","Pass","58.00","38.52","","48.55557"
"FRAZIER","SALENA","salena.vang","09A","2024-05-02 18:53:53","Yes","485.55557","Pass","Pass","Pass","Pass","76.00","61.00","","48.55557"
"GERDES","TYSON","tyson.gerdes","09A","2024-04-03 11:58:53","Yes","459.51799","Pass","Pass","Pass","Pass","70.00","35.25","","54.26799"
"GRANT","PHILIP","philip.n.grant","09A","2024-01-11 11:10:21","Yes","485.54557","Pass","Pass","Pass","Pass","66.00","70.99","","48.55557"
"HEIDEMAN","DUSTIN","dustin.g.heideman","09A","2024-04-18 14:51:45","Yes","450.75694","Pass","Pass","Pass","Pass","60.00","50.77","","39.98694"
"HORNING","STEPHEN","stephen.horning","09D","2024-02-28 19:46:47","Yes","460.50694","Pass","Pass","Pass","Pass","72.00","48.52","","39.98694"
"HORRELL","ALEXANDER","alexander.c.horrell","09B","2024-05-29 09:41:22","Yes","487.73041","Pass","Pass","Pass","Pass","60.00","67.75","","59.98041"
"HUMPHREY","ROBBIE","robbie.humphrey","09C","2024-05-23 14:32:54","Yes","462.73694","Pass","Pass","Pass","Pass","58.00","64.75","","39.98694"
"JACKSON","JORDAN","jordan.l.jackson","09C","2024-02-09 19:24:20","Yes","462.23694","Pass","Pass","Pass","Pass","66.00","56.25","","39.98694"
"KEARNEY","ROBERT","robert.a.kearney2","09A","2023-11-10 10:17:23","Yes","451.01799","Pass","Pass","Pass","Pass","50.00","46.75","","54.26799"
"KELLY","AMANDA","amanda.l.oleary","09D","2024-04-22 04:36:47","Yes","482.91178","Pass","Pass","Pass","Pass","68.00","63.50","","51.41178"
"KIM","TAE HYUN","c15962@gmail.com","09B","2024-01-30 10:23:24","Yes","505.30799","Pass","Pass","Pass","Pass","90.00","","61.04","54.26799"
"KOVITCH","TREVOR","trevor.kovitch","09B","2024-04-25 08:30:30","Yes","481.98041","Pass","Pass","Pass","Pass","72.00","50.00","","59.98041"
"KRAEMER","DOUGLAS","douglas.p.kraemer","09B","2024-03-04 11:36:34","Yes","487.1442","Pass","Pass","Pass","Pass","70.00","60.02","","57.1242"
"LACHGAR","ABDELHADI","imadilaf84@gmail.com","09A","2023-09-26 13:44:31","Yes","444.73694","Pass","Pass","Pass","Pass","60.00","","44.75","39.98694"
"LEE","JESSICA","jessica.h.lee","09C","2024-02-18 20:54:57","Yes","495.33662","Pass","Pass","Pass","Pass","72.00","60.50","","62.83662"
"LIKES","MATTHEW","matt.likes","09D","2024-04-01 13:29:27","Yes","477.55557","Pass","Pass","Pass","Pass","68.00","61.00","","48.55557"
"LILLEY","DANIEL","daniel.d.lilley","09B","2023-11-30 13:39:32","Yes","498.1242","Pass","Pass","Pass","Pass","78.00","63.00","","57.1242"
"LINDER","MICHAEL","micha.linder@gmx.de","09D","2024-05-09 08:08:06","Yes","441.55557","Pass","Pass","Pass","Pass","62.00","","31.00","48.55557"
"MARSHALL","NATASHA","natasha.krupsky","09D","2024-05-29 07:22:53","Yes","477.26799","Pass","Pass","Pass","Pass","76.00","47.00","","54.26799"
"MATHEWS","MITCHELL","mitchell.mathews","09D","2023-10-26 15:09:42","Yes","469.78799","Pass","Pass","Pass","Pass","50.00","65.52","","54.26799"
"MCCREARY","STEVEN","steven.v.mccreary","09C","2023-12-21 09:51:24","Yes","488.47388","Pass","Pass","Pass","Pass","72.00","36.50","","79.97388"
"MCKNIGHT","IAN","ian.e.mcknight","09C","2024-02-12 12:05:12","Yes","476.34315","Pass","Pass","Pass","Pass","76.00","57.50","","42.84315"
"MILLS","RICHARD","richard.m.mills","09A","2024-02-01 10:19:16","Yes","447.76452","Pass","Pass","Pass","Pass","64.00","49.49","","34.27452"
"MONTGOMERY","JESSE","jesse.i.montgomery","09D","2024-04-16 07:13:56","Yes","480.78799","Pass","Pass","Pass","Pass","72.00","54.52","","54.26799"
"PARK","NICHOLAS","nicholas.e.park","09A","2023-11-07 15:47:14","Yes","469.73041","Pass","Pass","Pass","Pass","70.00","39.75","","59.98041"
"RENO","BRYAN","bryan.s.reno","09D","2024-04-11 11:20:46","Yes","465.98041","Pass","Pass","Pass","Pass","64.00","42.00","","59.98041"
"RICHARDS","PAUL","paul.d.richards","09D","2023-09-26 23:04:36","Yes","463.41178","Pass","Pass","Pass","Pass","72.00","40.00","","51.41178"
"RIGDON","MATHEW","mathew.rigdon","20A","2023-10-10 07:52:27","Yes","502.1242","Pass","Pass","Pass","Pass","78.00","67.00","","57.1242"
"RODRIGUEZ","SERGIO","sergio.r.rodriguez","09B","2024-05-17 11:30:22","Yes","466.19936","Pass","Pass","Pass","Pass","60.00","60.50","","45.69936"
"RUHL","JOHN","john.f.ruhl","09C","2023-11-17 06:53:13","Yes","478.3742","Pass","Pass","Pass","Pass","74.00","47.25","","57.1242"
"SA","MINH NGOC","sangoc.vndpko@gmail.com","09D","2024-05-01 16:26:48","Yes","478.55557","Pass","Pass","Pass","Pass","72.00","","58.00","48.55557"
"SMITH","HANNAH","hannah.m.smith","20A","2024-05-09 17:20:15","Yes","473.98041","Pass","Pass","Pass","Pass","68.00","46.00","","59.98041"
"STRECK","KELLY","kelly.t.streck","09D","2024-01-08 13:26:20","Yes","475.83662","Pass","Pass","Pass","Pass","60.00","53.00","","62.83662"
"TAYLOR","LAMAREN","lamaren.q.taylor","09C","2024-03-18 08:53:49","Yes","445.01799","Pass","Pass","Pass","Pass","56.00","34.75","","54.26799"
"TINDALL","PAUL","paul.n.tindall","09C","2024-04-23 12:51:29","Yes","468.13073","Pass","Pass","Pass","Pass","68.00","63.00","","37.13073"
"TRESNAK","MAX","max.j.tresnak","09B","2024-04-11 15:29:43","Yes","463.6242","Pass","Pass","Pass","Pass","66.00","","40.50","57.1242"
"TURPIN","ANDREW","andrew.turpin","09D","2023-11-08 16:29:13","Yes","477.30557","Pass","Pass","Pass","Pass","68.00","60.75","","48.55557"
"VASILIAUSKAS","EDVARDAS","edvardas.vasiliauskas@gmail.com","09C","2024-04-27 17:21:30","Yes","463.8742","Pass","Pass","Pass","Pass","70.00","","36.75","57.1242"
"WALSH","JOSHUA","joshua.l.walsh","09A","2024-02-22 20:08:21","Yes","466.05557","Pass","Pass","Pass","Pass","60.00","57.50","","48.55557"
"WALTERS","ALEXANDER","alexander.m.walters","09C","2023-10-21 16:58:07","Yes","466.98041","Pass","Pass","Pass","Pass","66.00","41.00","","59.98041"
"WILSON","CARDIA","cardia.wilson","09B","2024-01-26 09:03:19","Yes","410.08315","Pass","Pass","Pass","Pass","36.00","31.24","","42.84315"
"WOLFGANG","DUSTIN","dustin.wolfgang","09C","2024-05-03 21:09:24","Yes","506.41178","Pass","Pass","Pass","Pass","82.00","73.00","","51.41178"
