﻿"Last Name","First Name","Username","Learner ID","Last Access","Availability","Total [Total Pts: up to 699.96735 Score] |403282","C100F - Final Grade (Pass/Fail) [Total Pts: 100 Pass/Fail] |403287","C100A1 IDP [Total Pts: 100 Pass/Fail] |403294","C171A1 Argumentative Essay [Total Pts: 100 Pass/Fail] |403297","C172A1 Info Brief [Total Pts: 100 Pass/Fail] |403301","C400B1 Diagnostic Exam [Total Pts: 100 Score] |403304","F100B1 Pretest (U.S.) [Total Pts: 100 Score] |403305","F100B1 Pretest (IMS) [Total Pts: 100 Score] |403307","S100B1 Pretest [Total Pts: 99.96735 Score] |403308"
"Balzer","Alyssa","alyssa.h.balzer","14B","2024-05-05 18:59:57","Yes","481.79904","Pass","Pass","Pass","Pass","74.00","51.25","","68.54904"
"BARAJAS","JAVIER","javier.barajas","14C","2024-03-13 13:34:33","Yes","402.90831","Pass","Pass","Pass","Pass","56.00","15.49","","31.41831"
"BARNETT","TACORI","tacori.r.barnett","14B","2024-01-31 13:04:42","Yes","447.55557","Pass","Pass","Pass","Pass","66.00","48.00","","48.55557"
"BARRETT","JACOB","jacob.m.barrett","14C","2023-12-30 09:04:08","Yes","463.69936","Pass","Pass","Pass","Pass","72.00","46.00","","45.69936"
"BERGEN","ERIK","erik.a.bergen","14A","2023-11-01 12:10:13","Yes","469.69936","Pass","Pass","Pass","Pass","56.00","68.00","","45.69936"
"BRIGGS","DEREK","derek.c.briggs","14C","2023-11-22 08:59:19","Yes","497.33662","Pass","Pass","Pass","Pass","74.00","60.50","","62.83662"
"BRUGLER","MAX","max.a.brugler","14B","2024-04-01 14:11:02","Yes","451.07557","Pass","Pass","Pass","Pass","66.00","51.52","","48.55557"
"BURKETT","WILMER","wilmer.burkett","14B","2024-05-30 09:00:04","Yes","428.77452","Pass","Pass","Pass","Pass","64.00","45.50","","34.27452"
"CALLAHAN","KYLE","kyle.callahan","14C","2024-06-08 08:24:08","Yes","454.59315","Pass","Pass","Pass","Pass","70.00","41.75","","42.84315"
"CAMPBELL","COLE","cole.c.campbell","14D","2023-11-09 14:43:24","Yes","466.33662","Pass","Pass","Pass","Pass","68.00","35.50","","62.83662"
"CANTLER","SETH","seth.cantler","14B","2024-05-22 14:08:19","Yes","442.36315","Pass","Pass","Pass","Pass","60.00","50.52","","42.84315"
"CASHION","MASON","mason.cashion","14C","2023-11-07 15:12:18","Yes","490.48041","Pass","Pass","Pass","Pass","74.00","56.50","","59.98041"
"COLLINS","DAVID","david.collins10","14A","2023-11-15 07:25:33","Yes","459.98694","Pass","Pass","Pass","Pass","66.00","54.00","","39.98694"
"COX","WESLEY","wesley.o.cox","14C","2024-02-21 08:19:09","Yes","468.88073","Pass","Pass","Pass","Pass","70.00","61.75","","37.13073"
"CRAWFORD","BRUCE","bruce.t.crawford","14A","2024-01-11 12:50:28","Yes","487.98041","Pass","Pass","Pass","Pass","64.00","64.00","","59.98041"
"DAVIES","SETH","seth.e.davies","14A","2023-11-07 17:28:17","Yes","458.19936","Pass","Pass","Pass","Pass","78.00","34.50","","45.69936"
"DAWSON","TY","ty.r.dawson","20A","2024-02-23 21:58:22","Yes","466.91178","Pass","Pass","Pass","Pass","80.00","35.50","","51.41178"
"DREW","ABIGAIL","abigail.e.drew","14B","2024-03-13 13:56:53","Yes","491.91178","Pass","Pass","Pass","Pass","86.00","66.50","","51.41178"
"Ginther","Jeffrey","jeffrey.a.ginther","14A","2024-04-15 21:51:54","Yes","470.59315","Pass","Pass","Pass","Pass","68.00","59.75","","42.84315"
"HARPER","BENJAMIN","benjamin.c.harper","14A","2024-04-01 12:50:05","Yes","486.97041","Pass","Pass","Pass","Pass","70.00","56.99","","59.98041"
"HECKEL","CHRISTIAN","christian.heckel","14D","2024-05-30 06:57:09","Yes","476.76799","Pass","Pass","Pass","Pass","74.00","48.50","","54.26799"
"HERMAN","JARED","jared.herman","14D","2024-01-25 08:17:20","Yes","479.98041","Pass","Pass","Pass","Pass","62.00","58.00","","59.98041"
"HERNANDEZ","SHELBEE","shelbee.r.cowart","14C","2023-08-25 12:26:54","Yes","454.34315","Pass","Pass","Pass","Pass","58.00","53.50","","42.84315"
"HONORATO","FELIPE","fgfhonorato@gmail.com","14C","2024-05-17 15:25:07","Yes","449.83662","Pass","Pass","Pass","Pass","78.00","","9.00","62.83662"
"JIANG","JIAN-LIANG","rextothebit@gmail.com","14C","2024-05-29 11:28:56","Yes","447.84315","Pass","Pass","Pass","Pass","70.00","35.00","","42.84315"
"JOHNSON","NICHOLAS","nicholas.r.johnson","14D","2024-04-05 16:53:34","Yes","494.04904","Pass","Pass","Pass","Pass","68.00","57.50","","68.54904"
"KANE","IBRAHIMA","p.i.kane@hotmail.fr","14A","2023-11-06 17:35:18","Yes","442.58315","Pass","Pass","Pass","Pass","56.00","","43.74","42.84315"
"KELLER","JOSHUA","joshua.j.keller","21A","2024-05-21 14:24:09","Yes","464.58662","Pass","Pass","Pass","Pass","72.00","42.75","","62.83662"
"KHAN","SAAD HAYAT","saadhayatkhan89@gmail.com","14A","2024-01-07 21:42:42","Yes","531.97388","Pass","Pass","Pass","Pass","64.00","","88.00","79.97388"
"KNABEL","ROBERT","robert.f.knabel","14A","2023-11-16 10:13:43","Yes","461.71283","Pass","Pass","Pass","Pass","60.00","36.02","","65.69283"
"KONDRATENKO","DMITRI","dimitry.kondratenko@gmail.com","14B","2024-03-28 10:08:02","Yes","455.75799","Pass","Pass","Pass","Pass","76.00","","40.49","54.26799"
"LANGEL","LISA","lisa.langel","14B","2024-03-27 14:27:30","Yes","436.57557","Pass","Pass","Pass","Pass","52.00","51.02","","48.55557"
"LANTER","MATHEW","mathew.m.lanter","14A","2024-01-21 10:43:10","Yes","509.33662","Pass","Pass","Pass","Pass","74.00","72.50","","62.83662"
"LAYTON","ZACHARY","zach.layton","14A","2024-04-03 10:16:04","Yes","489.33662","Pass","Pass","Pass","Pass","72.00","54.50","","62.83662"
"LOPEZ","ENRIQUE","enrique.lopezjr","14C","2024-04-01 19:16:56","Yes","416.33315","Pass","Pass","Pass","Pass","46.00","27.49","","42.84315"
"LOWE","DANIEL","daniel.g.lowe","14C","2023-12-06 09:33:34","Yes","429.59315","Pass","Pass","Pass","Pass","54.00","","32.75","42.84315"
"MARTINEZ","JOVAN","jovan.martinez","14C","2024-05-09 21:36:06","Yes","455.41178","Pass","Pass","Pass","Pass","52.00","52.00","","51.41178"
"McFadden","Nathan","nathan.mcfadden","21A","2023-11-06 10:41:17","Yes","519.83662","Pass","Pass","Pass","Pass","68.00","89.00","","62.83662"
"MILLS","JOSHUA","joshua.matthew.mills","14D","2024-05-29 08:12:56","Yes","487.6242","Pass","Pass","Pass","Pass","76.00","54.50","","57.1242"
"MOE","BENJAMIN","benjamin.f.moe","14B","2023-11-16 10:32:13","Yes","470.32662","Pass","Pass","Pass","Pass","68.00","54.49","","62.83662"
"MOORE","KELLY ANN","kellyann.m.moore","14A","2023-11-03 10:04:41","Yes","440.86315","Pass","Pass","Pass","Pass","68.00","30.02","","42.84315"
"MORTON","ANDREW","andrew.c.morton4","14B","2024-05-30 09:32:30","Yes","425.69936","Pass","Pass","Pass","Pass","62.00","33.00","","45.69936"
"NAKAHAMA","NAOYA","naoya.nakahama@outlook.jp","14B","2024-05-31 17:05:31","Yes","420.05557","Pass","Pass","Pass","Pass","72.00","","15.50","48.55557"
"ORR","DOUGLAS","douglas.m.orr","14C","2024-01-24 11:11:06","Yes","465.41178","Pass","Pass","Pass","Pass","58.00","56.00","","51.41178"
"PADILLA","ARELIS","arelis.padilla","14A","2024-05-15 06:32:09","Yes","467.55557","Pass","Pass","Pass","Pass","74.00","45.00","","48.55557"
"PEATT","WOODROW","woodrow.j.peatt","14C","2024-04-02 05:48:52","Yes","431.91831","Pass","Pass","Pass","Pass","62.00","38.50","","31.41831"
"PEREZ","JESENIA","jesenia.perez1","14C","2024-05-29 23:09:56","Yes","442.13073","Pass","Pass","Pass","Pass","64.00","41.00","","37.13073"
"PERNIA","JOSE","jose.e.pernia","14A","2024-03-06 07:37:36","Yes","503.16178","Pass","Pass","Pass","Pass","84.00","67.75","","51.41178"
"PURUGGANAN","PEPITO","pepito.purugganan","14D","2024-06-05 11:09:58","Yes","442.52452","Pass","Pass","Pass","Pass","52.00","56.25","","34.27452"
"RAMIREZ","KAYLEE","kaylee.radzyminski","14D","2024-05-23 11:12:53","Yes","481.69936","Pass","Pass","Pass","Pass","84.00","52.00","","45.69936"
"RETSCH","CHRISTOPHER","christopher.retsch","14D","2024-04-08 08:00:37","Yes","494.41178","Pass","Pass","Pass","Pass","74.00","69.00","","51.41178"
"Sakamoto","Yohei","yohei.sakamoto","14B","2024-01-23 17:51:07","Yes","434.61315","Pass","Pass","Pass","Pass","60.00","43.77","","42.84315"
"SHORKEY","CURTISS","curtiss.shorkey","14A","2023-10-05 13:27:23","Yes","490.34315","Pass","Pass","Pass","Pass","72.00","75.50","","42.84315"
"SHUMAR","THOMAS","thomas.shumar","14B","2023-09-01 16:03:14","Yes","459.76799","Pass","Pass","Pass","Pass","70.00","52.50","","54.26799"
"SKAGEN","ERLEND","erlend.skagen@gmail.com","14D","2024-01-18 19:27:08","Yes","414.55557","Pass","Pass","Pass","Pass","52.00","","14.00","48.55557"
"SOUTHWORTH","RYAN","ryan.s.southworth","14D","2024-01-02 11:31:27","Yes","456.41831","Pass","Pass","Pass","Pass","72.00","53.00","","31.41831"
"SPANN","DELRISHA","risha.spann","14D","2024-04-04 22:11:06","Yes","461.90178","Pass","Pass","Pass","Pass","76.00","34.49","","51.41178"
"SUMAIR","RAJINDER","rajinder.sumair","14B","2023-11-16 18:12:13","Yes","421.93831","Pass","Pass","Pass","Pass","58.00","43.52","","31.41831"
"Tudor","Daniel","daniel.r.tudor","14D","2024-04-30 08:51:33","Yes","490.48041","Pass","Pass","Pass","Pass","74.00","56.50","","59.98041"
