﻿"Last Name","First Name","Username","Learner ID","Last Access","Availability","Total [Total Pts: up to 699.96735 Score] |403114","C100F - Final Grade (Pass/Fail) [Total Pts: 100 Pass/Fail] |403119","C100A1 IDP [Total Pts: 100 Pass/Fail] |403126","C171A1 Argumentative Essay [Total Pts: 100 Pass/Fail] |403129","C172A1 Info Brief [Total Pts: 100 Pass/Fail] |403133","C400B1 Diagnostic Exam [Total Pts: 100 Score] |403136","F100B1 Pretest (U.S.) [Total Pts: 100 Score] |403137","F100B1 Pretest (IMS) [Total Pts: 100 Score] |403139","S100B1 Pretest [Total Pts: 99.96735 Score] |403140"
"ARMIJO","AMANDA","amanda.l.armijo","08A","2023-11-21 10:52:13","Yes","425.13073","Pass","Pass","Pass","Pass","40.00","48.00","","37.13073"
"BANGERT","JONATHAN","jonathan.bangert","08A","2023-11-05 16:38:13","Yes","546.41178","Pass","Pass","Pass","Pass","72.00","56.00","67.00","51.41178"
"BAXTER","CHRISTOPHER","christopher.w.baxter","08B","2024-03-20 10:15:50","Yes","503.01146","Pass","Pass","Pass","Pass","80.00","48.75","","74.26146"
"BEAK","ALEXANDER","alex.beak","08B","2024-03-20 10:59:03","Yes","440.27452","Pass","Pass","Pass","Pass","54.00","52.00","","34.27452"
"BEITZ","ADAM","adam.beitz","08C","2024-04-24 09:50:28","Yes","484.26799","Pass","Pass","Pass","Pass","78.00","52.00","","54.26799"
"BOWLING","JOHN","john.b.bowling","08D","2024-04-17 13:54:55","Yes","458.19936","Pass","Pass","Pass","Pass","58.00","54.50","","45.69936"
"BRAMER","MICHAEL","michael.bramer1","08C","2024-05-06 08:53:14","Yes","445.69936","Pass","Pass","Pass","Pass","52.00","48.00","","45.69936"
"BROWN","STEVE","steve.brown18","08A","2023-11-16 11:11:13","Yes","491.48041","Pass","Pass","Pass","Pass","66.00","65.50","","59.98041"
"BURNETT","DEJAUN","dejaun.j.burnett","08D","2024-05-30 10:08:10","Yes","456.84315","Pass","Pass","Pass","Pass","66.00","48.00","","42.84315"
"CETIN","METIN","cetinmetin2010@hotmail.com","08C","2024-05-23 10:55:53","Yes","472.43178","Pass","Pass","Pass","Pass","64.00","","57.02","51.41178"
"CHAMBERS","KYLE","kyle.f.chambers","08D","2024-01-18 15:15:08","Yes","499.6242","Pass","Pass","Pass","Pass","78.00","64.50","","57.1242"
"COX","ALAN","alan.james.cox","08D","2024-04-12 09:06:47","Yes","420.19936","Pass","Pass","Pass","Pass","42.00","32.50","","45.69936"
"DEEGAN","MICHELE","michele.r.deegan","08B","2024-03-31 12:26:15","Yes","450.18936","Pass","Pass","Pass","Pass","66.00","38.49","","45.69936"
"DELGADO","STEVEN","steven.p.delgado","08A","2024-06-03 10:22:32","Yes","412.25","Pass","Pass","Pass","Pass","80.00","32.25","",""
"DICK","JACKSON","jackson.dick","08B","2024-06-03 05:41:13","Yes","495.69936","Pass","Pass","Pass","Pass","86.00","64.00","","45.69936"
"EDSON","JUSTIN","justin.m.edson","08D","2024-06-09 18:08:09","Yes","480.69936","Pass","Pass","Pass","Pass","74.00","61.00","","45.69936"
"EL HANSER","MOURAD","mourad.elhanser@gmail.com","08A","2024-01-07 12:31:19","Yes","445.55557","Pass","Pass","Pass","Pass","58.00","","39.00","48.55557"
"FELIX","ROBERT","robert.r.felix","08C","2023-11-02 14:30:37","Yes","458.63073","Pass","Pass","Pass","Pass","88.00","33.50","","37.13073"
"FERNANDEZ","ADRIEL","adriel.n.fernandez","08B","2024-06-04 07:00:13","Yes","506.98041","Pass","Pass","Pass","Pass","80.00","67.00","","59.98041"
"FLATZ","JACOB","jacob.s.flatz","08A","2024-05-03 12:14:24","Yes","470.51799","Pass","Pass","Pass","Pass","74.00","42.25","","54.26799"
"FLORI","ALEXANDER","alexander.d.flori","08B","2023-12-08 11:38:20","Yes","492.98041","Pass","Pass","Pass","Pass","76.00","57.00","","59.98041"
"FONG","JONATHAN","jonathan.fong","08C","2024-05-04 07:52:12","Yes","481.41178","Pass","Pass","Pass","Pass","54.00","76.00","","51.41178"
"FRUCI","DOMENIC","domenic.fruci","08D","2024-05-06 15:13:15","Yes","468.88073","Pass","Pass","Pass","Pass","66.00","","65.75","37.13073"
"GARMOE","STEVEN","steven.garmoe","08B","2024-03-20 10:57:03","Yes","456.69936","Pass","Pass","Pass","Pass","76.00","35.00","","45.69936"
"GARRISON","BRYCE","bryce.s.garrison2","08C","2024-02-15 08:24:56","Yes","442.13073","Pass","Pass","Pass","Pass","50.00","55.00","","37.13073"
"GARZA","SAMUEL","samuel.garza4","08C","2024-04-11 17:22:41","Yes","491.98041","Pass","Pass","Pass","Pass","82.00","50.00","","59.98041"
"GENAO","ALYCIA","alycia.r.genao","08A","2024-05-28 11:58:10","Yes","406.72589","Pass","Pass","Pass","Pass","60.00","21.02","","25.70589"
"GOLDEN","MICHAEL","michael.golden6","08C","2023-12-06 10:54:34","Yes","452.00694","Pass","Pass","Pass","Pass","66.00","46.02","","39.98694"
"HANNA","DYLAN","dylan.cash.hanna","08D","2024-03-21 11:40:30","Yes","488.76799","Pass","Pass","Pass","Pass","88.00","46.50","","54.26799"
"HEISER","JENNIFER","jennifer.l.bryer","08C","2024-05-01 08:10:31","Yes","478.93178","Pass","Pass","Pass","Pass","62.00","","65.52","51.41178"
"HOLMES","ERIC","eric.j.holmes","08D","2023-11-09 14:39:04","Yes","480.50","Pass","Pass","Pass","Pass","62.00","62.00","56.50",""
"JIEZNIENE","LINA","kievisaite@gmail.com","08D","2023-11-20 07:00:45","Yes","544.54251","Pass","Pass","Pass","Pass","92.00","","64.00","88.54251"
"KASSENOV","BAUYZHAN","kassenovbaurzhan90@gmail.com","08A","2024-03-20 11:29:50","Yes","473.68178","Pass","Pass","Pass","Pass","74.00","","48.27","51.41178"
"KIAMBU","TITI","kiambutiti@gmail.com","08B","2024-05-13 18:37:17","Yes","433.54557","Pass","Pass","Pass","Pass","64.00","","20.99","48.55557"
"KIM","HYUN SIK","gustlrdl3000@gmail.com","08B","2024-02-12 12:34:12","Yes","474.51799","Pass","Pass","Pass","Pass","62.00","","58.25","54.26799"
"KOEPPE","JOSHUA","joshua.koeppe","08A","2024-02-08 12:50:24","Yes","451.00694","Pass","Pass","Pass","Pass","80.00","31.02","","39.98694"
"LANKFORD","CHRIS","christopher.lankford","08B","2023-11-15 18:58:06","Yes","458.21936","Pass","Pass","Pass","Pass","64.00","48.52","","45.69936"
"LIJEWSKI","CATHERINE","catherine.c.lijewski","08D","2024-04-26 08:28:28","Yes","462.41178","Pass","Pass","Pass","Pass","60.00","51.00","","51.41178"
"LOVEWELL","BLYTHE","blythe.schultz","08C","2023-11-15 10:55:33","Yes","452.90831","Pass","Pass","Pass","Pass","82.00","","39.49","31.41831"
"MALONEY","KATRINA","katrina.m.maloney","08D","2023-11-16 15:07:13","Yes","429.50694","Pass","Pass","Pass","Pass","54.00","35.52","","39.98694"
"MCCARTHY","SEAN","sean.p.mccarthy3","08B","2023-11-03 12:07:37","Yes","502.54904","Pass","Pass","Pass","Pass","74.00","60.00","","68.54904"
"MCDONALD","MITCHELL","mitchell.d.mcdonald","08A","2024-03-03 08:10:28","Yes","449.51452","Pass","Pass","Pass","Pass","66.00","49.24","","34.27452"
"MOTOFELEA","GRIGORE-DAN","grigoremotofelea@gmail.com","08C","2024-06-01 11:27:58","Yes","448.46936","Pass","Pass","Pass","Pass","58.00","","44.77","45.69936"
"MYERS","KYLE","kyle.a.myers","08D","2023-11-09 08:19:23","Yes","528.11767","Pass","Pass","Pass","Pass","74.00","77.00","","77.11767"
"OSMAN","ABIGAIL","abigail.osman","08B","2024-02-12 08:44:08","Yes","471.00","Pass","Pass","Pass","Pass","74.00","47.00","","50.00"
"PARCHERT","LINCOLN","lincoln.parchert","08A","2024-02-08 10:53:11","Yes","493.6242","Pass","Pass","Pass","Pass","76.00","60.50","","57.1242"
"PETERSON","CODY","cody.a.peterson","08B","2023-11-30 14:25:32","Yes","472.30557","Pass","Pass","Pass","Pass","68.00","55.75","","48.55557"
"RALSTON","ELLIOTT","elliott.ralston","08C","2024-04-17 08:59:59","Yes","472.83662","Pass","Pass","Pass","Pass","62.00","48.00","","62.83662"
"SERVIN","MILTHON","milthon.a.servin","08B","2024-01-10 14:52:21","Yes","537.1242","Pass","Pass","Pass","Pass","64.00","58.00","58.00","57.1242"
"SHINEGO","GREGORY","gregory.m.shinego","08D","2024-02-21 09:37:10","Yes","431.77452","Pass","Pass","Pass","Pass","50.00","47.50","","34.27452"
"SITTERLEY","NATHAN","nathan.sitterley","08A","2024-03-22 06:08:33","Yes","458.21936","Pass","Pass","Pass","Pass","70.00","42.52","","45.69936"
"STAFFORD","SCOTT","scott.stafford1","08A","2023-09-05 12:30:19","Yes","394.50","Pass","Pass","Pass","Pass","60.00","34.50","",""
"STRIBRNY","JOSEPH","joseph.m.stribrny","08D","2024-01-25 10:54:35","Yes","504.23041","Pass","Pass","Pass","Pass","74.00","70.25","","59.98041"
"THOMPSON","WILLIAM","william.a.thompson348","08C","2024-03-07 11:09:27","Yes","409.91831","Pass","Pass","Pass","Pass","40.00","38.50","","31.41831"
"TILLEY","VICTORIA","victoria.e.tilley","08B","2024-05-30 16:32:04","Yes","464.00041","Pass","Pass","Pass","Pass","50.00","54.02","","59.98041"
"TIO","MOSES","moses.tio","08C","2024-01-24 10:09:08","Yes","455.41178","Pass","Pass","Pass","Pass","58.00","46.00","","51.41178"
"YASHINSKI","STEPHEN","stephen.a.yashinski","08A","2024-06-05 10:26:33","Yes","466.3742","Pass","Pass","Pass","Pass","66.00","43.25","","57.1242"
"ZAREK","MATTHEW","matthew.v.zarek","08C","2024-01-30 09:10:24","Yes","438.69936","Pass","Pass","Pass","Pass","52.00","41.00","","45.69936"
"ZEQUEIRA","MICHAEL","michael.a.zequeira","21A","2023-11-16 09:27:13","Yes","496.07557","Pass","Pass","Pass","Pass","88.00","59.52","","48.55557"
