﻿"Last Name","First Name","Username","Learner ID","Last Access","Availability","Total [Total Pts: up to 699.96735 Score] |403086","C100F - Final Grade (Pass/Fail) [Total Pts: 100 Pass/Fail] |403091","C100A1 IDP [Total Pts: 100 Pass/Fail] |403098","C171A1 Argumentative Essay [Total Pts: 100 Pass/Fail] |403101","C172A1 Info Brief [Total Pts: 100 Pass/Fail] |403105","C400B1 Diagnostic Exam [Total Pts: 100 Score] |403108","F100B1 Pretest (U.S.) [Total Pts: 100 Pass/Fail] |403109","F100B1 Pretest (IMS) [Total Pts: 100 Pass/Fail] |403111","S100B1 Pretest [Total Pts: 99.96735 Pass/Fail] |403112"
"ADAMS","JOSEPH","joseph.r.adams2","07A","2024-05-08 11:53:34","Yes","446.91178","Pass","Pass","Pass","Pass","74.00","Fail","","Fail"
"ADAMS","SARA","sara.c.peters","07A","2024-01-13 11:32:10","Yes","491.48041","Pass","Pass","Pass","Pass","80.00","Fail","","Fail"
"AGUAS","RAMON","ramon.aguas","07B","2024-05-29 12:33:22","Yes","416.00","Pass","Pass","Pass","Pass","58.00","Fail","",""
"BALES","JACOB","jacob.d.bales","07A","2024-06-03 06:22:32","Yes","1,388.1242","Pass","Pass","Pass","Pass","70.00","Fail","","Fail"
"BARBER","NICHOLAS","nicholas.barber.aus@gmail.com","20A","2024-05-27 16:31:55","Yes","521.83662","Pass","Pass","Pass","Pass","88.00","","Fail","Fail"
"BLIZARD","JUSTIN","justin.p.blizard","07A","2024-05-13 10:40:13","Yes","501.6242","Pass","Pass","Pass","Pass","74.00","","Fail","Fail"
"BORDELON","ANDREW","andrew.w.bordelon","07A","2024-03-29 12:07:04","Yes","488.48041","Pass","Pass","Pass","Pass","64.00","Fail","","Fail"
"BURRIS","JESSICA","jessica.burris","07D","2024-06-03 07:13:58","Yes","528.98041","Pass","Pass","Pass","Pass","78.00","Pass","","Fail"
"CAMPBELL","STEPHEN","stephen.p.campbell2","07D","2024-03-19 11:16:07","Yes","475.98041","Pass","Pass","Pass","Pass","62.00","Fail","","Fail"
"CARABALLO","JONATHAN","jonathan.a.caraballo","07A","2024-06-03 05:57:58","Yes","467.55557","Pass","Pass","Fail","Pass","68.00","Fail","","Fail"
"CHISHOLM","SCOTT","scott.c.chisholm","07C","2023-11-27 16:21:53","Yes","490.6442","Pass","Pass","Pass","Pass","74.00","Fail","","Fail"
"CHRISTOPHER","KIENTZ","christopher.m.kientz","07D","2023-12-15 11:27:47","Yes","451.77452","Pass","Pass","Pass","Pass","56.00","Fail","","Fail"
"COLON","ERA-PAULINE","era-pauline.m.colon","07C","2024-05-30 17:46:10","Yes","447.69936","Pass","Pass","Pass","Pass","56.00","Fail","","Fail"
"COX","WILLIAM","peary.cox","07A","2024-05-12 15:42:20","Yes","457.21936","Pass","Pass","Pass","Pass","66.00","Fail","","Fail"
"CUSTER","BRIAN","brian.custer","07C","2024-01-25 15:06:21","Yes","448.40073","Pass","Pass","Pass","Pass","62.00","Fail","","Fail"
"DUPRE","NICHOLAS","nicholas.w.dupre","07A","2024-06-05 15:04:58","Yes","491.83662","Pass","Pass","Pass","Pass","64.00","Fail","","Fail"
"EAKER","JORDAN","jordan.b.eaker","07B","2024-03-05 08:30:31","Yes","471.36315","Pass","Pass","Pass","Pass","74.00","Fail","","Fail"
"EDGERSON","JAMILA","jamila.c.edgerson","07C","2024-05-02 11:08:22","Yes","425.05557","Pass","Pass","Pass","Pass","36.00","Fail","","Fail"
"EHMEYDA","AHMED","ahmedhameida2@gmail.com","07A","2024-05-03 10:20:53","Yes","392.5621","Pass","Pass","Pass","Pass","42.00","","Fail","Fail"
"ESCAY","BRENT","brent.l.escay","07D","2023-11-17 02:01:09","Yes","496.6242","Pass","Pass","Pass","Pass","76.00","Fail","","Fail"
"FUJINAKA","SAMUEL","samuel.fujinaka","07B","2024-05-08 17:10:35","Yes","505.40525","Pass","Pass","Pass","Pass","84.00","Fail","","Fail"
"HEINSOHN","MATTHEW","matthew.heinsohn","07C","2024-05-07 09:59:15","Yes","473.41178","Pass","Pass","Pass","Pass","82.00","Fail","","Fail"
"HORSWILL","ROSANNE","rosanne.m.horswill","07D","2023-12-04 09:30:33","Yes","573.05557","Pass","Pass","Pass","Pass","80.00","Fail","Fail","Fail"
"HWANG","JAE","jae.s.hwang","07D","2024-05-10 11:31:16","Yes","457.55557","Pass","Pass","Pass","Pass","48.00","Fail","","Fail"
"JOHNSTONE","SIMON","simon.a.johnstone","07D","2024-03-03 18:25:51","Yes","500.76146","Pass","Pass","Pass","Pass","72.00","Fail","","Fail"
"KEITH","CRAIG","craig.w.keith","07C","2024-03-03 02:47:26","Yes","489.55557","Pass","Pass","Pass","Pass","84.00","Fail","","Fail"
"LAWRENCE","KEVIN","kevin.m.lawrence","07C","2024-05-30 12:17:10","Yes","490.79904","Pass","Pass","Pass","Pass","74.00","Fail","","Fail"
"MALDONADO","GENEVIEVE","genevieve.n.pena2","07B","2023-12-04 08:34:33","Yes","449.91178","Pass","Pass","Pass","Pass","48.00","Fail","","Fail"
"MCGOWEN","DERREK","derrek.t.mcgowen","07D","2024-05-08 08:51:34","Yes","417.35315","Pass","Pass","Pass","Pass","48.00","Fail","","Fail"
"MCQUILLAN","IAN","ian.j.mcquillan","07B","2024-01-04 08:52:08","Yes","494.91178","Pass","Pass","Pass","Pass","66.00","Fail","","Fail"
"MILLER","CONNOR","connor.w.miller","07B","2024-04-28 20:24:29","Yes","498.41178","Pass","Pass","Pass","Pass","74.00","Fail","","Fail"
"MILLER","ROBERT","robert.e.miller12","07C","2024-04-18 18:17:45","Yes","495.05557","Pass","Pass","Pass","Pass","86.00","Fail","","Fail"
"MINICK","DESTINY","destiny.j.minick","07A","2024-05-22 11:55:19","Yes","452.55557","Pass","Pass","Pass","Pass","64.00","Fail","","Fail"
"MOHD ZULKIPLI","AHMAD SHAFIQ IKMAR BIN","shafiqzulkipli@yahoo.com","07D","2024-06-01 17:03:31","Yes","441.00694","Pass","Pass","Pass","Pass","58.00","","Fail","Fail"
"MOSCOSO","ISAAC","isaac.r.moscoso","07B","2024-02-14 13:23:17","Yes","463.69936","Pass","Pass","Pass","Pass","60.00","Fail","","Fail"
"MURPHY","LANCE","lance.r.murphy","07B","2024-06-05 09:03:33","Yes","528.18178","Pass","Pass","Pass","Pass","60.00","Fail","Fail","Fail"
"O'BRIEN","COLIN","colin.j.obrien1","07B","2023-11-27 09:19:20","Yes","470.48041","Pass","Pass","Pass","Pass","72.00","Fail","","Fail"
"OSBORNE","MATTHEW","matthew.j.osborne2","07C","2024-05-02 10:56:22","Yes","467.19936","Pass","Pass","Pass","Pass","70.00","Fail","","Fail"
"PAYNTER","ANDREW","andrew.f.paynter","07B","2024-05-30 13:07:04","Yes","466.63073","Pass","Pass","Pass","Pass","78.00","Fail","","Fail"
"RAMIREZ","ANTHONY","anthony.ramirez14","07A","2023-12-07 08:22:11","Yes","473.69936","Pass","Pass","Pass","Pass","78.00","Fail","","Fail"
"Randolph","Antonio","antonio.randolph","07A","2024-06-03 07:39:13","Yes","461.09315","Pass","Pass","Pass","Pass","66.00","","Fail","Fail"
"RANDOLPH","JERRYL","jerryl.d.randolph","07D","2024-03-28 13:56:19","Yes","497.40525","Pass","Pass","Pass","Pass","66.00","Fail","","Fail"
"RICHARDSON","WILLIAM","william.m.richardson2","07A","2024-02-05 13:01:40","Yes","480.40525","Pass","Pass","Pass","Pass","60.00","Fail","","Fail"
"ROZITIS","ANDRIS","andris@zzk.lv","07D","2024-03-25 08:13:31","Yes","467.34315","Pass","Pass","Pass","Pass","70.00","","Fail","Fail"
"SAMPLER","KEVIN","kevin.sampler","07D","2024-05-16 08:13:18","Yes","447.91178","Pass","Pass","Pass","Pass","60.00","Fail","","Fail"
"SANDERS","ALEXIS","alexis.k.billo","07B","2023-11-27 08:25:20","Yes","446.94936","Pass","Pass","Pass","Pass","54.00","Fail","","Fail"
"SEARS","SAMUEL","samuel.sears","07B","2024-05-01 07:56:32","Yes","484.15525","Pass","Pass","Pass","Pass","66.00","Fail","","Fail"
"SHEPHERD","DOMINIC A","dshepherddas@gmail.com","07C","2024-02-21 20:33:09","Yes","451.55557","Pass","Pass","Pass","Pass","58.00","","Fail","Fail"
"SHUMAKER","RYAN","ryan.shumaker","07C","2023-11-09 09:29:23","Yes","478.3742","Pass","Pass","Pass","Pass","70.00","Fail","","Fail"
"SMALL","DELANA","delana.i.small","07C","2024-06-03 16:58:32","Yes","439.19936","Pass","Pass","Pass","Pass","48.00","Fail","","Fail"
"STONECYPHER","DANIEL","daniel.e.stonecypher2","07B","2024-06-03 14:43:32","Yes","457.90178","Pass","Pass","Pass","Pass","54.00","Fail","","Fail"
"SWEENEY","PATRICK","patrick.sweeney4","07C","2024-04-10 14:27:44","Yes","465.84315","Pass","Pass","Pass","Pass","72.00","Fail","","Fail"
"THOMAS","ANDREW","andrew.thomas18","07C","2024-03-29 14:33:21","Yes","432.34315","Pass","Pass","Pass","Pass","60.00","Fail","","Fail"
"TORGERSEN","BENJAMIN","benjamin.h.torgersen","07D","2024-03-29 15:40:03","Yes","499.83662","Pass","Pass","Pass","Pass","82.00","Fail","","Fail"
"TREFAS","DANIEL-CATALIN","trefas.daniel@forter.ro","07C","2024-05-18 08:20:16","Yes","480.69283","Pass","Pass","Pass","Pass","74.00","","Fail","Fail"
"VAUGHN","KATHRYN","kathryn.a.vaughn","07D","2024-04-26 12:37:42","Yes","445.86073","Pass","Pass","Pass","Pass","62.00","Fail","Fail","Fail"
"YI","CASPAR","caspar.yi","07A","2024-02-27 08:48:46","Yes","465.26799","Pass","Pass","Pass","Pass","56.00","Fail","Fail","Fail"
"ZOUGHANA","TAYMOUR SAMI","zoughanat@gmail.com","07A","2023-12-06 14:33:33","Yes","505.11767","Pass","Pass","Pass","Pass","52.00","Fail","","Fail"
