﻿"Last Name","First Name","Username","Learner ID","Last Access","Availability","Total [Total Pts: up to 699.96735 Score] |403030","C100F - Final Grade (Pass/Fail) [Total Pts: 100 Pass/Fail] |403035","C100A1 IDP [Total Pts: 100 Pass/Fail] |403042","C171A1 Argumentative Essay [Total Pts: 100 Pass/Fail] |403045","C172A1 Info Brief [Total Pts: 100 Pass/Fail] |403049","C400B1 Diagnostic Exam [Total Pts: 100 Score] |403052","F100B1 Pretest (U.S.) [Total Pts: 100 Score] |403053","F100B1 Pretest (IMS) [Total Pts: 100 Score] |403055","S100B1 Pretest [Total Pts: 99.96735 Score] |403056"
"ALBRECHT","CHRISTIAN","christian.albrecht","05D","2024-05-30 14:37:04","Yes","464.19936","Pass","Pass","Pass","Pass","80.00","38.50","","45.69936"
"BAT-ERDENE","SYERGYEI","2012seeree2012@gmail.com","05B","2023-12-12 08:49:03","Yes","464.75694","Pass","Pass","Pass","Pass","84.00","","40.77","39.98694"
"BLACK JR","LARRY","larry.s.black4","05B","2024-04-17 23:16:39","Yes","498.1242","Pass","Pass","Pass","Pass","76.00","65.00","","57.1242"
"BRACKIN","RONALD","ronald.j.brackin","05A","2024-01-11 13:44:09","Yes","491.91178","Pass","Pass","Pass","Pass","74.00","66.50","","51.41178"
"BURGESS","ERICA","erica.n.burgess","05A","2023-11-07 16:16:17","Yes","449.88073","Pass","Pass","Pass","Pass","76.00","36.75","","37.13073"
"BUSH","GREGORY","gregory.alan.bush","05C","2024-04-18 10:56:51","Yes","485.02041","Pass","Pass","Pass","Pass","72.00","53.04","","59.98041"
"CAREY","DUSTIN","dustin.e.carey","05B","2024-04-27 15:40:43","Yes","436.94936","Pass","Pass","Pass","Pass","66.00","25.25","","45.69936"
"CARTER","MARK","mark.a.carter144","05C","2024-05-29 20:30:13","Yes","551.26146","Pass","Pass","Pass","Pass","82.00","85.00","","74.26146"
"CARTER","TIFFANY","tiffany.d.jones4","05D","2024-03-03 15:41:34","Yes","529.47388","Pass","Pass","Pass","Pass","72.00","77.50","","79.97388"
"CHI","BONG","bongjoon.chi","05D","2024-04-15 14:52:55","Yes","569.39872","Pass","Pass","Pass","Pass","96.00","82.00","","91.39872"
"CRAFT","THOMAS","tom.craft","05A","2024-03-28 14:18:19","Yes","463.27799","Pass","Pass","Pass","Pass","62.00","47.01","","54.26799"
"CRAWFORD","LIZA","liza.b.dye","05C","2023-11-04 21:25:34","Yes","461.98041","Pass","Pass","Pass","Pass","50.00","52.00","","59.98041"
"EDWARDS","TRAVIS","travis.edwards5","05C","2024-05-30 06:03:57","Yes","478.86315","Pass","Pass","Pass","Pass","80.00","56.02","","42.84315"
"FLORES","ASAEL","asael.flores","05B","2024-03-06 09:00:33","Yes","480.21283","Pass","Pass","Pass","Pass","48.00","66.52","","65.69283"
"Fox","Adam","adam.fox3","05C","2024-03-28 13:00:14","Yes","483.30557","Pass","Pass","Pass","Pass","72.00","60.75","2.00","48.55557"
"GORDON","ALEX","alex.t.gordon","20A","2024-04-22 09:57:47","Yes","478.83662","Pass","Pass","Pass","Pass","66.00","50.00","","62.83662"
"GRANT","ALAN","alan.b.grant","05A","2023-11-15 17:41:34","Yes","443.84315","Pass","Pass","Pass","Pass","60.00","0.00","41.00","42.84315"
"HAAKE","ROBYN","robyn.j.haake","05D","2023-12-12 14:10:03","Yes","443.6242","Pass","Pass","Pass","Pass","52.00","34.50","","57.1242"
"HARMON","ALEXANDER","alexander.harmon1","05B","2024-06-04 12:47:58","Yes","454.19936","Pass","Pass","Pass","Pass","62.00","46.50","","45.69936"
"HARRISON","KAITLIN","kaitlin.m.harrison","05B","2024-03-28 13:54:03","Yes","381.27452","Pass","Pass","Pass","Pass","32.00","15.00","","34.27452"
"HILL","LANCE","lance.a.hill2","05A","2024-06-06 21:35:08","Yes","449.34315","Pass","Pass","Pass","Pass","62.00","44.50","","42.84315"
"HOWE","THOMAS","thomas.f.howe","05C","2023-11-16 10:14:13","Yes","480.58662","Pass","Pass","Pass","Pass","70.00","47.75","","62.83662"
"HUETER","AMELIA","amelia.l.hueter","05B","2024-05-14 07:06:14","Yes","399.27452","Pass","Pass","Pass","Pass","46.00","19.00","","34.27452"
"JOHNSON","JEFFREY ""VANCE""","jeffrey.v.johnson1","05A","2024-06-03 06:53:58","Yes","472.91178","Pass","Pass","Pass","Pass","80.00","41.50","","51.41178"
"JONES","CHRISTOPHER","christopher.r.jones6","05C","2024-04-30 13:08:34","Yes","483.05557","Pass","Pass","Pass","Pass","74.00","60.50","","48.55557"
"KEEFER","COLTON","colton.s.keefer","05A","2024-05-29 17:33:53","Yes","514.83662","Pass","Pass","Pass","Pass","88.00","64.00","","62.83662"
"LEE","RYAN","ryan.s.lee","05C","2024-04-26 09:59:28","Yes","452.13073","Pass","Pass","Pass","Pass","68.00","47.00","","37.13073"
"LLOYD","ELIJAH","elijah.j.lloyd","05B","2024-01-13 16:00:22","Yes","458.61315","Pass","Pass","Pass","Pass","68.00","47.77","","42.84315"
"LOBO ALMAZAN","EDUARDO","edulobo84@gmail.com","05C","2024-05-08 08:38:34","Yes","532.76146","Pass","Pass","Pass","Pass","86.00","","72.50","74.26146"
"MANOUGIAN","MICHAEL","michael.manougian","05A","2024-05-14 11:55:08","Yes","461.71936","Pass","Pass","Pass","Pass","70.00","46.02","","45.69936"
"MARSHALL III","JOHN TOMA","jtmarshall3rd@gmail.com","05D","2024-04-25 06:52:31","Yes","417.04452","Pass","Pass","Pass","Pass","48.00","","34.77","34.27452"
"MORALES","DAVID","david.m.morales3","05D","2023-11-07 08:46:18","Yes","462.50041","Pass","Pass","Pass","Pass","54.00","48.52","","59.98041"
"NELSON","KEDRICK","kedrick.nelson","05B","2024-06-03 05:50:13","Yes","473.94936","Pass","Pass","Pass","Pass","74.00","54.25","","45.69936"
"OLOUGHLIN","JEFFRY","jeffry.oloughlin","05D","2024-05-01 14:14:32","Yes","438.54557","Pass","Pass","Pass","Pass","56.00","33.99","","48.55557"
"OWENS","WALT","walter.h.owens","05B","2024-03-28 14:52:03","Yes","428.27452","Pass","Pass","Pass","Pass","52.00","42.00","","34.27452"
"PHILLIPS","SHANE","shane.m.phillips2","05D","2024-02-15 13:03:46","Yes","465.05557","Pass","Pass","Pass","Pass","66.00","50.50","","48.55557"
"PRETENI","ADEM","adempreteni@gmail.com","05D","2024-04-12 21:10:47","Yes","455.6242","Pass","Pass","Pass","Pass","60.00","","38.50","57.1242"
"RINGEL","EVAN","evan.ringel","05B","2023-11-30 10:41:32","Yes","483.33662","Pass","Pass","Pass","Pass","68.00","52.50","","62.83662"
"ROBINSON","CARLOS","carlos.r.robinson","05C","2024-01-11 14:00:28","Yes","467.58662","Pass","Pass","Pass","Pass","62.00","","42.75","62.83662"
"ROBINSON","LISA","lisa.m.robinson4","05C","2024-02-26 15:25:36","Yes","449.55557","Pass","Pass","Pass","Pass","58.00","43.00","","48.55557"
"Rosa","Ryan","ryan.d.rosa","05D","2024-01-30 11:41:37","Yes","487.1242","Pass","Pass","Pass","Pass","72.00","58.00","","57.1242"
"ROTAR","PHILLIP","phillip.r.rotar","05A","2024-05-13 08:38:07","Yes","478.19283","Pass","Pass","Pass","Pass","72.00","40.50","","65.69283"
"SANDIFER","LANE","lane.h.sandifer","05C","2024-01-22 05:28:43","Yes","493.91178","Pass","Pass","Pass","Pass","80.00","62.50","","51.41178"
"SANGARE","DRISSA","souleyameen@gmail.com","05A","2024-01-23 19:18:57","Yes","442.63073","Pass","Pass","Pass","Pass","56.00","","49.50","37.13073"
"SASANO","KEILY","keily.m.sasano","05C","2024-03-20 08:07:50","Yes","461.78799","Pass","Pass","Pass","Pass","68.00","39.52","","54.26799"
"SHAMKHALOV","EDGAR","edqarshamxalov@gmail.com","05B","2023-11-09 21:43:05","Yes","389.41831","Pass","Pass","Pass","Pass","42.00","","16.00","31.41831"
"SHARPE","TYLER","tyler.m.sharpe","05B","2023-12-04 11:09:03","Yes","487.78799","Pass","Pass","Pass","Pass","70.00","63.52","","54.26799"
"SHELKAN","ARI","aryakram36@gmail.com","05A","2024-04-08 10:00:37","Yes","428.49347","Pass","Pass","Pass","Pass","36.00","","72.50","19.99347"
"SHERWOOD","QUADE","quade.sherwood","05B","2023-10-31 18:01:42","Yes","466.66178","Pass","Pass","Pass","Pass","70.00","45.25","","51.41178"
"SMITH","CHRISTOPHER","christopher.n.smith1","05C","2024-03-18 08:19:50","Yes","456.66178","Pass","Pass","Pass","Pass","70.00","35.25","","51.41178"
"SUGG","JACLYN","jaclyn.sugg","05A","2023-10-18 09:52:43","Yes","449.34315","Pass","Pass","Pass","Pass","50.00","56.50","","42.84315"
"TELLE","HEATHER","heather.deppe","05D","2024-04-15 11:41:54","Yes","451.34315","Pass","Pass","Pass","Pass","72.00","36.50","","42.84315"
"THOMPSON","JON","jon.g.thompson","05A","2024-05-14 11:30:23","Yes","487.13073","Pass","Pass","Pass","Pass","80.00","70.00","","37.13073"
"TWITCHELL","JAMES","james.twitchell","05C","2024-02-03 13:28:17","Yes","503.26799","Pass","Pass","Pass","Pass","76.00","73.00","","54.26799"
"VERNO","ANTHONY","anthony.verno","05A","2024-04-28 16:14:30","Yes","445.44936","Pass","Pass","Pass","Pass","64.00","35.75","","45.69936"
"WALKER","CHRISTOPHER","christopher.a.walker86","05A","2024-05-30 22:04:30","Yes","503.69283","Pass","Pass","Pass","Pass","74.00","64.00","","65.69283"
"WALKUP","BENFORD","benford.walkup","05D","2024-04-18 11:08:45","Yes","467.58315","Pass","Pass","Pass","Pass","86.00","38.74","","42.84315"
"WHITLEY","CARL","carl.l.whitley","05D","2024-04-01 14:03:27","Yes","480.05557","Pass","Pass","Pass","Pass","70.00","61.50","","48.55557"
"ZUCCARINI","NICHOLAS","nicholas.j.zuccarini","05D","2024-03-01 16:01:37","Yes","463.98694","Pass","Pass","Pass","Pass","76.00","","48.00","39.98694"
