﻿"Last Name","First Name","Username","Learner ID","Last Access","Availability","Total [Total Pts: up to 699.96735 Score] |403198","C100F - Final Grade (Pass/Fail) [Total Pts: 100 Pass/Fail] |403203","C100A1 IDP [Total Pts: 100 Pass/Fail] |403210","C171A1 Argumentative Essay [Total Pts: 100 Pass/Fail] |403213","C172A1 Info Brief [Total Pts: 100 Pass/Fail] |403217","C400B1 Diagnostic Exam [Total Pts: 100 Score] |403220","F100B1 Pretest (U.S.) [Total Pts: 100 Score] |403221","F100B1 Pretest (IMS) [Total Pts: 100 Score] |403223","S100B1 Pretest [Total Pts: 99.96735 Score] |403224"
"ANDERSEN","NATHAN","nathan.l.andersen","11D","2024-03-21 10:13:33","Yes","442.76452","Pass","Pass","Pass","Pass","56.00","42.49","","34.27452"
"Archuleta","Michael","michael.a.archuleta","11B","2023-11-14 20:10:25","Yes","462.87662","Pass","Pass","Pass","Pass","70.00","40.04","","62.83662"
"BARNHOUSE","TERRY","terry.barnhouse","11A","2023-10-31 09:07:43","Yes","518.90525","Pass","Pass","Pass","Pass","76.00","71.50","","71.40525"
"BENTON","JOHN","john.benton1","11B","2024-05-24 09:50:07","Yes","438.63073","Pass","Pass","Pass","Pass","70.00","31.50","","37.13073"
"BLOOM","MICHAEL","michael.c.bloom","11B","2023-12-13 13:36:02","Yes","492.07557","Pass","Pass","Pass","Pass","76.00","67.52","","48.55557"
"BRYSON","RYAN","ryan.bryson","11C","2024-05-21 11:23:22","Yes","443.98694","Pass","Pass","Pass","Pass","76.00","28.00","","39.98694"
"BUNCH","CHRISTOPHER","christopher.j.bunch","11D","2023-10-01 19:48:44","Yes","449.55557","Pass","Pass","Pass","Pass","70.00","31.00","","48.55557"
"BYE","EMILY","emily.n.bye","11C","2024-01-11 13:57:22","Yes","445.30557","Pass","Pass","Pass","Pass","54.00","42.75","","48.55557"
"CASTAGNO","FACUNDO","castagnof@hotmail.com","11D","2023-11-05 17:59:18","Yes","441.19936","Pass","Pass","Pass","Pass","72.00","","23.50","45.69936"
"CHILDERS","MATTHEW","matthew.d.childers","11C","2024-06-06 15:08:08","Yes","476.19936","Pass","Pass","Pass","Pass","76.00","54.50","","45.69936"
"CLARK","JOHN","john.james.clark","11C","2024-04-07 12:26:32","Yes","494.05557","Pass","Pass","Pass","Pass","76.00","69.50","","48.55557"
"CSONTOS","ZOLTAN","csontili@gmail.com","11A","2023-10-31 12:00:43","Yes","385.76347","Pass","Pass","Pass","Pass","52.00","","13.77","19.99347"
"DEANGELIS-CABAN","AURORA","aurora.caban","11A","2024-03-25 07:29:29","Yes","458.6242","Pass","Pass","Pass","Pass","68.00","33.50","","57.1242"
"DELGADO","CHRISTOPHER","topher.delgado","11D","2023-11-08 08:13:36","Yes","481.00041","Pass","Pass","Pass","Pass","68.00","53.02","","59.98041"
"DIFFLEY","BRYAN","bryan.diffley","11D","2024-05-02 18:41:55","Yes","452.65073","Pass","Pass","Pass","Pass","66.00","49.52","","37.13073"
"DROWN","THOMAS","thomas.drown","11C","2024-02-29 13:31:49","Yes","498.54904","Pass","Pass","Pass","Pass","80.00","50.00","","68.54904"
"FALKENBERG","TOMAS","tomas.falkenberg","11A","2024-03-22 07:36:28","Yes","432.98694","Pass","Pass","Pass","Pass","60.00","33.00","","39.98694"
"FISHER","HALEY","haley.c.fisher","11B","2024-05-29 08:29:22","Yes","449.93936","Pass","Pass","Pass","Pass","60.00","44.24","","45.69936"
"GIBSON","ROBERT","robert.g.gibson4","11B","2024-05-15 06:53:09","Yes","461.68936","Pass","Pass","Pass","Pass","66.00","49.99","","45.69936"
"GUTIERREZ","KELLY","kelly.gutierrez","11A","2024-03-28 06:57:19","Yes","468.84315","Pass","Pass","Pass","Pass","76.00","50.00","","42.84315"
"HAVEN","KAYLA","kayla.m.haven","11B","2024-06-03 06:06:13","Yes","443.02452","Pass","Pass","Pass","Pass","64.00","44.75","","34.27452"
"HERINA","JOHN","john.herina","11D","2023-12-30 11:54:43","Yes","427.27452","Pass","Pass","Pass","Pass","58.00","35.00","","34.27452"
"HUDELSON","PETER","peter.hudelson","11A","2024-05-01 09:38:31","Yes","505.76799","Pass","Pass","Pass","Pass","84.00","67.50","","54.26799"
"HURLEY","BENJAMIN","benjamin.hurley","11B","2023-10-20 22:23:14","Yes","479.68283","Pass","Pass","Pass","Pass","62.00","51.99","","65.69283"
"Jackson","Janaire","janaire.r.brown","11A","2024-01-28 11:15:36","Yes","481.04904","Pass","Pass","Pass","Pass","66.00","","46.50","68.54904"
"KEARCHER","KONRAD","konrad.kearcher","11B","2024-05-15 19:01:09","Yes","495.6242","Pass","Pass","Pass","Pass","80.00","58.50","","57.1242"
"KUNCIW","SABRINA","sabrina.e.kunciw","11C","2023-11-16 08:43:13","Yes","443.26799","Pass","Pass","Pass","Pass","68.00","21.00","","54.26799"
"KUYKENDALL","JEREMY","jeremy.d.kuykendall","11C","2024-05-02 11:47:53","Yes","454.91178","Pass","Pass","Pass","Pass","62.00","","41.50","51.41178"
"LEE","SCOTT","scott.lee13","11D","2024-03-25 12:12:30","Yes","496.91178","Pass","Pass","Pass","Pass","78.00","67.50","","51.41178"
"LEONE","VINCENT","vincent.s.leone","11A","2023-09-22 17:54:35","Yes","428.88073","Pass","Pass","Pass","Pass","50.00","41.75","","37.13073"
"LERO","MARK JULIUS","markjulius.lero","11C","2024-05-12 10:08:07","Yes","437.76452","Pass","Pass","Pass","Pass","68.00","35.49","","34.27452"
"LUMEN","JUSTIN","justin.r.lumen","11A","2023-11-08 10:12:03","Yes","482.28799","Pass","Pass","Pass","Pass","72.00","56.02","","54.26799"
"MARKLEY","TIMOTHY","timothy.d.markley","11A","2023-12-08 13:04:21","Yes","434.01452","Pass","Pass","Pass","Pass","58.00","41.74","","34.27452"
"MCCARVILLE","WILLIAM","william.mccarville1","11B","2024-01-22 07:59:32","Yes","430.72694","Pass","Pass","Pass","Pass","62.00","28.74","","39.98694"
"MCKIDDY","TIMOTHY","timothy.mckiddy","11D","2024-06-03 05:18:32","Yes","498.69936","Pass","Pass","Pass","Pass","82.00","71.00","","45.69936"
"MCLEAN","MARISHA","marisha.mclean","11D","2023-10-18 17:39:38","Yes","468.6242","Pass","Pass","Pass","Pass","52.00","59.50","","57.1242"
"MIYAKAWA","ALEXANDER","alexander.s.miyakawa","11C","2023-11-15 15:28:25","Yes","499.98041","Pass","Pass","Pass","Pass","82.00","58.00","","59.98041"
"Monczynski","Timothy","timothy.j.monczynski","11D","2024-02-21 13:54:58","Yes","469.83662","Pass","Pass","Pass","Pass","56.00","51.00","","62.83662"
"MONTESCLAROS","CHRISTOPHER","c.montesclaros","11A","2024-05-01 11:45:32","Yes","493.26799","Pass","Pass","Pass","Pass","76.00","63.00","","54.26799"
"MORTENSEN","RYAN","ryan.mortensen","11C","2024-05-26 13:06:50","Yes","425.30557","Pass","Pass","Pass","Pass","54.00","22.75","","48.55557"
"MOUAWAD","GEORGES","georges.mou.104@gmail.com","11A","2023-12-15 09:53:29","Yes","487.51799","Pass","Pass","Pass","Pass","72.00","","61.25","54.26799"
"MRKAIC","ISAK","isak.mrkaic@gmail.com","11B","2024-06-03 11:01:59","Yes","443.91178","Pass","Pass","Pass","Pass","58.00","","34.50","51.41178"
"NAGY","ANDREW","andrew.nagy","11B","2023-11-02 09:39:33","Yes","498.76799","Pass","Pass","Pass","Pass","70.00","74.50","","54.26799"
"NESRSTA","BRANDON","brandon.nesrsta","11B","2024-05-30 15:04:04","Yes","447.19936","Pass","Pass","Pass","Pass","46.00","55.50","","45.69936"
"NISA","CHRISTOPHER","christopher.nisa","11B","2024-02-26 08:39:00","Yes","432.95589","Pass","Pass","Pass","Pass","64.00","43.25","","25.70589"
"PAPADIMITRIS","DIMITRIS","papadimitris.dimitris@gmail.com","11B","2023-10-30 22:07:56","Yes","464.10662","Pass","Pass","Pass","Pass","54.00","","47.27","62.83662"
"POSPISIL","ROBERT","robert.c.pospisil","11A","2024-06-01 11:10:31","Yes","485.26799","Pass","Pass","Pass","Pass","80.00","51.00","","54.26799"
"PRABOWO","PETRUS PARAMAYUDO","yudoprabowo@gmail.com","11C","2024-05-16 01:08:20","Yes","512.48041","Pass","Pass","Pass","Pass","82.00","","70.50","59.98041"
"REINHARDT","JASON","jason.reinhardt1","11C","2024-05-30 12:37:30","Yes","489.99041","Pass","Pass","Pass","Pass","66.00","64.01","","59.98041"
"RUPP","TIFFANY","tiffany.rupp","11D","2024-04-19 13:35:45","Yes","499.40525","Pass","Pass","Pass","Pass","64.00","64.00","","71.40525"
"SCHWITZGEBEL","MATTHEW","matthew.schwitzgebel","11D","2024-04-21 20:21:22","Yes","449.59315","Pass","Pass","Pass","Pass","80.00","26.75","","42.84315"
"Shimandle","Tyler","tyler.j.shimandle","11C","2024-04-18 16:56:52","Yes","485.91178","Pass","Pass","Pass","Pass","72.00","62.50","","51.41178"
"STONE","BENJAMIN","benjamin.t.stone","11D","2023-09-17 10:14:26","Yes","502.33662","Pass","Pass","Pass","Pass","76.00","63.50","","62.83662"
"TRAVIS","JACOB","jacob.d.travis","11A","2024-03-08 08:32:25","Yes","458.19936","Pass","Pass","Pass","Pass","64.00","48.50","","45.69936"
"TUCCI","MICHAEL","michael.tucci1","11D","2024-04-21 14:59:47","Yes","506.98041","Pass","Pass","Pass","Pass","82.00","65.00","","59.98041"
"VERBARENDSE","STEVEN","steven.e.verbarendse2","11D","2023-11-16 18:35:44","Yes","429.77452","Pass","Pass","Pass","Pass","58.00","37.50","","34.27452"
"WICINSKI","BRANDON","brandon.c.wicinski","11A","2024-03-07 15:46:30","Yes","474.1242","Pass","Pass","Pass","Pass","68.00","49.00","","57.1242"
"WILLIAMS","MARCUS","marcus.l.williams98","11C","2024-05-24 07:10:18","Yes","429.41831","Pass","Pass","Pass","Pass","58.00","40.00","","31.41831"
"YANT","ROGER","roger.yantjr","11B","2024-03-30 09:49:03","Yes","452.91178","Pass","Pass","Pass","Pass","62.00","39.50","","51.41178"
