﻿"Last Name","First Name","Username","Learner ID","Last Access","Availability","Total [Total Pts: up to 699.96735 Score] |403001","C100F - Final Grade (Pass/Fail) [Total Pts: 100 Pass/Fail] |403007","C100A1 IDP [Total Pts: 100 Pass/Fail] |403014","C171A1 Argumentative Essay [Total Pts: 100 Score] |403017","C172A1 Info Brief [Total Pts: 100 Pass/Fail] |403021","C400B1 Diagnostic Exam [Total Pts: 100 Score] |403024","F100B1 Pretest (U.S.) [Total Pts: 100 Score] |403025","F100B1 Pretest (IMS) [Total Pts: 100 Score] |403027","S100B1 Pretest [Total Pts: 99.96735 Score] |403028"
"AFREH","PETER","affrehsika3606@gmail.com","04A","2024-02-28 08:30:37","Yes","460.66178","Pass","Pass","94.00","Pass","76.00","","38.25","51.41178"
"AL-MAGSOOSI","ALHASAN MOHAMMED KADHIM","al1410@yahoo.com","04A","2024-06-07 00:39:27","Yes","428.55557","Pass","Pass","82.4975","Pass","54.00","","34.00","48.55557"
"ALDERMAN","NICHOLAS","nicholas.alderman","04B","2024-04-26 15:42:42","Yes","510.00041","Pass","Pass","96.00","Pass","84.00","66.02","","59.98041"
"ANTHONY-HALL","JELESA","jelz.anthony","04B","2024-05-29 10:28:56","Yes","415.70589","Pass","Pass","97.00","Pass","60.00","30.00","","25.70589"
"BAILEY","LANCE","lance.r.bailey","04A","2023-11-16 13:50:13","Yes","466.84315","Pass","Pass","94.00","Pass","78.00","54.00","","42.84315"
"BAIN","JIMMY","james.bain1","04B","2024-02-09 09:21:20","Yes","422.40831","Pass","Pass","95.00","Pass","66.00","24.99","","31.41831"
"BANCIC","KLEMEN","klemen.bancic@gmail.com","04C","2024-05-27 19:38:51","Yes","444.26799","Pass","Pass","95.00","Pass","76.00","","23.00","54.26799"
"BERGEMAN","BRIAN","brian.m.bergeman","04C","2024-01-02 08:37:26","Yes","443.69936","Pass","Pass","95.00","Pass","62.00","45.00","","45.69936"
"BERMAN","SHERLYN","sherlyn.alcoran","04C","2024-04-02 07:17:52","Yes","460.03799","Pass","Pass","95.00","Pass","70.00","44.77","","54.26799"
"Biggs","Tone","tone.biggs","04C","2023-12-04 08:53:33","Yes","513.01146","Pass","Pass","95.00","Pass","78.00","69.75","","74.26146"
"BROWN","MIA","mia.c.williams1","04C","2024-03-08 10:38:25","Yes","423.01799","Pass","Pass","84.99875","Pass","38.00","39.75","","54.26799"
"BURNSHIRE","KOBEE","kobee.burnshire","04B","2024-04-16 16:52:57","Yes","491.91178","Pass","Pass","95.00","Pass","80.00","60.50","","51.41178"
"BURRILL WESTMAN","SAMANTHA","samantha.j.burrillwestman","04A","2023-11-08 08:00:18","Yes","429.75","Pass","Pass","92.00","Pass","72.00","35.75","","30.00"
"CARLSON","ERIK","erik.h.carlson2","04C","2024-05-23 10:49:53","Yes","453.1242","Pass","Pass","88.74875","Pass","60.00","45.00","","57.1242"
"CASH","RYAN","ryan.d.cash","04D","2024-02-29 12:12:49","Yes","455.91178","Pass","Pass","95.00","Pass","68.00","36.50","","51.41178"
"CASTILLO","JOE","joe.c.castillo","04B","2024-01-23 11:57:07","Yes","435.13073","Pass","Pass","95.00","Pass","46.00","52.00","","37.13073"
"CHAPMAN","MATTHEW","matthew.b.chapman","04C","2024-02-18 11:40:57","Yes","419.91831","Pass","Pass","95.00","Pass","54.00","43.50","","31.41831"
"CLEMENTS","JOHN (EDDIE)","john.e.clements8","04D","2024-01-10 12:35:21","Yes","490.6242","Pass","Pass","95.00","Pass","68.00","65.50","","57.1242"
"CLODFELTER","WILLIAM","william.h.clodfelter3","04A","2024-01-08 08:06:20","Yes","483.26799","Pass","Pass","90.50","Pass","94.00","43.00","","54.26799"
"CONNER","JUSTINE","justine.conner","04C","2024-05-15 10:16:15","Yes","439.22041","Pass","Pass","95.00","Pass","46.00","42.24","","59.98041"
"DILLER","NATHAN","nathan.e.diller","04B","2023-11-30 09:09:24","Yes","512.69283","Pass","Pass","95.00","Pass","92.00","55.00","","65.69283"
"DONOVAN","MICHAEL","michael.z.donovan","04B","2024-04-03 13:35:29","Yes","450.76799","Pass","Pass","95.00","Pass","76.00","20.50","","54.26799"
"DORJGOTOV","DORJDAVAA","ddorjdavaa87@gmail.com","04D","2024-04-10 00:45:50","Yes","415.02452","Pass","Pass","95.00","Pass","60.00","","20.75","34.27452"
"EASTMAN","PHILIPP","philipp.eastman","04A","2024-02-09 15:52:29","Yes","487.1242","Pass","Pass","94.00","Pass","68.00","68.00","","57.1242"
"EVANS","ALLISON","allison.j.evans","04D","2023-12-14 08:43:16","Yes","507.06904","Pass","Pass","95.00","Pass","72.00","66.52","","68.54904"
"FRANK","MATTHEW","matthew.r.frank2","04B","2024-05-10 12:28:06","Yes","510.40525","Pass","Pass","81.00","Pass","78.00","61.00","","71.40525"
"FUREY","LYLA","lyla.a.furey","04B","2024-06-03 06:16:32","Yes","510.26799","Pass","Pass","89.00","Pass","86.00","70.00","","54.26799"
"GATTIE","DAVID","david.j.gattie","04C","2024-05-21 17:10:18","Yes","458.16178","Pass","Pass","95.00","Pass","52.00","63.75","","51.41178"
"GLEGHORN","KYLE","kyle.d.gleghorn","04C","2024-01-18 10:41:08","Yes","423.41831","Pass","Pass","95.00","Pass","50.00","51.00","","31.41831"
"GOTAME","UJJWAL","5516ujjwal@gmail.com","04B","2024-05-27 10:07:55","Yes","455.30557","Pass","Pass","88.00","Pass","68.00","","38.75","48.55557"
"HASANAJ","BLERAND","blerand@gmail.com","04D","2023-11-01 20:40:53","Yes","404.0621","Pass","Pass","84.99875","Pass","44.00","","31.50","28.5621"
"JONES","CODY","cody.m.jones","04B","2024-04-04 07:08:05","Yes","483.84315","Pass","Pass","95.00","Pass","78.00","63.00","","42.84315"
"KAVA","ROBERT","robert.kava1","04D","2024-02-03 14:06:37","Yes","405.26347","Pass","Pass","95.00","Pass","48.00","37.27","","19.99347"
"KLEIN","CHRISTOPHER","christopher.klein5","04D","2024-05-10 14:20:27","Yes","502.1242","Pass","Pass","95.00","Pass","78.00","67.00","","57.1242"
"KNOTT","AARON","aaron.d.knott","04A","2023-11-02 14:31:37","Yes","442.86315","Pass","Pass","88.00","Pass","60.00","48.02","","42.84315"
"KREMER","CHRISTOPHER","christopher.kremer","21A","2024-05-28 18:33:52","Yes","441.34315","Pass","Pass","95.00","Pass","64.00","43.50","","42.84315"
"LIBRANDE","JOSEPH","joseph.d.librande","04A","2023-11-08 12:47:13","Yes","437.34315","Pass","Pass","81.00","Pass","74.00","22.50","","42.84315"
"LOFTUS","CASSONDRA","cassondra.dick","04A","2024-05-23 10:43:53","Yes","472.83662","Pass","Pass","91.00","Pass","76.00","42.00","","62.83662"
"LOWE","ZACHARY","zachary.d.lowe","04B","2024-04-04 12:25:16","Yes","427.36315","Pass","Pass","88.00","Pass","56.00","28.52","","42.84315"
"LOXSOM","JAMES","james.loxsom","04D","2024-05-17 10:16:03","Yes","479.84315","Pass","Pass","88.74875","Pass","76.00","61.00","","42.84315"
"MAGALLANES","ANTHONY","anthony.f.magallanes","04A","2023-10-03 14:01:45","Yes","434.07557","Pass","Pass","83.00","Pass","60.00","31.52","","48.55557"
"MAKOSKI","CARSON","carson.a.makoski","04D","2023-11-15 10:13:25","Yes","452.98694","Pass","Pass","88.74875","Pass","76.00","37.00","","39.98694"
"MARCINIAK","ERWIN","erwin.marciniak","04A","2024-05-23 01:00:08","Yes","507.78146","Pass","Pass","81.24875","Pass","80.00","65.52","","74.26146"
"MCFADDEN","BRANDON","brandon.mcfadden","04A","2024-05-17 15:06:22","Yes","429.77452","Pass","Pass","92.50","Pass","48.00","57.50","","34.27452"
"MEIER","JOSEPH","joseph.s.meier","04A","2024-06-02 00:07:57","Yes","484.1442","Pass","Pass","92.00","Pass","72.00","67.02","","57.1242"
"MIZEAD","ABDULLA","abdulla.a.mizead","04A","2024-05-29 04:23:53","Yes","467.91178","Pass","Pass","92.4975","Pass","70.00","54.50","","51.41178"
"MUELLER","ANDREW","andrew.r.mueller","04C","2024-04-24 17:19:31","Yes","449.44936","Pass","Pass","88.74875","Pass","72.00","40.75","","45.69936"
"PETERSON","DAVID","david.meade.peterson","04D","2024-04-24 20:01:29","Yes","457.13073","Pass","Pass","88.74875","Pass","72.00","48.00","","37.13073"
"PORTO","FELICITY","felicity.a.porto","04B","2023-10-05 09:26:23","Yes","445.12073","Pass","Pass","85.00","Pass","54.00","53.99","","37.13073"
"REYNOLDS","JEREMY","jeremy.j.reynolds2","04D","2023-12-07 08:35:20","Yes","489.48041","Pass","Pass","84.99875","Pass","70.00","59.50","","59.98041"
"SAHAGUN","DANIEL","daniel.j.sahagun","04A","2024-05-29 09:27:56","Yes","431.07557","Pass","Pass","88.74875","Pass","64.00","26.52","","48.55557"
"SERRANO","JEWLIANNA","jewlianna.m.serrano","04D","2024-05-20 07:08:08","Yes","492.6242","Pass","Pass","84.99875","Pass","78.00","57.50","","57.1242"
"SMAJD","ANDREW","andrew.smajd","04C","2024-05-23 07:07:53","Yes","498.69283","Pass","Pass","95.00","Pass","80.00","62.00","","65.69283"
"SWINDELL","SCOTT","scott.h.swindell","04D","2024-05-23 19:47:06","Yes","464.43178","Pass","Pass","91.25","Pass","64.00","49.02","","51.41178"
"TERTERYAN","ANDRANIK","andranikterteryan95@gmail.com","04B","2024-05-06 11:03:57","Yes","460.75146","Pass","Pass","86.00","Pass","34.00","","52.49","74.26146"
"WALTERS","JOSEPH","joseph.walters5","04C","2024-04-25 13:56:30","Yes","457.84315","Pass","Pass","95.00","Pass","72.00","52.00","","42.84315"
"WERNER","LUCAS","lucas.a.werner","04D","2024-03-08 10:50:29","Yes","497.73041","Pass","Pass","81.24875","Pass","72.00","65.75","","59.98041"
"YOUNG","RILEY","riley.young3","04D","2024-05-21 21:06:10","Yes","484.98041","Pass","Pass","84.99875","Pass","70.00","55.00","","59.98041"
"ZWEIFEL","MICHAEL","michael.a.zweifel","04C","2024-05-26 07:39:19","Yes","489.55557","Pass","Pass","95.00","Pass","86.00","64.00","","48.55557"
