﻿"Last Name","First Name","Username","Learner ID","Last Access","Availability","Total [Total Pts: up to 699.96735 Score] |403170","C100F - Final Grade (Pass/Fail) [Total Pts: 100 Pass/Fail] |403175","C100A1 IDP [Total Pts: 100 Pass/Fail] |403182","C171A1 Argumentative Essay [Total Pts: 100 Pass/Fail] |403185","C172A1 Info Brief [Total Pts: 100 Pass/Fail] |403189","C400B1 Diagnostic Exam [Total Pts: 100 Score] |403192","F100B1 Pretest (U.S.) [Total Pts: 100 Score] |403193","F100B1 Pretest (IMS) [Total Pts: 100 Score] |403195","S100B1 Pretest [Total Pts: 99.96735 Score] |403196"
"ADAEV","AZATBEK","aitmamatazatbek@gmail.com","10B","2024-06-04 08:07:32","Yes","327.33315","Pass","Pass","Pass","","26.00","","58.49","42.84315"
"BAIS","MARIA","maria.b.bais","10A","2024-04-07 17:08:37","Yes","470.84315","Pass","Pass","Pass","Pass","68.00","60.00","","42.84315"
"BARNDT","DAVID","david.barndt","10D","2024-01-18 13:53:08","Yes","458.05557","Pass","Pass","Pass","Pass","64.00","45.50","","48.55557"
"BARRY","NICOLAS","nicolas.y.barry","10B","2024-01-29 08:31:21","Yes","365.00694","Pass","Pass","Pass","","62.00","63.02","","39.98694"
"BEAUDOIN","MARC","marc.beaudoin","10D","2024-04-17 13:55:59","Yes","481.98041","Pass","Pass","Pass","Pass","70.00","52.00","","59.98041"
"BERGMAN","JOHN","john.p.bergman","10B","2023-11-21 14:38:13","Yes","460.48694","Pass","Pass","Pass","Pass","80.00","40.50","","39.98694"
"BLESS","JONATHON","jonathon.bless","10C","2024-01-20 11:54:27","Yes","487.21936","Pass","Pass","Pass","Pass","78.00","63.52","","45.69936"
"BOOKER","DEMETRIST","demetrist.booker","10A","2024-01-29 08:12:36","Yes","446.77","Pass","Pass","Pass","Pass","66.00","39.00","41.77","0.00"
"BOSCH","TREVOR","trevor.w.bosch","10C","2023-11-16 16:11:44","Yes","485.26799","Pass","Pass","Pass","Pass","68.00","63.00","","54.26799"
"BRINCKS","TIMOTHY","timothy.brincks","10D","2023-11-08 17:13:13","Yes","479.48041","Pass","Pass","Pass","Pass","66.00","53.50","","59.98041"
"BURNETT","ERIC","eric.m.burnett","10A","2023-08-28 14:18:56","Yes","466.09315","Pass","Pass","Pass","Pass","76.00","","47.25","42.84315"
"CHU","ERIC","eric.chu2","10D","2024-01-27 09:56:20","Yes","495.83662","Pass","Pass","Pass","Pass","68.00","65.00","","62.83662"
"DAM","DUONG","duong.x.dam","10A","2023-11-03 12:32:57","Yes","426.34315","Pass","Pass","Pass","Pass","54.00","29.50","","42.84315"
"DAWSON","LUKE","luke.dawson1","10C","2024-04-10 13:39:27","Yes","453.73694","Pass","Pass","Pass","Pass","70.00","43.75","","39.98694"
"DIEPPA","EDWARD","edward.t.dieppa","10C","2023-11-09 08:25:04","Yes","500.19283","Pass","Pass","Pass","Pass","82.00","52.50","","65.69283"
"DILLEY","ROBERT","robert.dilley","10D","2024-02-24 14:32:22","Yes","487.48041","Pass","Pass","Pass","Pass","78.00","49.50","","59.98041"
"FATH","GRANT","grant.s.fath","10D","2024-01-03 08:33:09","Yes","470.63073","Pass","Pass","Pass","Pass","84.00","49.50","","37.13073"
"FERGUSON","SHAISHA","shaisha.m.ferguson","10C","2024-02-22 15:37:59","Yes","454.36767","Pass","Pass","Pass","Pass","30.00","47.25","","77.11767"
"GANNON","THOMAS","thomas.p.gannon","10B","2024-03-01 10:32:40","Yes","483.26799","Pass","Pass","Pass","Pass","64.00","65.00","","54.26799"
"GOBER","GERALD","gerald.gober","10D","2024-01-04 10:23:08","Yes","457.27452","Pass","Pass","Pass","Pass","68.00","55.00","","34.27452"
"GRIFFIN","CHARLES","charles.r.griffin2","10A","2024-01-27 20:46:36","Yes","502.04904","Pass","Pass","Pass","Pass","74.00","","59.50","68.54904"
"HAPPEL","WILLIAM","willhappel@gmail.com","10C","2023-11-09 08:24:23","Yes","516.90525","Pass","Pass","Pass","Pass","86.00","","59.50","71.40525"
"HEINEMAN","ALESHA","alesha.f.heineman","10C","2024-05-17 14:20:15","Yes","479.48041","Pass","Pass","Pass","Pass","84.00","35.50","","59.98041"
"HERNANDEZ","KAITLYN","kaitlyn.m.hernandez","10B","2024-04-15 11:13:53","Yes","491.00694","Pass","Pass","Pass","Pass","48.00","45.50","57.52","39.98694"
"HORNING","TYLER","tyler.horning","10A","2024-05-07 16:02:34","Yes","462.26799","Pass","Pass","Pass","Pass","66.00","42.00","","54.26799"
"HUBER","JACOB","jacob.w.huber","10B","2024-05-13 11:20:13","Yes","454.43831","Pass","Pass","Pass","Pass","48.00","36.02","39.00","31.41831"
"IVESON","MATTHEW","matthew.s.iveson","10A","2023-11-06 19:59:13","Yes","488.93178","Pass","Pass","Fail","Pass","78.00","59.52","","51.41178"
"JEONG","MIN HYEONG","cpt.mhjeong@gmail.com","10A","2024-01-03 11:05:44","Yes","502.51799","Pass","Pass","Pass","Pass","88.00","","60.25","54.26799"
"JOHNSON","DWAYNE","dwayne.a.johnson62","10B","2023-11-08 21:26:14","Yes","433.77452","Pass","Pass","Pass","Pass","44.00","55.50","","34.27452"
"JOHNSON","JAMES","james.c.johnson858","21A","2024-05-13 08:29:13","Yes","439.02452","Pass","Pass","Pass","Pass","60.00","44.75","","34.27452"
"KARHALSKOV","TARAS","tarikprofff@gmail.com","10D","2024-06-04 21:53:14","Yes","455.83315","Pass","Pass","Pass","Pass","64.00","","48.99","42.84315"
"KRANT","MICHAEL","michael.krant","10C","2024-05-28 12:31:10","Yes","509.54904","Pass","Pass","Pass","Pass","78.00","63.00","","68.54904"
"LAND","KATE","katelyn.j.hickey","10C","2024-01-29 11:15:23","Yes","404.76452","Pass","Pass","Pass","Pass","52.00","","18.49","34.27452"
"LARA","MARY","mary.c.archambeault","10D","2024-04-18 08:30:44","Yes","508.98041","Pass","Pass","Pass","Pass","78.00","71.00","","59.98041"
"LAUGHTON","NATHAN","nathan.laughton","10C","2023-11-17 20:09:44","Yes","415.76452","Pass","Pass","Pass","Pass","44.00","37.49","","34.27452"
"LEE","RYAN","ryan.m.lee6","10D","2023-11-16 20:06:09","Yes","490.19283","Pass","Pass","Pass","Pass","76.00","48.50","","65.69283"
"LONG","CALEB","caleb.w.long","10B","2024-04-02 21:12:53","Yes","482.76799","Pass","Pass","Pass","Pass","70.00","58.50","","54.26799"
"MAGGIO","CORY","cory.a.maggio","10C","2024-01-31 10:57:24","Yes","452.19936","Pass","Pass","Pass","Pass","60.00","46.50","","45.69936"
"MAYER","DANIEL","daniel.j.mayer2","10A","2024-04-04 20:19:06","Yes","431.41178","Pass","Pass","Pass","Pass","54.00","26.00","","51.41178"
"MCCARTHY","DENA","dena.dorsett","10B","2024-03-08 11:43:25","Yes","427.86315","Pass","Pass","Pass","Pass","64.00","21.02","","42.84315"
"MCKEETH","KARL","karl.a.mckeeth","10B","2024-06-03 06:34:58","Yes","510.50041","Pass","Pass","Pass","Pass","74.00","76.52","","59.98041"
"MULVIHILL","MATTHEW","matthew.j.mulvihill","10A","2023-11-28 22:51:15","Yes","481.69936","Pass","Pass","Pass","Pass","76.00","60.00","","45.69936"
"Napoli","Amy","amy.swan","10A","2023-11-15 20:56:06","Yes","461.34315","Pass","Pass","Pass","Pass","60.00","58.50","","42.84315"
"Putnam","Matthew","matthew.e.putnam","10D","2024-03-19 18:45:01","Yes","450.86315","Pass","Pass","Pass","Pass","62.00","46.02","","42.84315"
"RESTITUYO MATOS","MARCOS RAMIRO","marcosrestituyo@gmail.com","10B","2024-02-29 16:50:36","Yes","402.77452","Pass","Pass","Pass","Pass","34.00","","34.50","34.27452"
"ROSENHAN","ALAN","alan.n.rosenhan","10B","2024-04-24 11:28:31","Yes","490.26799","Pass","Pass","Pass","Pass","70.00","66.00","","54.26799"
"SIMONS","BRETT","brett.simons1","10C","2024-05-08 08:33:34","Yes","451.84315","Pass","Pass","Pass","Pass","74.00","35.00","","42.84315"
"SIMPKINS","JASON","jason.l.simpkins2","10A","2023-11-14 10:12:06","Yes","468.41178","Pass","Pass","Pass","Pass","80.00","37.00","","51.41178"
"SMITH","TYLER","tyler.banks.smith","10D","2023-11-03 08:24:57","Yes","468.68936","Pass","Pass","Pass","Pass","72.00","50.99","","45.69936"
"SOKIRKIN","ALEXANDER","alex.sokirkin","10D","2024-04-22 08:51:53","Yes","446.75694","Pass","Pass","Pass","Pass","66.00","40.77","","39.98694"
"SOLONAR","ASHLEY","ashley.l.heltemes","10D","2023-12-07 10:24:11","Yes","493.41178","Pass","Pass","Pass","Pass","78.00","64.00","","51.41178"
"STANKOVIC","MILOS","bmwnbc@hotmail.com","10A","2024-03-24 23:34:31","Yes","474.8742","Pass","Pass","Pass","Pass","68.00","49.75","","57.1242"
"STATEN","ABRAM","abram.staten","10D","2024-04-10 21:42:50","Yes","422.71694","Pass","Pass","Pass","Pass","50.00","32.73","0.00","39.98694"
"STEEL","JONATHAN","jonathan.steel","10C","2024-02-20 16:28:10","Yes","466.04557","Pass","Pass","Pass","Pass","64.00","53.49","","48.55557"
"SUCHOMSKI","KYLE","kyle.suchomski","10B","2024-05-30 16:24:04","Yes","476.76799","Pass","Pass","Pass","Pass","70.00","52.50","","54.26799"
"WHITE","ZACHARIAH","zachariah.s.white","10B","2024-06-03 06:07:13","Yes","399.29452","Pass","Pass","Pass","Pass","24.00","41.02","","34.27452"
"WHITELEY","ROBERT","robert.k.whiteley","10C","2024-02-20 07:51:09","Yes","437.18936","Pass","Pass","Pass","Pass","66.00","25.49","","45.69936"
"WINEINGER","JON","jon.m.wineinger","10B","2024-05-13 14:58:17","Yes","518.83662","Pass","Pass","Pass","Pass","70.00","86.00","","62.83662"
