﻿last_name,first_name,Username,learner_id,last_access,availibility,Total,C100_Final,C100_ IDP,C170_Essay,C172_brief,C400_diag_exam,F100_pretest_us,F100_pretest_ims,S100_pretest
ACOSTA,MITCHELL,mitch.f.acosta,01C,4/1/2024 4:33,Yes,433.71936,Pass,Pass,Pass,Pass,58,Fail,,Fail
ALLEN,JUSTIN,justin.lee.allen,01A,4/28/2024 18:40,Yes,463.84315,Pass,Pass,Pass,Pass,80,Fail,,Fail
ALLISON,KEVIN,kevin.e.allison,01A,1/11/2024 13:42,Yes,453.84315,Pass,Pass,Pass,Pass,58,Fail,,Fail
ALSUWAIDI,AHMED SAIF ABDULLA AHMED,alsuwaidi@hotmail.fr,01D,5/1/2024 8:25,Yes,473.13073,Pass,Pass,Pass,Pass,72,,Fail,Fail
ANDERSON,ALEX,alex.r.anderson,01C,1/4/2024 7:39,Yes,444.98694,Pass,Pass,Pass,Pass,60,Fail,,Fail
ANDERSON,ANTHONY,anthony.s.anderson2,01B,2/26/2024 9:47,Yes,492.55557,Pass,Pass,Pass,Pass,76,Fail,,Fail
ANDERSON,ROBERT,robert.edwin.anderson,01D,5/28/2024 13:14,Yes,433.97694,Pass,Pass,Pass,Pass,50,Fail,,Fail
ANDERSON,STACEY,stacey.c.anderson,01C,5/27/2024 19:54,Yes,420.8121,Pass,Pass,Pass,Pass,62,,Fail,Fail
ANDERSON,STEPHEN,stephen.anderson8,01B,1/25/2024 12:22,Yes,446.98694,Pass,Pass,Pass,Pass,64,Fail,,Fail
ANDRADE LAZO,JOSE ARMANDO,joseaal@hotmail.com,01C,6/6/2024 19:55,Yes,436.48936,Pass,Pass,Pass,Pass,48,,Fail,Fail
ARNOLD,MICHAEL,michael.a.arnold36,01D,11/7/2023 20:27,Yes,467.41178,Pass,Pass,Pass,Pass,70,Fail,,Fail
ARVIN,STRAFER,strafer.arvin,01C,5/29/2024 9:53,Yes,486.83662,Pass,Pass,Pass,Pass,68,Fail,,Fail
BARRETT,ADAM,adam.r.barrett,01A,4/5/2024 9:42,Yes,443.69936,Pass,Pass,Pass,Pass,62,Fail,,Fail
BEBO,STEVEN,steven.bebo,01B,4/4/2024 19:23,Yes,485.76799,Pass,Pass,Pass,Pass,78,Fail,,Fail
BRENC,JOSHUA,joshua.d.brenc.mil,01B,12/12/2023 13:49,Yes,438.43831,Pass,Pass,Pass,Pass,60,Fail,,Fail
BROWN,LINDA,linda.d.brown,01D,11/16/2023 22:49,Yes,464.71936,Pass,Pass,Pass,Pass,78,Fail,,Fail
BURK,BENJAMIN,benjamin.m.burk,01B,5/8/2024 23:45,Yes,472.05557,Pass,Pass,Pass,Pass,68,Fail,,Fail
CASE,NIKKOLE,nikkole.l.case,01C,11/16/2023 20:36,Yes,434.77452,Pass,Pass,Pass,Pass,64,Fail,,Fail
CAVERLY,DAVID,david.a.caverly,01A,5/7/2024 20:50,Yes,461.50694,Pass,Pass,Pass,Pass,76,Fail,,Fail
CLAASSEN,GRANT,grant.claassen,01B,4/26/2024 10:46,Yes,454.91178,Pass,Pass,Pass,Pass,62,Fail,,Fail
DAVIS,ALFRANZO,alfranzo.davis,01B,2/13/2024 16:54,Yes,452.63073,Pass,Pass,Pass,Pass,58,,Fail,Fail
DEARBORN,STEVEN,steven.dearborn,01A,5/9/2024 8:54,Yes,504.26799,Pass,Pass,Pass,Pass,84,Fail,,Fail
ENGELBRECHT,ERIC,eric.e.engelbrecht,01C,11/7/2023 11:11,Yes,396.46936,Pass,Pass,Pass,Pass,38,Fail,,Fail
ERICKSON,LILY,lily.a.erickson,01D,2/1/2024 10:31,Yes,445.43936,Pass,Pass,Pass,Pass,54,Fail,Fail,Fail
FELKER,JOHN,john.felker1,01A,5/17/2024 8:54,Yes,502.41178,Pass,Pass,Pass,Pass,90,Fail,,Fail
GRAHAM,MICHAEL,michael.a.graham3,01D,2/22/2024 14:19,Yes,457.13073,Pass,Pass,Pass,Pass,70,Fail,,Fail
GRISWOULD,GORDON,gordon.griswould,01A,1/4/2024 13:26,Yes,477.93178,Pass,Pass,Pass,Pass,72,Fail,,Fail
HENRIQUEZ,JORGE,jorge.a.henriquez,01B,4/30/2024 12:46,Yes,426.59315,Pass,Pass,Pass,Pass,48,Fail,,Fail
HOOD,HAYWARD,hayward.hood,01D,4/22/2024 9:37,Yes,495.85662,Pass,Pass,Pass,Pass,78,Fail,,Fail
KAMBERAJ,MIRFILE,kmirfila@gmail.com,01B,12/6/2023 12:53,Yes,533.6763,Pass,Pass,Pass,Pass,62,,Pass,Pass
KHAN,MOHAMMED,mohammed.khan5,01A,3/25/2024 21:35,Yes,520.08662,Pass,Pass,Pass,Pass,80,Fail,,Fail
KOEHN,KEVIN,kevin.s.koehn,01C,4/25/2024 12:22,Yes,454.27452,Pass,Pass,Pass,Pass,72,Fail,,Fail
LECLERC,JAYME,jayme105@live.com,01C,5/16/2024 13:52,Yes,481.63073,Pass,Pass,Pass,Pass,86,,Fail,Fail
MCCONVILLE,BRIAN,brian.mcconville,01C,11/16/2023 14:20,Yes,460.34315,Pass,Pass,Pass,Pass,74,Fail,,Fail
MCLAUGHLIN,MARK,mark.c.mclaughlin3,01C,11/17/2023 7:25,Yes,422.36315,Pass,Pass,Pass,Pass,72,Fail,,Fail
MEDINA,KENNETH,kenny.medina,01A,5/3/2024 6:09,Yes,491.91178,Pass,Pass,Pass,Pass,80,Fail,,Fail
MEIDENBAUER,MARY,mary.r.meidenbauer,01B,3/6/2024 10:50,Yes,481.30557,Pass,Pass,Pass,Pass,80,Fail,,Fail
MENDOUA,JEAN,jeanyvesmendoua@gmail.com,01A,2/8/2024 2:55,Yes,406.04,Pass,Pass,Pass,Pass,64,,Fail,Needs Evaluation
METCALFE,KERRY,kerry.metcalfe,01D,11/29/2023 8:38,Yes,428.27452,Pass,Pass,Pass,Pass,54,Fail,,Fail
MOCK,JEFFREY,jeffrey.m.mock,01A,3/25/2024 9:26,Yes,460.84315,Pass,Pass,Pass,Pass,68,Fail,,Fail
NEWSOME,HENIAN,henian.newsome,01C,10/25/2023 9:12,Yes,502.43178,Pass,Pass,Pass,Pass,50,Fail,Fail,Fail
OLSON,JERRED,jerred.olson,01B,2/13/2024 12:50,Yes,445.40831,Pass,Pass,Pass,Pass,70,Fail,,Fail
PERKINS,BRANDON,brandon.p.perkins,01B,5/30/2024 8:44,Yes,444.72694,Pass,Pass,Pass,Pass,56,Fail,,Fail
REASONOVER,WILLIAM,william.b.reasonover,01C,1/4/2024 10:54,Yes,503.76799,Pass,Pass,Pass,Pass,84,Fail,,Fail
SEGGEL,PETER,peter.j.seggel,01D,10/27/2023 19:15,Yes,476.50041,Pass,Pass,Pass,Pass,70,Fail,,Fail
SEGUIN,DANIEL,daniel.seguin,01D,3/16/2024 22:38,Yes,462.84315,Pass,Pass,Pass,Pass,66,Fail,,Fail
SINAN,HUSSAIN,6290hussainsinan@gmail.com,01A,5/1/2024 20:52,Yes,433.75694,Pass,Pass,Pass,Pass,64,,Fail,Fail
SINCLAIR,EWAN ANTHONY,sinclairewan14@gmail.com,01B,11/10/2023 15:43,Yes,501.98041,Pass,Pass,Pass,Pass,84,,Fail,Fail
TROXELL,MARGARET-ELIZABETH,margaretelizabeth.s.troxell,01A,4/4/2024 10:21,Yes,492.59315,Pass,Pass,Pass,Pass,76,Fail,,Fail
WARD,LAUREN,lauren.a.ward2,01A,4/9/2024 15:19,Yes,487.3742,Pass,Pass,Pass,Pass,78,Fail,,Fail
WESSEWANE-DESYEYE ZATO,FABRICE,22.wessewane.desyeye.fabrice.esam2@gmail.com,01D,1/12/2024 8:26,Yes,442.90178,Pass,Pass,Pass,Pass,48,,Fail,Fail
WILCOX,JOSHUA,joshua.g.wilcox,01D,5/9/2024 6:49,Yes,480.40178,Pass,Pass,Pass,Pass,70,Fail,,Fail
WILLIAMS,CODY,cody.andre.williams,01D,4/18/2024 8:34,Yes,450.55557,Pass,Pass,Pass,Pass,70,Fail,,Fail
WILSON,ROGER,roger.dale.wilson,01B,4/4/2024 15:50,Yes,454.91178,Pass,Pass,Pass,Pass,66,Fail,,Fail
WITT,PHILIP,philip.witt,01C,5/30/2024 15:08,Yes,439.36315,Pass,Pass,Pass,Pass,62,Fail,,Fail
WOOLFORD,ADAM,adam.c.woolford,01B,5/27/2024 20:40,Yes,477.68178,Pass,Pass,Pass,Pass,72,Fail,,Fail
WU,ANSON,anson.wu,01D,12/12/2023 13:16,Yes,433.43831,Pass,Pass,Pass,Pass,58,Fail,,Fail
YATES,MAXWELL,maxwell.yates,01A,5/6/2024 15:39,Yes,472.36315,Pass,Pass,Pass,Pass,64,Fail,,Fail
ZAMBRANA GONZALEZ,FRANKLIN,f.zambranagonzalez,01C,9/6/2023 19:31,Yes,430.69936,Pass,Pass,Pass,Pass,54,Fail,,Fail
