﻿"Last Name","First Name","Username","Learner ID","Last Access","Availability","Total [Total Pts: up to 699.96735 Score] |403310","C100F - Final Grade (Pass/Fail) [Total Pts: 100 Pass/Fail] |403315","C100A1 IDP [Total Pts: 100 Pass/Fail] |403322","C171A1 Argumentative Essay [Total Pts: 100 Pass/Fail] |403325","C172A1 Info Brief [Total Pts: 100 Pass/Fail] |403329","C400B1 Diagnostic Exam [Total Pts: 100 Score] |403332","F100B1 Pretest (U.S.) [Total Pts: 100 Pass/Fail] |403333","F100B1 Pretest (IMS) [Total Pts: 100 Pass/Fail] |403335","S100B1 Pretest [Total Pts: 99.96735 Pass/Fail] |403336"
"ALLEN","JOHN","john.a.allen4","15C","2024-05-22 10:04:19","Yes","490.33662","Pass","Pass","Pass","Pass","84.00","Fail","","Fail"
"ALQHTANI","ABDULAZIZ","abdulaziz-alqhtani@outlook.com","15A","2024-04-25 11:32:30","Yes","401.16831","Pass","Pass","Pass","Pass","64.00","","Fail","Fail"
"BAILEY","MICHAEL","michael.bailey33","15C","2024-05-29 10:48:53","Yes","463.71936","Pass","Pass","Pass","Pass","72.00","Fail","","Fail"
"BILICKI","HEATHER","heather.r.bilicki","15B","2024-04-01 14:56:27","Yes","459.48694","Pass","Pass","Pass","Pass","68.00","Fail","","Fail"
"BLONG","CYDNEY","cydney.m.blong","15C","2023-11-01 13:50:54","Yes","432.84315","Pass","Pass","Pass","Pass","54.00","Fail","","Fail"
"BOON-IAM","PORNWACHARA","pond4657@gmail.com","15C","2024-06-02 16:35:58","Yes","513.97388","Pass","Pass","Pass","Pass","74.00","","Fail","Pass"
"BURNS","CALVIN","calvin.m.burns","15A","2024-04-11 10:50:41","Yes","464.05557","Pass","Pass","Pass","Pass","70.00","Fail","","Fail"
"CATERINICCHIO","DEREK","derek.a.caterinicchio","15D","2024-04-27 10:54:43","Yes","457.8642","Pass","Pass","Pass","Pass","52.00","Fail","","Fail"
"CHAVIS","SAMANTHA","samantha.watson","15A","2024-05-30 16:24:30","Yes","509.48041","Pass","Pass","Pass","Pass","76.00","Fail","","Fail"
"CLINCY","ADDISON","addison.clincy","15D","2023-12-07 07:44:11","Yes","439.84315","Pass","Pass","Pass","Pass","62.00","Fail","","Fail"
"COKER","RYAN","ryan.v.coker","15C","2024-05-13 09:22:17","Yes","460.69936","Pass","Pass","Pass","Pass","66.00","Fail","","Fail"
"CRAWFORD","SEAN","sean.r.crawford","15A","2024-01-11 09:54:28","Yes","469.59315","Pass","Pass","Pass","Pass","72.00","Fail","","Fail"
"Davis","Jesse","jesse.w.davis","15B","2024-05-01 12:12:32","Yes","464.98694","Pass","Pass","Pass","Pass","78.00","Fail","","Fail"
"FOKY","DANIEL","daniel.louis.foky","15A","2024-06-03 05:48:13","Yes","486.48041","Pass","Pass","Pass","Pass","76.00","Fail","","Fail"
"GREGORY","SHANNON","shannon.m.fong","15B","2024-04-03 07:17:57","Yes","451.62073","Pass","Pass","Pass","Pass","68.00","Fail","","Fail"
"GROVER","WILLIAM","william.grover","15A","2024-05-16 20:29:21","Yes","456.76799","Pass","Pass","Pass","Pass","56.00","Fail","","Fail"
"HACHINSKY","CORDELL","cordell.hachinsky","15A","2024-02-18 16:08:12","Yes","416.34968","Pass","Pass","Pass","Pass","62.00","Fail","","Fail"
"HAGY","AMBER","amber.v.hagy","15D","2024-05-29 06:50:53","Yes","459.65073","Pass","Pass","Pass","Pass","60.00","Fail","","Fail"
"HARMS","ALEXANDER","alexander.j.harms","15B","2024-04-30 10:32:34","Yes","451.55557","Pass","Pass","Pass","Pass","62.00","Fail","","Fail"
"HEPBURN","TIMOTHY","timothy.r.hepburn","15C","2024-04-27 09:33:29","Yes","444.41178","Pass","Pass","Pass","Pass","62.00","Fail","","Fail"
"HOLM","ERIC","eric.j.holm","15B","2024-03-18 08:54:07","Yes","418.77452","Pass","Pass","Pass","Pass","64.00","Fail","","Fail"
"HOPKINS","DALLAS","dallas.hopkins","15D","2024-01-24 21:15:10","Yes","470.35662","Pass","Pass","Pass","Pass","86.00","Fail","","Fail"
"HSIEH","LAWRENCE","lawrence.y.hsieh","15A","2024-01-18 12:26:25","Yes","455.30557","Pass","Pass","Pass","Pass","64.00","Fail","","Fail"
"IORIO","AUSTIN","austin.m.iorio","15B","2023-11-15 11:07:06","Yes","456.69936","Pass","Pass","Pass","Pass","72.00","Fail","","Fail"
"ISLAM","MD ZIAUL","zia7889.bcc@gmail.com","15B","2024-03-22 08:15:28","Yes","505.54904","Pass","Pass","Pass","Pass","86.00","","Fail","Fail"
"JACKSON","DANIEL","daniel.m.jackson3","15D","2024-03-25 14:44:30","Yes","454.93283","Pass","Pass","Pass","Pass","64.00","Fail","","Fail"
"Johnson","Kevin","kevin.johnson68","15A","2024-02-27 12:12:41","Yes","421.23694","Pass","Pass","Pass","Pass","36.00","Fail","","Fail"
"KEENAN","ALAN","alan.keenan","15C","2024-05-22 07:26:22","Yes","499.55557","Pass","Pass","Pass","Pass","78.00","Fail","","Fail"
"KOLLEDA","AARON","aaron.n.kolleda","15D","2023-11-22 07:51:13","Yes","459.38073","Pass","Pass","Pass","Pass","68.00","Fail","","Fail"
"KOROMA","MORIE","murinahkoroma@gmail.com","15A","2024-05-16 20:34:15","Yes","426.41831","Pass","Pass","Pass","Pass","52.00","","Fail","Fail"
"KOVELL","JAMES","james.kovell","15C","2024-03-26 14:16:31","Yes","445.75","Pass","Pass","Pass","Pass","80.00","Fail","",""
"KOZIOL","MARIUSZ","mariuszkoziol180@gmail.com","15D","2024-02-21 13:45:58","Yes","442.13073","Pass","Pass","Pass","Pass","68.00","","Fail","Fail"
"LEE","MICHAEL","michael.j.lee5","15B","2024-01-23 17:34:06","Yes","478.16178","Pass","Pass","Pass","Pass","86.00","Fail","","Fail"
"LEWIS","THOMAS","thomas.lewis22","15D","2023-12-01 09:41:24","Yes","459.8742","Pass","Pass","Pass","Pass","66.00","Fail","","Fail"
"LUCAS","CODY","cody.b.lucas","15D","2023-11-15 08:04:33","Yes","449.12073","Pass","Pass","Pass","Pass","56.00","Fail","","Fail"
"MOYA","JUAN","juan.c.moya","15D","2024-03-05 16:51:32","Yes","526.97388","Pass","Pass","Pass","Pass","80.00","Fail","","Pass"
"NELSON","DEVIN","devin.j.nelson","15B","2023-11-08 08:32:18","Yes","405.13073","Pass","Pass","Pass","Pass","40.00","Fail","","Fail"
"NOLA","ROCCO","rocconola.rn@gmail.com","15B","2024-02-14 09:26:17","Yes","483.1242","Pass","Pass","Pass","Pass","84.00","","Fail","Fail"
"OLSON","TIMOTHY","timothy.m.olson4","15C","2024-01-08 09:32:20","Yes","453.54557","Pass","Pass","Pass","Pass","68.00","Fail","Fail","Fail"
"OLSON","TYLER","tyler.s.olson","15A","2024-01-26 14:09:20","Yes","458.69936","Pass","Pass","Pass","Pass","66.00","Fail","","Fail"
"PFEIFFER","GLEN","glen.p.pfeiffer","15C","2024-02-24 21:58:22","Yes","549.25694","Pass","Pass","Pass","Pass","74.00","Fail","Fail","Fail"
"POTTER","BENJAMIN","benjamin.potter3","15A","2024-05-18 14:20:16","Yes","510.33662","Pass","Pass","Pass","Pass","90.00","Fail","","Fail"
"PUTNOKY,JR","THOMAS","thomas.putnoky","15C","2024-05-30 08:00:09","Yes","449.59315","Pass","Pass","Pass","Pass","60.00","Fail","","Fail"
"QIU","MENGYUAN","mengyuan.qiu","21A","2023-10-13 15:40:39","Yes","454.44936","Pass","Pass","Pass","Pass","70.00","Fail","","Fail"
"QUINTANA","MARGARITA","margarita.r.quintana","15A","2023-10-30 20:01:42","Yes","392.3121","Pass","Pass","Pass","Pass","36.00","","Fail","Fail"
"RAMOS","SAUL","saul.ramos","15A","2023-12-07 11:17:25","Yes","455.77452","Pass","Pass","Pass","Pass","56.00","Fail","","Fail"
"Reynolds","Denzel","denzel.reynolds","15B","2024-01-08 09:53:42","Yes","475.33662","Pass","Pass","Pass","Pass","62.00","Fail","","Fail"
"RICHARDSON","IAN","ian.d.richardson2","15D","2023-11-02 13:30:33","Yes","500.91178","Pass","Pass","Pass","Pass","82.00","Fail","","Fail"
"ROBBINS","BRENT","brent.robbins","15D","2024-05-22 08:31:19","Yes","430.36315","Pass","Pass","Pass","Pass","38.00","Fail","","Fail"
"SCHULTZ","IAN","ian.d.schultz","15C","2023-10-26 12:43:41","Yes","466.55557","Pass","Pass","Pass","Pass","72.00","Fail","","Fail"
"SMITH","PETER","peter.n.smith2","15C","2024-05-28 08:32:09","Yes","493.90525","Pass","Pass","Pass","Pass","72.00","Fail","","Fail"
"STALEY","IAN","ian.staley","15B","2024-03-22 09:09:30","Yes","500.1242","Pass","Pass","Pass","Pass","86.00","Fail","","Fail"
"STALLWORTH","ANTHONY","anthony.stallworthjr","15D","2024-05-20 13:18:06","Yes","529.04251","Pass","Pass","Pass","Pass","80.00","Fail","","Pass"
"SWARTBOOI","BERLINTA","berlintas9@gmail.com","15C","2024-02-23 12:22:48","Yes","423.40073","Pass","Pass","Pass","Pass","46.00","","Fail","Fail"
"TAYLOR","ANGELICA","angelica.t.taylor","15B","2024-02-28 18:44:47","Yes","468.69936","Pass","Pass","Pass","Pass","80.00","Fail","","Fail"
"WASHINGTON","XAVIER","xavier.washington2","15C","2024-05-23 11:23:06","Yes","416.15073","Pass","Pass","Pass","Pass","44.00","Fail","","Fail"
"WEEKLEY","CHARLES","charles.weekley","15A","2023-09-27 08:28:19","Yes","418.69283","Pass","Pass","Pass","Pass","","Fail","","Fail"
"WENCL","DOUGLAS","douglas.wencl","15B","2024-05-01 13:12:39","Yes","499.76799","Pass","Pass","Pass","Pass","80.00","Fail","","Fail"
"WHITSON","ANTHONY","anthony.b.whitson","15B","2024-03-26 13:08:30","Yes","502.76146","Pass","Pass","Pass","Pass","56.00","Fail","","Fail"
"ZARKER","LESLIE","leslie.d.zarker","15D","2024-01-12 08:26:28","Yes","455.83662","Pass","Pass","Pass","Pass","62.00","","Fail","Fail"
