﻿"Last Name","First Name","Username","Learner ID","Last Access","Availability","Total [Total Pts: up to 699.96735 Score] |403394","C100F - Final Grade (Pass/Fail) [Total Pts: 100 Pass/Fail] |403399","C100A1 IDP [Total Pts: 100 Pass/Fail] |403406","C171A1 Argumentative Essay [Total Pts: 100 Pass/Fail] |403409","C172A1 Info Brief [Total Pts: 100 Pass/Fail] |403413","C400B1 Diagnostic Exam [Total Pts: 100 Score] |403416","F100B1 Pretest (U.S.) [Total Pts: 100 Pass/Fail] |403417","F100B1 Pretest (IMS) [Total Pts: 100 Pass/Fail] |403419","S100B1 Pretest [Total Pts: 99.96735 Pass/Fail] |403420"
"ACERO DE LA PARRA","DIETRICH","ditreck@hotmail.com","18C","2024-05-15 14:02:16","Yes","509.8742","Pass","Pass","Pass","Pass","88.00","","Fail","Fail"
"ALQHTANI","MOTEB FAHAD","motebalqhtani0@gmail.com","18A","2023-10-22 16:08:16","Yes","289.01347","Pass","","Pass","Pass","30.00","","Fail","Fail"
"BEAUDOIN","MORGHAN","morghan.e.beaudoin","18C","2024-03-27 14:18:30","Yes","449.98694","Pass","Pass","Pass","Pass","56.00","Fail","","Fail"
"BEIDARI MAMOUDOU","MOCTAR","moctarbeidarimamoudou@gmail.com","18B","2024-03-07 23:21:25","Yes","463.69936","Pass","Pass","Pass","Pass","64.00","","Fail","Fail"
"BOSTICK","JOSEPH","joseph.bostick","18A","2024-04-24 13:07:29","Yes","324.3121","Pass","","Pass","Pass","58.00","Fail","","Fail"
"BOYD","JUSTIN","justin.n.boyd","18D","2023-10-10 07:57:12","Yes","476.71936","Pass","Pass","Pass","Pass","68.00","Fail","","Fail"
"BUJOLD","JEAN-JAQUES","jjb_104@hotmail.com","18C","2023-12-05 20:43:25","Yes","480.19936","Pass","Pass","Pass","Pass","72.00","","Fail","Fail"
"CANCEL","GUSTAVO","gustavo.j.cancel","18D","2024-05-30 16:16:30","Yes","471.6242","Pass","Pass","Pass","Pass","68.00","Fail","","Fail"
"CONSER","DAVID","david.conser","18C","2023-11-08 10:51:04","Yes","475.56557","Pass","Pass","Pass","Pass","68.00","Fail","","Fail"
"COUGHLIN","NEAL","neal.coughlin","18D","2024-05-28 13:46:52","Yes","465.1242","Pass","Pass","Pass","Pass","48.00","Fail","","Fail"
"DEGRISTINA","ANTHONY","anthony.p.degristina","18D","2023-11-02 12:59:33","Yes","487.26799","Pass","Pass","Pass","Pass","78.00","Fail","","Fail"
"DENNIS","GEOFFREY","geoffrey.dennis1","18A","2023-11-29 15:06:21","Yes","339.48694","Pass","","Pass","Pass","64.00","Fail","","Fail"
"DODD","ZEKE","zeke.dodd","18A","2024-04-24 11:13:29","Yes","376.55557","Pass","","Pass","Pass","70.00","Fail","","Fail"
"DUNN","ANDREW","andrew.c.dunn14","18D","2024-05-30 10:36:58","Yes","454.12073","Pass","Pass","Pass","Pass","68.00","Fail","","Fail"
"DUVIELLA","ERIC","eric.duviella","18C","2024-01-23 07:48:56","Yes","501.11767","Pass","Pass","Pass","Pass","76.00","","Fail","Fail"
"FISCHER","BETHANY","bethany.fischer","18D","2024-01-11 08:31:21","Yes","512.28146","Pass","Pass","Pass","Pass","78.00","Fail","","Fail"
"FITRAWAN","YUSFI","yusfi.fitrawan@gmail.com","18B","2024-04-02 22:37:04","Yes","532.40525","Pass","Pass","Pass","Pass","80.00","","Pass","Fail"
"GRIEDER","LUKE","luke.j.grieder","18D","2023-11-07 21:12:18","Yes","488.6442","Pass","Pass","Pass","Pass","72.00","Fail","","Fail"
"HARDEE","KATHLEEN","kathleen.hardee1","18C","2024-05-30 12:54:10","Yes","431.50694","Pass","Pass","Pass","Pass","56.00","Fail","","Fail"
"HAVER","SHAYE","shaye.haver","18D","2024-06-05 15:14:58","Yes","481.26799","Pass","Pass","Pass","Pass","68.00","Fail","","Fail"
"HOOVER","JASON","jason.d.hoover","18A","2023-11-16 21:02:09","Yes","379.1242","Pass","","Pass","Pass","68.00","Fail","","Fail"
"JONES","VICTORIA","victoria.a.jones2","18D","2023-11-03 08:30:37","Yes","443.64178","Pass","Pass","Pass","Pass","52.00","Fail","","Fail"
"JORDAN","PARKER","parker.jordan","18D","2024-04-30 20:46:32","Yes","534.54904","Pass","Pass","Pass","Pass","86.00","Pass","","Fail"
"LEE","UNNA","unna.r.lee","18A","2024-04-26 12:41:28","Yes","365.26799","Pass","","Pass","Pass","74.00","Fail","","Fail"
"LEWIS","BRETT","brett.g.lewis","18D","2024-04-30 10:46:31","Yes","494.04557","Pass","Pass","Pass","Pass","86.00","Fail","","Fail"
"LYNCH","MEGAN","megan.m.lynch","18A","2024-04-29 07:51:33","Yes","337.92936","Pass","","Pass","Pass","58.00","Fail","","Fail"
"MARSH","THOMAS","thomas.j.marsh2","18C","2024-05-16 06:46:21","Yes","445.63073","Pass","Pass","Pass","Pass","68.00","Fail","","Fail"
"MATTESON","CHRISTOPHER","c.matteson","18B","2024-04-28 11:05:30","Yes","444.02452","Pass","Pass","Pass","Pass","64.00","Fail","","Fail"
"MCDONALD","CHRISTOPHER","chris.mcdonald1","18B","2024-03-25 14:55:31","Yes","476.18936","Pass","Pass","Pass","Pass","64.00","Fail","","Fail"
"MCGEE","IAN","gee.ian.mc","18C","2024-04-08 09:55:37","Yes","485.43178","Pass","Pass","Pass","Pass","78.00","Fail","","Fail"
"Michel","Vincent","vincent.michel","21A","2024-02-13 16:44:28","Yes","404.34315","Pass","","Pass","Pass","86.00","Fail","","Fail"
"MINNIE","CALEB","caleb.minnie","18C","2023-11-16 16:52:13","Yes","452.94936","Pass","Pass","Pass","Pass","68.00","Fail","","Fail"
"MOONEY","JAMES","james.mooney7","18C","2024-03-22 16:07:28","Yes","450.63073","Pass","Pass","Pass","Pass","58.00","Fail","","Fail"
"NELSON","THOMAS","thomas.d.nelson2","18B","2024-04-28 21:24:29","Yes","428.80557","Pass","Pass","Pass","Pass","50.00","Fail","","Fail"
"NISSEN","KAY","kay.m.nissen","21A","2024-01-22 12:09:11","Yes","426.89831","Pass","Pass","Pass","Pass","60.00","Fail","","Fail"
"OKADA","LAUREN","lauren.okada","18B","2024-03-22 07:50:28","Yes","484.83662","Pass","Pass","Pass","Pass","56.00","Fail","","Fail"
"OLIVEIRA","TADEU","tadeuppo@gmail.com","18D","2024-01-06 07:40:41","Yes","551.54251","Pass","Pass","Pass","Pass","78.00","","Pass","Pass"
"OLSON","MICHAEL","michael.j.olson3","18B","2024-03-05 22:35:53","Yes","540.11767","Pass","Pass","Pass","Pass","80.00","Pass","","Fail"
"PARENTI","PHILIP","philip.parenti","18A","2024-04-26 06:07:31","Yes","394.85662","Pass","","Pass","Pass","80.00","Fail","","Fail"
"PERDIGAO","JOHN","john.a.perdigao","18B","2024-05-10 10:04:16","Yes","456.63073","Pass","Pass","Pass","Pass","72.00","Fail","","Fail"
"ROBINSON","DANIEL","daniel.robinson12","18D","2024-05-01 09:48:32","Yes","481.48041","Pass","Pass","Pass","Pass","68.00","Fail","","Fail"
"RUSSELL","KENNETH","kenneth.russell5","18B","2024-04-29 08:50:29","Yes","490.59315","Pass","Pass","Pass","Pass","76.00","Fail","","Fail"
"RUTHERFORD","KEVIN","kevin.r.rutherford","18B","2024-04-18 15:46:45","Yes","493.30557","Pass","Pass","Pass","Pass","78.00","Fail","","Fail"
"SCHMIDT","CARL","carl.j.schmidt","18B","2023-11-17 07:39:09","Yes","465.84315","Pass","Pass","Pass","Pass","74.00","Fail","","Fail"
"SCHMITZ","JOSHUA","joshua.l.schmitz","18D","2024-03-04 17:09:27","Yes","447.34315","Pass","Pass","Pass","Pass","56.00","Fail","","Fail"
"SHIELDS","TERRENCE","terrence.shields1","18A","2024-05-22 17:03:23","Yes","387.1242","Pass","","Pass","Pass","70.00","Fail","","Fail"
"SHOPTAUGH","BENJAMIN","benjamin.r.shoptaugh","18A","2024-06-03 08:12:13","Yes","371.1242","Pass","","Pass","Pass","66.00","Fail","","Fail"
"SIMON","JACK","jack.e.simon","18C","2024-05-30 08:48:58","Yes","456.02452","Pass","Pass","Pass","Pass","76.00","Fail","","Fail"
"THOMPSON","JONATHON","jonathon.thompson","18A","2024-04-28 18:45:33","Yes","394.98041","Pass","","Pass","Pass","76.00","Fail","","Fail"
"THORNTON","AMANDA","amanda.n.thornton","18B","2024-03-28 18:26:03","Yes","441.48694","Pass","Pass","Pass","Pass","52.00","Fail","","Fail"
"TORRES","NICOLE","nicole.m.torres8","18C","2023-11-14 11:14:25","Yes","413.24347","Pass","Pass","Pass","Pass","54.00","Fail","","Fail"
"TRAVERS","THOMAS","thomas.j.travers","18B","2024-04-29 23:24:31","Yes","444.41178","Pass","Pass","Pass","Pass","64.00","Fail","","Fail"
"TURI","MARIO","mario.d.turi","18C","2023-10-29 18:38:42","Yes","461.05557","Pass","Pass","Pass","Pass","74.00","Fail","","Fail"
"VALENZUELA","JOSEPH","joseph.valenzuela1","18B","2024-04-18 00:01:39","Yes","484.05557","Pass","Pass","Pass","Pass","74.00","Fail","","Fail"
"WAKIYOU","ALAKI","willalaki123@gmail.com","18A","2024-04-18 14:46:11","Yes","328.76799","Pass","","Pass","Pass","62.00","","Fail","Fail"
"WARD","ADAM","adam.k.ward","18D","2023-09-26 12:22:36","Yes","460.55557","Pass","Pass","Pass","Pass","66.00","Fail","","Fail"
"Workman","James","james.c.workman2","18A","2023-12-04 14:40:33","Yes","403.1242","Pass","","Pass","Pass","76.00","Fail","","Fail"
"WU","DI","di.n.wu","18C","2024-03-27 13:22:36","Yes","423.71242","Pass","Pass","Pass","Pass","70.00","Fail","","Fail"
"YOUNG","MARQUISE","quise.young","18C","2024-06-02 14:12:58","Yes","478.58315","Pass","Pass","Pass","Pass","92.00","Fail","","Fail"
