﻿"Last Name","First Name","Username","Learner ID","Last Access","Availability","Total [Total Pts: up to 799.96735 Score] |402946","C100F - Final Grade (Pass/Fail) [Total Pts: 100 Pass/Fail] |402951","C100A1 IDP [Total Pts: 100 Pass/Fail] |402958","C171A1 Argumentative Essay [Total Pts: 100 Score] |402961","C172A1 Info Brief [Total Pts: 100 Pass/Fail] |402965","C400B1 Diagnostic Exam [Total Pts: 100 Score] |402968","F100B1 Pretest (U.S.) [Total Pts: 100 Score] |402969","F100B1 Pretest (IMS) [Total Pts: 100 Score] |402971","S100B1 Pretest [Total Pts: 99.96735 Score] |402972"
"AARON","BURDT","aaron.r.burdt","02A","2024-05-06 06:54:55","Yes","649.80557","Pass","Pass","80.00","Pass","76.00","74.50","70.75","48.55557"
"ABLES","MITCHELL","mitchell.ables","02C","2024-03-21 08:35:27","Yes","549.05557","Pass","Pass","89.00","Pass","72.00","49.50","","48.55557"
"ABNEY","JAMES","james.h.abney","02C","2024-06-03 06:15:32","Yes","525.47694","Pass","Pass","84.00","Pass","72.00","39.49","","39.98694"
"ANDRADE","DERRICK","derrick.r.andrade","02B","2023-10-05 11:33:38","Yes","539.11315","Pass","Pass","100.00","Pass","62.00","34.27","","42.84315"
"BAIERLEIN","MICHAEL","michael.j.baierlein","02A","2024-05-24 11:02:18","Yes","567.19283","Pass","Pass","80.00","Pass","66.00","55.50","","65.69283"
"BARLEY","MICAH","micah.barley","02D","2024-05-29 05:49:53","Yes","576.6242","Pass","Pass","89.00","Pass","76.00","54.50","","57.1242"
"BEARD","LEVI","levi.t.beard","02A","2024-06-05 10:25:58","Yes","528.05557","Pass","Pass","80.00","Pass","52.00","","47.50","48.55557"
"BEDEL","JOSHUA","joshua.r.bedel","02B","2024-05-08 08:15:34","Yes","552.73694","Pass","Pass","100.00","Pass","62.00","50.75","","39.98694"
"BENSON","GATES","gates.b.benson","02B","2024-05-30 12:52:58","Yes","570.79557","Pass","Pass","100.00","Pass","68.00","54.24","","48.55557"
"BLONIARZ","MARK","mark.bloniarz","02D","2024-04-18 18:03:52","Yes","556.09315","Pass","Pass","85.00","Pass","66.00","62.25","","42.84315"
"BROOKS","QUINTON","quinton.k.brooks","02C","2023-11-16 16:17:13","Yes","549.13073","Pass","Pass","88.00","Pass","72.00","62.00","","37.13073"
"BRUNDIDGE","JOSEPH","joseph.g.brundidge","20A","2023-10-18 08:39:44","Yes","529.13073","Pass","Pass","92.00","Pass","64.00","36.00","","37.13073"
"BUCKLEY","JOHN","john.buckley7","02C","2023-10-05 10:52:23","Yes","427.74347","Pass","Pass","84.00","Pass","12.00","21.75","","19.99347"
"BURDICK","JANA","jana.m.burdick","02B","2024-05-30 14:44:30","Yes","570.88073","Pass","Pass","100.00","Pass","68.00","65.75","","37.13073"
"CLINTON","MELLORIE","mellorie.clinton","02D","2024-03-19 08:15:06","Yes","501.66706","Pass","Pass","81.24875","Pass","50.00","39.00","","31.41831"
"COLEMAN","JOSHUA","joshua.a.coleman","02A","2024-05-30 14:22:58","Yes","596.48041","Pass","Pass","80.00","Pass","78.00","78.50","","59.98041"
"COLLOT d' ESCURY","LOUIS-HENRI","lh.collotdescury@gmail.com","02B","2024-05-22 10:31:19","Yes","560.55557","Pass","Pass","100.00","Pass","74.00","","38.00","48.55557"
"CRUSSELLE","CHRISTOPHER","chris.crusselle","02A","2024-04-30 00:25:29","Yes","633.72388","Pass","Pass","80.00","Pass","94.00","79.75","","79.97388"
"CUTSINGER","DAVID","david.cutsinger","02C","2024-02-09 10:08:20","Yes","515.53799","Pass","Pass","87.00","Pass","50.00","34.27","","54.26799"
"DE LA O","ALEXANDRA","alexandra.delao","02D","2024-05-29 16:05:56","Yes","530.19936","Pass","Pass","85.00","Pass","44.00","55.50","","45.69936"
"FLESHER","ANDREW","andrew.d.flesher2","02C","2024-04-29 13:31:37","Yes","573.58662","Pass","Pass","89.00","Pass","74.00","57.75","","62.83662"
"GROTELUESCHEN","LUKE","luke.grotelueschen","02B","2024-01-25 15:22:21","Yes","561.6242","Pass","Pass","100.00","Pass","68.00","36.50","","57.1242"
"GUTIERREZ","MELANIE","melanie.e.flege","02D","2024-04-02 15:27:04","Yes","563.44283","Pass","Pass","88.50","Pass","68.00","41.25","","65.69283"
"HAYWARD","COLLIN","collin.j.hayward","20A","2023-11-02 09:55:33","Yes","579.33662","Pass","Pass","80.00","Pass","64.00","72.50","","62.83662"
"HEYWARD","CHRISTOPHER","christopher.t.heyward","02C","2024-02-12 09:35:29","Yes","498.66831","Pass","Pass","89.00","Pass","42.00","46.25","","31.41831"
"HILEMAN","HARRY","harry.hileman","02B","2024-04-02 11:53:56","Yes","515.41831","Pass","Pass","100.00","Pass","66.00","18.00","","31.41831"
"HOYING","PHILLIP","phillip.hoying","02C","2024-05-29 21:43:13","Yes","554.07557","Pass","Pass","95.00","Pass","60.00","60.52","","48.55557"
"HUGHES","MATTHEW","matthew.t.hughes2","02A","2024-06-02 13:36:31","Yes","553.26799","Pass","Pass","80.00","Pass","60.00","","59.00","54.26799"
"IVAS","JEFFREY","jeffrey.ivas","02D","2023-11-16 17:46:09","Yes","564.00694","Pass","Pass","93.00","Pass","78.00","53.02","","39.98694"
"KENNEDY","HEATH","heath.a.kennedy","02D","2023-11-20 09:28:15","Yes","581.83662","Pass","Pass","85.00","Pass","66.00","68.00","","62.83662"
"KERR","ALAN","alan.k.kerr","02B","2024-02-29 11:49:49","Yes","617.92525","Pass","Pass","100.00","Pass","74.00","72.52","","71.40525"
"KROLICKI","ANDREW","andrew.j.krolicki","02C","2024-05-29 11:13:11","Yes","547.34315","Pass","Pass","86.00","Pass","66.00","62.50","","42.84315"
"LANKFORD","ZACHARY","zachary.p.lankford","02A","2024-06-01 13:34:31","Yes","524.98694","Pass","Pass","80.00","Pass","64.00","41.00","","39.98694"
"LUGO","MANUEL","manuel.lugo","02B","2024-06-02 18:26:13","Yes","492.88726","Pass","Pass","100.00","Pass","42.00","33.75","","17.13726"
"MAIN","RICHARD","clint.main","02D","2024-05-29 10:16:22","Yes","560.19936","Pass","Pass","85.00","Pass","74.00","55.50","","45.69936"
"MAZZOLA","MARISSA","marissa.l.mazzola","02C","2024-02-27 10:31:41","Yes","501.02452","Pass","Pass","88.00","Pass","60.00","28.75","","34.27452"
"MCCANN","MICHAEL","michael.mccann1","02A","2024-06-05 08:18:14","Yes","552.6242","Pass","Pass","80.00","Pass","72.00","","43.50","57.1242"
"MOOREHOUSE","MELISSA","melissa.a.moorehouse","02A","2024-03-19 08:25:50","Yes","550.41178","Pass","Pass","80.00","Pass","70.00","49.00","","51.41178"
"MOUHKTAR","MOHAMED","mohamed.f.mouhktar","02B","2024-06-05 14:14:00","Yes","616.11767","Pass","Pass","100.00","Pass","80.00","59.00","","77.11767"
"NIELSEN","JEFFREY","jeffrey.nielsen1","20A","2023-11-28 09:55:20","Yes","598.33662","Pass","Pass","93.00","Pass","84.00","58.50","","62.83662"
"OECHSEL","MATTHEW","matthew.c.oechsel","02B","2024-05-06 19:36:27","Yes","560.05557","Pass","Pass","100.00","Pass","68.00","43.50","","48.55557"
"OMAR","MAHAMOUD HOUSSEIN","mahamoudpom25@hotmail.com","02D","2024-02-07 06:03:41","Yes","547.91178","Pass","Pass","80.00","Pass","64.00","","52.50","51.41178"
"PARKER","WILLIAM","william.parkeriv","02C","2024-05-31 12:26:05","Yes","545.05557","Pass","Pass","90.00","Pass","58.00","58.50","","48.55557"
"PHAM","ANNE","anne.m.pham@gmail.com","02C","2023-11-16 16:03:44","Yes","551.84315","Pass","Pass","88.00","Pass","74.00","","57.00","42.84315"
"POST","TOBIAS","tobiaspost1@gmail.com","02D","2024-04-09 14:09:37","Yes","579.83662","Pass","Pass","91.00","Pass","84.00","","42.00","62.83662"
"QUINTANA","DENISE","denise.y.quintana","02C","2024-05-30 10:18:04","Yes","528.68936","Pass","Pass","89.00","Pass","56.00","47.99","","45.69936"
"RAGEH","MOSTAFA ELDESOKEY MAHMOUD","mostafarageh28@yahoo.com","02A","2024-03-28 08:41:02","Yes","553.76799","Pass","Pass","80.00","Pass","76.00","","43.50","54.26799"
"RAMOS","CHRISTINA","christina.l.ramos","02A","2024-04-12 13:16:47","Yes","535.50694","Pass","Pass","80.00","Pass","84.00","31.52","","39.98694"
"ROBERTS","ANDREW","andrew.roberts14","02C","2024-01-26 08:21:35","Yes","567.28799","Pass","Pass","89.00","Pass","76.00","58.02","","54.26799"
"ROBISHAW","SEAN","sean.robishaw","02B","2024-05-07 18:28:33","Yes","563.76799","Pass","Pass","100.00","Pass","60.00","49.50","","54.26799"
"SANDOVAL","JULIA","julia.k.sandoval","02B","2024-05-08 11:22:34","Yes","592.83662","Pass","Pass","100.00","Pass","76.00","54.00","","62.83662"
"SHEPARD","CAREY","carey.w.shepard","02B","2023-11-07 09:01:35","Yes","560.26799","Pass","Pass","100.00","Pass","68.00","","38.00","54.26799"
"STORM","JOSHUA","joshua.ryan.storm","20A","2024-05-15 09:34:18","Yes","601.76146","Pass","Pass","93.50","Pass","88.00","46.00","","74.26146"
"TARRIO","ARNALDO","arnaldo.tarrio","02D","2024-02-28 08:35:37","Yes","561.76799","Pass","Pass","85.00","Pass","80.00","","42.50","54.26799"
"TAYLOR","CORNELIUS","cornelius.taylor2","02A","2024-04-15 16:38:54","Yes","481.50","Pass","Pass","80.00","Pass","58.00","43.50","",""
"THOMAS","SEAN","sean.r.thomas","02D","2024-05-22 12:11:22","Yes","577.33662","Pass","Pass","93.00","Pass","72.00","49.50","","62.83662"
"VASILEV","RADOSLAV","vasilev326@gmail.com","02A","2024-03-01 10:34:40","Yes","509.75","Pass","Pass","80.00","Pass","64.00","","65.75",""
"WATERMAN","SAMUEL","samuel.h.waterman","02C","2024-02-18 11:17:48","Yes","567.33662","Pass","Pass","92.00","Pass","64.00","58.50","","62.83662"
"YARDLEY","CONOR MCEWAN","conor.yardley@gmail.com","02B","2024-05-08 08:01:34","Yes","573.6242","Pass","Pass","100.00","Pass","70.00","","46.50","57.1242"
