﻿"Last Name","First Name","Username","Learner ID","Last Access","Availability","Total [Total Pts: up to 699.96735 Score] |403366","C100F - Final Grade (Pass/Fail) [Total Pts: 100 Pass/Fail] |403371","C100A1 IDP [Total Pts: 100 Pass/Fail] |403378","C171A1 Argumentative Essay [Total Pts: 100 Pass/Fail] |403381","C172A1 Info Brief [Total Pts: 100 Pass/Fail] |403385","C400B1 Diagnostic Exam [Total Pts: 100 Score] |403388","F100B1 Pretest (U.S.) [Total Pts: 100 Score] |403389","F100B1 Pretest (IMS) [Total Pts: 100 Score] |403391","S100B1 Pretest [Total Pts: 99.96735 Score] |403392"
"BIGGERSTAFF","TERRI","terri.a.biggerstaff","17C","2023-11-01 15:23:56","Yes","482.3842","Pass","Pass","Pass","Pass","66.00","48.26","","57.1242"
"BOND","JAMES","james.m.bond1","17D","2024-05-05 20:50:26","Yes","441.63073","Pass","Pass","Pass","Pass","62.00","42.50","","37.13073"
"Buchanan","Leon","leon.buchanan","17A","2024-01-16 08:16:56","Yes","446.36315","Pass","Pass","Pass","Pass","60.00","43.52","","42.84315"
"CHAMBERS","JAMES","james.chambers12","17C","2023-11-05 19:12:13","Yes","401.5621","Pass","Pass","Pass","Pass","40.00","22.00","","28.5621"
"DANIEL","TERESA","teresa.dennis","17D","2024-05-30 08:46:30","Yes","452.23694","Pass","Pass","Pass","Pass","58.00","54.25","","39.98694"
"DIETZEN","AMANDA","amanda.dietzen","17A","2024-03-29 18:14:21","Yes","502.29904","Pass","Pass","Pass","Pass","72.00","61.75","","68.54904"
"DYER","PAUL","paul.d.dyer","17A","2024-03-11 11:49:47","Yes","457.78799","Pass","Pass","Pass","Pass","62.00","41.52","","54.26799"
"ELLIOTT","BRIAN","brian.k.elliott","17C","2024-05-30 18:26:58","Yes","487.26799","Pass","Pass","Pass","Pass","72.00","50.00","","54.26799"
"ERICKSON","BRENT","brent.t.erickson","17D","2024-04-12 11:06:44","Yes","468.26799","Pass","Pass","Pass","Pass","64.00","50.00","","54.26799"
"GALDO","GENEVIEVE","genevieve.afan","17B","2023-10-24 18:16:16","Yes","419.8121","Pass","Pass","Pass","Pass","76.00","24.25","","28.5621"
"GAUGHAN","ERICA","erica.gaughan","17D","2024-04-17 13:26:55","Yes","491.98041","Pass","Pass","Pass","Pass","66.00","66.00","","59.98041"
"GIBBONS","GREG","gregory.e.gibbons","17B","2023-11-13 10:38:25","Yes","460.83315","Pass","Pass","Pass","Pass","84.00","","42.99","42.84315"
"GOOLD","PATRICK","patrick.s.goold","17A","2023-11-15 10:14:25","Yes","443.55557","Pass","Pass","Pass","Pass","62.00","33.00","","48.55557"
"GRAF","JASON","jason.graf","17A","2024-01-16 08:26:29","Yes","439.85315","Pass","Pass","Pass","Pass","64.00","33.01","","42.84315"
"GUTHRIE","DARRELL","darrell.j.guthrie","17A","2024-05-29 22:52:13","Yes","515.83662","Pass","Pass","Pass","Pass","80.00","73.00","","62.83662"
"HART","ALAN","alan.hart1","17D","2024-05-30 14:18:58","Yes","445.15073","Pass","Pass","Pass","Pass","58.00","50.02","","37.13073"
"HERRIDGE","KELSEY","kelsey.j.herridge","17B","2024-04-05 11:29:06","Yes","510.69283","Pass","Pass","Pass","Pass","90.00","61.00","","65.69283"
"HERRINGTON","WILLIAM","brad.herrington","17B","2024-03-08 06:08:30","Yes","463.41831","Pass","Pass","Pass","Pass","78.00","","59.00","31.41831"
"HIGGINS","CHRISTOPHER","christopher.higgins5","17A","2024-05-10 08:53:27","Yes","506.29904","Pass","Pass","Pass","Pass","80.00","57.75","","68.54904"
"HOAR","STEPHEN","stephen.hoar","17B","2024-01-04 07:35:41","Yes","421.59315","Pass","Pass","Pass","Pass","44.00","39.75","","42.84315"
"HOLZHEIMER","ANDREW","andrew.holzheimer","17D","2024-04-21 16:41:22","Yes","482.76799","Pass","Pass","Pass","Pass","64.00","64.50","","54.26799"
"JAY","JONATHAN","jonathan.jay","17A","2023-12-14 06:25:20","Yes","460.13073","Pass","Pass","Pass","Pass","60.00","63.00","","37.13073"
"KAUFMAN","DAVID","david.a.kaufman2","17C","2024-03-04 18:06:52","Yes","450.13073","Pass","Pass","Pass","Pass","58.00","44.00","","37.13073"
"Kearney","Jada","jada.n.salahuddin","17A","2024-02-05 09:21:40","Yes","438.84315","Pass","Pass","Pass","Pass","48.00","48.00","","42.84315"
"KETCHUM","MARK","mark.ketchum1","17C","2023-11-09 16:04:05","Yes","479.3742","Pass","Pass","Pass","Pass","66.00","45.25","","57.1242"
"KNOWLTON","KARL","karl.knowlton","17A","2024-04-06 13:29:32","Yes","501.26799","Pass","Pass","Pass","Pass","76.00","71.00","","54.26799"
"LANCIANO","JOSEPH","joe.lanciano","17C","2023-11-30 11:58:24","Yes","11,482.69936","Pass","Pass","Pass","Pass","70.00","56.00","","45.69936"
"LANE","CURT","curt.lane","17C","2024-01-08 08:27:34","Yes","11,493.59315","Pass","Pass","Pass","Pass","76.00","63.75","","42.84315"
"LEE","BRANDON","brandon.lee11","17A","2024-04-01 15:38:52","Yes","470.51799","Pass","Pass","Pass","Pass","70.00","46.25","","54.26799"
"LINDEMAN","TIMOTHY","timothy.lindeman1","21A","2024-05-01 06:14:34","Yes","504.55557","Pass","Pass","Pass","Pass","80.00","76.00","","48.55557"
"LOVAN","MICHAEL","michael.s.lovan","17D","2024-03-06 16:08:34","Yes","462.19936","Pass","Pass","Pass","Pass","66.00","50.50","","45.69936"
"MADRIGAL","BRETT","brett.i.madrigal","17D","2024-03-18 10:11:07","Yes","457.84315","Pass","Pass","Pass","Pass","70.00","45.00","","42.84315"
"MAKAR","STEPHEN","stephen.c.makar","17A","2023-11-10 07:48:31","Yes","440.72694","Pass","Pass","Pass","Pass","56.00","44.74","","39.98694"
"MCGUINE","AUSTIN","austin.j.mcguine","17C","2024-04-10 13:24:50","Yes","1,508.17283","Pass","Pass","Pass","Pass","78.00","53.48","","65.69283"
"MEYER","STEFANIE","stefanie.c.meyer","17C","2023-11-08 12:58:13","Yes","1,437.34315","Pass","Pass","Pass","Pass","50.00","33.50","","42.84315"
"MILLER","KEVIN","kevin.slayton.miller","17D","2023-11-17 06:25:13","Yes","495.41178","Pass","Pass","Pass","Pass","68.00","76.00","","51.41178"
"MUNOZ ESPARZA","BORIS NICOLAS","boris.munoz1@gmail.com","17C","2024-05-07 13:07:28","Yes","1,516.41178","Pass","Pass","Pass","Pass","76.00","","68.00","51.41178"
"NOVO","ADAM","adam.novo","17C","2024-04-23 17:07:29","Yes","2,513.43283","Pass","Pass","Pass","Pass","78.00","47.74","","65.69283"
"O'CONNELL","JONATHAN","jonathan.j.oconnell","17B","2024-05-13 08:27:13","Yes","488.82557","Pass","Pass","Pass","Pass","90.00","56.27","","48.55557"
"PENA","NICHOLAS","nick.pena","17C","2024-01-17 19:27:17","Yes","1,514.19283","Pass","Pass","Pass","Pass","78.00","48.50","","65.69283"
"PERIC","SINISA","pericnino@gmail.com","17D","2024-02-11 13:09:12","Yes","460.98041","Pass","Pass","Pass","Pass","52.00","","49.00","59.98041"
"POWERS","JEREMIAH","jeremiah.j.powers","17B","2024-02-24 15:51:00","Yes","474.76799","Pass","Pass","Pass","Pass","74.00","50.50","","54.26799"
"RICH","GREGORY","gregory.n.rich","17C","2024-04-10 22:13:24","Yes","478.32315","Pass","Pass","Pass","Pass","60.00","53.48","","42.84315"
"RIDLEY","RUSTY","rusty.s.ridley","17A","2023-11-14 20:51:25","Yes","481.43178","Pass","Pass","Pass","Pass","58.00","72.02","","51.41178"
"RINE","STEPHEN","stephen.rine","17B","2024-05-20 13:18:06","Yes","468.33662","Pass","Pass","Pass","Pass","68.00","43.50","","62.83662"
"RISNER","DAKOTA","dakota.m.risner","17B","2024-04-10 20:22:44","Yes","458.84315","Pass","Pass","Pass","Pass","72.00","51.00","","42.84315"
"RIVERA","FRANKLIN","franklin.rivera","17C","2024-02-29 13:12:33","Yes","2,330.41831","Pass","Pass","Pass","Pass","50.00","27.00","","31.41831"
"Robinson","Christopher","chris.m.robinson","17B","2023-12-27 16:36:25","Yes","366.50","Pass","Pass","Pass","Pass","52.00","19.50","",""
"ROBINSON","TRISTAN","tristan.a.robinson","17D","2024-04-16 14:34:54","Yes","458.30557","Pass","Pass","Pass","Pass","58.00","51.75","","48.55557"
"ROSALES","FRANCIS DE GUZMAN","ironman175me@gmail.com","17B","2023-10-27 11:36:42","Yes","483.1242","Pass","Pass","Pass","Pass","70.00","","64.00","57.1242"
"SALCEDO","LEMUEL","lemuel.l.salcedohernandez","17B","2024-05-06 14:13:55","Yes","478.21936","Pass","Pass","Pass","Pass","78.00","58.52","","45.69936"
"SARGEANT","DANIEL","daniel.g.sargeant","17D","2024-04-21 21:54:14","Yes","472.84315","Pass","Pass","Pass","Pass","62.00","68.00","","42.84315"
"SERRATO","PATRICK","patrick.serrato","17C","2023-11-08 15:32:16","Yes","2,360.58315","Pass","Pass","Pass","Pass","66.00","29.74","","42.84315"
"SHEEHY","CAMERON","cameron.n.sheehy","17B","2024-04-30 20:45:31","Yes","366.00","Pass","Pass","Pass","Pass","72.00","","",""
"SIWINGWA","ALINANI","alinanisiwingwa@gmail.com","17A","2023-11-11 13:32:05","Yes","418.27452","Pass","Pass","Pass","Pass","52.00","","32.00","34.27452"
"TREMBLAY","MELISSA","melissa.b.tremblay","17B","2024-05-14 08:17:14","Yes","471.55557","Pass","Pass","Pass","Pass","68.00","60.00","","48.55557"
"VELASCO","NATALIE","natalie.velasco","17D","2024-04-23 12:38:27","Yes","452.90831","Pass","Pass","Pass","Pass","62.00","59.49","","31.41831"
"Waheed","Ryan","khalid.r.waheed","17D","2024-04-17 13:23:55","Yes","474.08662","Pass","Pass","Pass","Pass","64.00","47.25","","62.83662"
"WAINER","ERICK","erick.wainer","17B","2024-04-11 13:41:43","Yes","471.51799","Pass","Pass","Pass","Pass","68.00","54.25","","54.26799"
