﻿"Last Name","First Name","Username","Learner ID","Last Access","Availability","Total [Total Pts: up to 699.96735 Score] |403422","C100F - Final Grade (Pass/Fail) [Total Pts: 100 Pass/Fail] |403427","C100A1 IDP [Total Pts: 100 Pass/Fail] |403434","C171A1 Argumentative Essay [Total Pts: 100 Pass/Fail] |403437","C172A1 Info Brief [Total Pts: 100 Pass/Fail] |403441","C400B1 Diagnostic Exam [Total Pts: 100 Score] |403444","F100B1 Pretest (U.S.) [Total Pts: 100 Score] |403445","F100B1 Pretest (IMS) [Total Pts: 100 Score] |403447","S100B1 Pretest [Total Pts: 99.96735 Score] |403448"
"ADAMS","ASHLEY","ashfortleavenworth@gmail.com","19C","2023-11-08 10:43:04","Yes","491.57557","Pass","Pass","Pass","Pass","74.00","","69.02","48.55557"
"AKANNI","OLUMIDE","olumide.akanni","20A","2024-02-26 07:42:01","Yes","478.26799","Pass","Pass","Pass","Pass","62.00","62.00","","54.26799"
"ALSABAEI","MOFAREH MAJED M","mfrhmajed@gmail.com","19A","2024-05-13 06:02:21","Yes","333.50","Pass","Pass","Pass","Pass","44.00","","9.50",""
"AMADORGARCIA","LIDILIA","lidilia.m.garcia","19B","2024-03-26 13:57:30","Yes","417.98694","Pass","Pass","Pass","Pass","46.00","32.00","0.00","39.98694"
"BARONE","STACEY","stacey.m.sadowski","19D","2024-05-02 09:59:10","Yes","491.67283","Pass","Pass","Pass","Pass","72.00","53.98","","65.69283"
"BAUMGARTEN","JURGEN","jurgen.baumgarten","19A","2024-01-24 12:52:08","Yes","504.6242","Pass","Pass","Pass","Pass","82.00","65.50","","57.1242"
"BEEBE","FREDERICK","frederick.beebe1","19A","2024-05-20 06:28:16","Yes","399.66178","Pass","Pass","Pass","Pass","38.00","10.25","","51.41178"
"BEN ABDALLAH","AMINE","aminjc2005@yahoo.fr","19A","2023-12-09 16:29:24","Yes","461.76799","Pass","Pass","Pass","Pass","80.00","","47.50","54.26799"
"BOLING","JEREMY","jeremy.r.boling","19D","2024-05-13 06:54:17","Yes","480.41831","Pass","Pass","Pass","Pass","68.00","71.00","","31.41831"
"BRADY","CHARLES","charles.p.brady2","19B","2024-04-06 21:01:44","Yes","486.83662","Pass","Pass","Pass","Pass","68.00","56.00","","62.83662"
"BRANSOM","CHARLES","charles.r.bransom","19C","2023-12-04 14:30:33","Yes","469.26799","Pass","Pass","Pass","Pass","64.00","51.00","","54.26799"
"BULEN","JENNAH","jennah.r.bulen","19A","2024-04-25 15:28:30","Yes","470.1242","Pass","Pass","Pass","Pass","68.00","45.00","","57.1242"
"CHAND","JOY","joy.r.chand","19B","2024-05-06 14:03:55","Yes","480.90178","Pass","Pass","Pass","Pass","68.00","61.49","","51.41178"
"COOKE","SIMON","simon.p.cooke","19A","2024-06-02 17:48:57","Yes","516.8121","Pass","Pass","Pass","Pass","64.00","68.50","60.75","28.5621"
"COSTELLO","JAMES","james.d.costello","19C","2023-11-16 21:42:13","Yes","462.05557","Pass","Pass","Pass","Pass","70.00","43.50","","48.55557"
"CUMBY","STEPHEN","stephen.j.cumby","19C","2023-11-17 07:31:13","Yes","493.86315","Pass","Pass","Pass","Pass","84.00","67.02","","42.84315"
"DAVIS","WHITNEY","whitney.c.davis","19C","2024-03-01 12:14:37","Yes","457.73694","Pass","Pass","Pass","Pass","66.00","51.75","","39.98694"
"DINKELACKER","CHRIS","c.dinkelacker","19B","2023-11-17 08:02:14","Yes","480.93178","Pass","Pass","Pass","Pass","80.00","49.52","","51.41178"
"DOYLE","ANDREW","andrew.j.doyle","19A","2024-05-29 10:38:56","Yes","444.34315","Pass","Pass","Pass","Pass","64.00","42.50","","42.84315"
"FRASSE","CHRISTOPHER","christopher.frasse","19A","2023-09-19 10:44:29","Yes","480.41178","Pass","Pass","Pass","Pass","62.00","67.00","","51.41178"
"FRUSH","JUSTIN","justin.frush","19C","2024-05-28 09:29:56","Yes","490.3942","Pass","Pass","Pass","Pass","74.00","59.27","","57.1242"
"GOODROE","KYLE","kyle.goodroe","19D","2024-03-04 08:37:34","Yes","452.91831","Pass","Pass","Pass","Pass","66.00","55.50","","31.41831"
"GOSNEY","KALE","kale.e.gosney","19B","2024-05-01 15:16:34","Yes","473.91178","Pass","Pass","Pass","Pass","64.00","58.50","","51.41178"
"GREENE","MARVIN","marvin.greene","19B","2023-11-16 19:41:13","Yes","466.8742","Pass","Pass","Pass","Pass","60.00","49.75","","57.1242"
"GUSTAFSON","NICHOLAS","nicholas.b.gustafson","19B","2024-05-15 10:54:25","Yes","474.48041","Pass","Pass","Pass","Pass","62.00","52.50","","59.98041"
"HAIGLER","DANIEL","daniel.s.haigler","19D","2024-02-08 12:16:20","Yes","460.13073","Pass","Pass","Pass","Pass","52.00","71.00","","37.13073"
"HAMER","DAVID","david.s.hamer","19C","2024-01-27 19:51:40","Yes","514.83662","Pass","Pass","Pass","Pass","80.00","72.00","","62.83662"
"HAMLIN","PATRICK","patrick.hamlin2","19D","2024-01-29 19:38:21","Yes","461.43936","Pass","Pass","Pass","Pass","72.00","43.74","","45.69936"
"HEGNER","GARRETT","garrett.l.hegner","19A","2024-04-17 12:13:31","Yes","445.91178","Pass","Pass","Pass","Pass","64.00","30.50","","51.41178"
"HERNANDEZ DE LA FUENTE","CARLOS FERNANDO","cfhdelafuente@gmail.com","19B","2024-02-05 12:49:46","Yes","453.00041","Pass","Pass","Pass","Pass","66.00","","27.02","59.98041"
"HOOVER","TERRIE","terrie.hoover","19D","2024-03-20 09:01:03","Yes","482.98041","Pass","Pass","Pass","Pass","52.00","71.00","","59.98041"
"KARETA","STANLEY","stanley.kareta","19D","2024-05-21 14:50:18","Yes","519.41178","Pass","Pass","Pass","Pass","74.00","47.00","47.00","51.41178"
"KAY","EDWARD","edward.w.kay","19B","2024-05-15 10:39:09","Yes","519.51799","Pass","Pass","Pass","Pass","66.00","59.75","39.50","54.26799"
"KMAN","JUSTIN","justin.kman","19C","2024-05-30 19:59:30","Yes","517.48041","Pass","Pass","Pass","Pass","78.00","79.50","","59.98041"
"KOWZAN","RYAN","ryan.m.kowzan","19D","2023-10-27 21:05:45","Yes","449.43178","Pass","Pass","Pass","Pass","56.00","42.02","","51.41178"
"LEE","JASON","jason.lee20","19B","2024-03-04 07:40:34","Yes","490.33662","Pass","Pass","Pass","Pass","66.00","61.50","","62.83662"
"LEEMAN","ROBERT","robert.m.leeman","19D","2023-10-24 11:13:16","Yes","487.39178","Pass","Pass","Pass","Pass","66.00","34.99","34.99","51.41178"
"MADRIGAL PAVA","DIEGO DARIO DE JESUS","madri_fa85@hotmail.com","19C","2024-05-27 11:42:09","Yes","426.00694","Pass","Pass","Pass","Pass","50.00","","36.02","39.98694"
"Massa","Andrew","andrew.massa","19A","2024-05-22 06:49:22","Yes","515.19283","Pass","Pass","Pass","Pass","74.00","80.50","","65.69283"
"MCINTYRE","EMILY","emily.j.mcintyre","19C","2023-11-16 16:52:13","Yes","457.55557","Pass","Pass","Pass","Pass","58.00","51.00","","48.55557"
"MILLER","JOSHUA","joshua.m.miller9","19A","2024-06-04 05:38:58","Yes","461.83315","Pass","Pass","Pass","Pass","62.00","56.99","","42.84315"
"MURPHY","KEVIN","kevin.m.murphy2","19D","2024-05-30 19:24:58","Yes","488.83662","Pass","Pass","Pass","Pass","70.00","56.00","","62.83662"
"MURPHY","THOMAS","thomas.r.murphy1","19A","2024-04-28 22:08:30","Yes","467.85662","Pass","Pass","Pass","Pass","52.00","53.02","","62.83662"
"PAVAO","RACHEL","rachel.r.herron","19A","2024-06-03 09:00:57","Yes","486.83662","Pass","Pass","Pass","Pass","68.00","56.00","","62.83662"
"Porter","Jake","daniel.jake.porter","19C","2024-06-03 07:41:32","Yes","476.76799","Pass","Pass","Pass","Pass","68.00","54.50","","54.26799"
"RHOTEN","JOHN","john.rhoten","19C","2024-05-31 06:06:10","Yes","487.72041","Pass","Pass","Pass","Pass","72.00","55.74","","59.98041"
"ROSE","BRANDON","brandon.m.rose","19A","2024-03-13 12:19:28","Yes","466.98041","Pass","Pass","Pass","Pass","66.00","41.00","","59.98041"
"SUTTON","PHILLIP","phillip.a.sutton","19B","2024-05-16 10:09:02","Yes","441.84315","Pass","Pass","Pass","Pass","56.00","43.00","","42.84315"
"TELLE","CHRISTOPHER","christopher.telle","19D","2024-05-30 10:47:04","Yes","519.29904","Pass","Pass","Pass","Pass","86.00","64.75","","68.54904"
"TOWNSEND","TYLER","tyler.townsend","19C","2024-05-31 11:22:56","Yes","504.26799","Pass","Pass","Pass","Pass","88.00","62.00","","54.26799"
"TRUEBLOOD","ELIJAH","elijah.trueblood","19B","2024-05-01 11:36:32","Yes","465.76799","Pass","Pass","Pass","Pass","66.00","45.50","","54.26799"
"UPADHYAY","SUBHASH CHANDAR","reachsubhash1990@gmail.com","19B","2024-05-30 09:33:30","Yes","487.25799","Pass","Pass","Pass","Pass","76.00","","56.99","54.26799"
"VARCHOL","JOZEF","jozef.varchol.jv@gmail.com","19D","2024-06-06 15:41:08","Yes","467.94936","Pass","Pass","Pass","Pass","66.00","","56.25","45.69936"
"VAZQUEZ QUINONES","RICARDO","ricardo.l.vazquezquinones","19C","2024-01-03 10:40:23","Yes","439.25799","Pass","Pass","Pass","Pass","60.00","24.99","","54.26799"
"WEAVER","BRIAN","brian.weaver9","19B","2024-05-08 14:51:35","Yes","485.69283","Pass","Pass","Pass","Pass","62.00","58.00","","65.69283"
"WESTFALL","SAMUEL","samuel.g.westfall","19D","2023-11-27 16:03:20","Yes","500.19936","Pass","Pass","Pass","Pass","62.00","46.25","46.25","45.69936"
"WORKMAN","JASON","jason.workman3","19D","2024-04-29 11:36:31","Yes","444.84315","Pass","Pass","Pass","Pass","50.00","52.00","","42.84315"
"WYATT","NICHOLAS","nicholas.j.wyatt","19D","2024-05-07 08:27:28","Yes","433.00694","Pass","Pass","Pass","Pass","70.00","23.02","","39.98694"
"YOUNG","ROBERT","robert.d.young52","19C","2023-11-12 13:28:31","Yes","475.26799","Pass","Pass","Pass","Pass","70.00","51.00","","54.26799"
