﻿"Last Name","First Name","Username","Learner ID","Last Access","Availability","Total [Total Pts: up to 699.96735 Score] |403338","C100F - Final Grade (Pass/Fail) [Total Pts: 100 Pass/Fail] |403343","C100A1 IDP [Total Pts: 100 Pass/Fail] |403350","C171A1 Argumentative Essay [Total Pts: 100 Pass/Fail] |403353","C172A1 Info Brief [Total Pts: 100 Pass/Fail] |403357","C400B1 Diagnostic Exam [Total Pts: 100 Score] |403360","F100B1 Pretest (U.S.) [Total Pts: 100 Score] |403361","F100B1 Pretest (IMS) [Total Pts: 100 Score] |403363","S100B1 Pretest [Total Pts: 99.96735 Score] |403364"
"AFUOLA","AOATOA","aoatoa.afuola","16B","2023-11-16 17:51:09","Yes","510.34315","Pass","Pass","Pass","Pass","64.00","48.00","56.50","42.84315"
"ALAJLAN","ABDULAZIZ SULAIMAN","aziz.alajlan@hotmail.com","16A","2024-05-01 07:19:32","Yes","396.48694","Pass","Pass","Pass","Pass","48.00","","8.50","39.98694"
"BARBER","ASHLEY","ashley.m.barber","16A","2023-11-08 13:06:16","Yes","509.33662","Pass","Pass","Pass","Pass","68.00","78.50","","62.83662"
"BENNETT","JASON","jason.bennett3","16C","2024-03-28 10:29:19","Yes","481.6442","Pass","Pass","Pass","Pass","70.00","54.52","","57.1242"
"BIRD","DANIEL","daniel.w.bird2","16C","2024-04-30 16:27:30","Yes","449.01799","Pass","Pass","Pass","Pass","86.00","8.75","","54.26799"
"BROWN","RICHARD","richard.brown24","16D","2024-01-05 09:47:42","Yes","450.29452","Pass","Pass","Pass","Pass","62.00","","54.02","34.27452"
"CARLSON","RAYMOND","raymond.carlson1","16D","2024-05-09 15:26:25","Yes","499.01799","Pass","Pass","Pass","Pass","80.00","64.75","","54.26799"
"DAVID","TRAVIS","travis.p.david","16B","2023-11-30 19:38:32","Yes","526.40525","Pass","Pass","Pass","Pass","58.00","98.00","","71.40525"
"DUMONT","DALE","dale.dumont","16A","2024-03-05 09:30:35","Yes","422.68936","Pass","Pass","Pass","Pass","72.00","4.99","","45.69936"
"DUNLEAVY","JOSHUA","joshua.dunleavy","16B","2023-11-29 14:05:15","Yes","496.16178","Pass","Pass","Pass","Pass","76.00","69.75","","51.41178"
"DUNN","DONALD","donald.j.dunn","16D","2024-01-04 11:22:25","Yes","453.13073","Pass","Pass","Pass","Pass","64.00","52.00","","37.13073"
"ECKLER","MATTHEW","matthew.c.eckler","16D","2023-10-30 11:43:42","Yes","442.01799","Pass","Pass","Pass","Pass","44.00","43.75","","54.26799"
"FARRIS","JOHN","john.farris3","16C","2024-05-30 14:15:10","Yes","509.1242","Pass","Pass","Pass","Pass","74.00","78.00","","57.1242"
"FISHER","ANDREW","andrew.fisher10","16A","2023-09-19 09:54:27","Yes","476.91178","Pass","Pass","Pass","Pass","64.00","61.50","","51.41178"
"FORRESTER","ZACHARY","zachary.forrester","16C","2024-05-28 14:07:10","Yes","431.94936","Pass","Pass","Pass","Pass","74.00","12.25","","45.69936"
"FOWLER","EMMA","emma.k.fowler","16D","2024-01-26 11:37:39","Yes","449.41178","Pass","Pass","Pass","Pass","58.00","40.00","","51.41178"
"GALATIS","DONALD","donald.a.galatis","16A","2024-06-04 19:46:14","Yes","442.27799","Pass","Pass","Pass","Pass","76.00","12.01","","54.26799"
"GASSMAN","ANDREW","andrew.j.gassman","16B","2023-11-07 16:57:14","Yes","495.98041","Pass","Pass","Pass","Pass","72.00","65.00","","59.98041"
"GOODMAN","THOMAS","thomas.a.goodman","21A","2023-10-05 10:32:26","Yes","506.71283","Pass","Pass","Pass","Pass","76.00","65.02","","65.69283"
"GUSME","JANAY","janay.ross","16A","2023-11-17 07:54:14","Yes","493.83662","Pass","Pass","Pass","Pass","66.00","65.00","","62.83662"
"GVINIASHVILI","VAKHTANGI","vaxo1243@gmail.com","16C","2024-03-28 11:00:19","Yes","504.98041","Pass","Pass","Pass","Pass","68.00","","77.00","59.98041"
"Hanna","Jeffrey","jeffrey.m.hanna","16B","2024-05-29 15:33:11","Yes","516.98041","Pass","Pass","Pass","Pass","84.00","74.00","","59.98041"
"HARTZEL","SARAH","sarah.hartzel","16C","2023-11-07 08:13:17","Yes","449.19936","Pass","Pass","Pass","Pass","58.00","45.50","","45.69936"
"HURST","JOSHUA","joshua.d.hurst1","16B","2024-01-24 23:44:10","Yes","452.17178","Pass","Pass","Pass","Pass","70.00","31.76","","51.41178"
"Jauregui","Daniel","daniel.a.jauregui","16B","2023-11-29 08:27:15","Yes","471.05557","Pass","Pass","Pass","Pass","60.00","63.50","","48.55557"
"JOW","BRYAN","bryan.jow","16D","2024-01-10 14:10:21","Yes","493.19283","Pass","Pass","Pass","Pass","76.00","51.50","","65.69283"
"KENNEDY","JARED","jared.kennedy1","16D","2024-02-01 13:15:39","Yes","505.11767","Pass","Pass","Pass","Pass","78.00","50.00","","77.11767"
"KERINS","JAMES","james.m.kerins","16D","2024-03-28 11:24:19","Yes","435.1242","Pass","Pass","Pass","Pass","70.00","8.00","","57.1242"
"KINNAMAN","ANDREW","andrew.clay.kinnaman","16A","2024-05-15 11:31:09","Yes","413.84315","Pass","Pass","Pass","Pass","56.00","15.00","","42.84315"
"KUNKLEMAN","KARL","karl.kunkleman","16B","2024-03-28 10:37:02","Yes","452.91178","Pass","Pass","Pass","Pass","62.00","40.50","","51.41178"
"LOPEZ","JACOB","jacob.a.lopez","16C","2024-01-11 08:15:54","Yes","515.33662","Pass","Pass","Pass","Pass","76.00","38.25","38.25","62.83662"
"MADDUX","JONATHAN","jonathan.madduxjr","16D","2024-01-05 09:17:25","Yes","452.90073","Pass","Pass","Pass","Pass","64.00","51.77","","37.13073"
"MANN","SHANE","shane.t.mann","16D","2024-05-16 09:48:18","Yes","474.08662","Pass","Pass","Pass","Pass","64.00","47.25","","62.83662"
"MEDZMARISHVILI","DAVIT","davitkuznrec@gmail.com","16B","2024-03-28 06:41:14","Yes","514.26799","Pass","Pass","Pass","Pass","78.00","","83.00","54.26799"
"MEYER","MICHAEL","michael.d.meyer","16C","2023-11-20 09:20:45","Yes","490.51799","Pass","Pass","Pass","Pass","60.00","76.25","","54.26799"
"MOHAMED","ABDULLAHI OMAR","daljire05@gmail.com","16A","2024-05-09 10:44:19","Yes","487.29452","Pass","Pass","Pass","Pass","92.00","","61.02","34.27452"
"ODETTE","TRAVIS","travis.odette","16C","2024-03-18 08:29:50","Yes","460.26799","Pass","Pass","Pass","Pass","62.00","44.00","","54.26799"
"OESCHGER","LEE","lee.oeschger","16A","2023-11-08 13:04:16","Yes","486.82662","Pass","Pass","Pass","Pass","72.00","51.99","","62.83662"
"PATTON","CALVIN","calvin.b.patton","16C","2024-01-11 11:15:09","Yes","473.34315","Pass","Pass","Pass","Pass","70.00","60.50","","42.84315"
"PEREZ","YAIMISET (Jamie)","yaimiset.perez","16B","2023-11-14 12:21:32","Yes","449.15073","Pass","Pass","Pass","Pass","64.00","49.02","","37.13073"
"PHILLIPS","TYLER","tyler.a.phillips","16A","2023-11-02 12:40:37","Yes","436.38073","Pass","Pass","Pass","Pass","56.00","43.25","","37.13073"
"REINOSO SALINAS","JUAN PABLO","jpreinosos@gmail.com","16D","2024-06-10 19:11:06","Yes","429.72694","Pass","Pass","Pass","Pass","66.00","","23.74","39.98694"
"RIVARD","HAROLD","hal.rivard","16B","2024-03-03 21:45:34","Yes","505.6242","Pass","Pass","Pass","Pass","86.00","63.50","","57.1242"
"RUBLE","DUSTYN","dustyn.ruble","16C","2023-09-01 12:52:14","Yes","465.19936","Pass","Pass","Pass","Pass","74.00","45.50","","45.69936"
"RUNGE","JOHN","john.v.runge","16A","2024-01-22 08:48:32","Yes","446.41178","Pass","Pass","Pass","Pass","54.00","41.00","","51.41178"
"SCHLEICH","CARL","carl.j.schleich","16B","2024-03-17 20:26:05","Yes","468.6242","Pass","Pass","Pass","Pass","70.00","42.50","","57.1242"
"SHAIYAH","JACLYN","jaclyn.a.shaiyah","16C","2024-03-07 15:23:30","Yes","446.07557","Pass","Pass","Pass","Pass","56.00","41.52","","48.55557"
"SIMMONS","CICELY","cicely.m.simmons","16D","2024-05-20 19:02:09","Yes","448.00694","Pass","Pass","Pass","Pass","56.00","52.02","","39.98694"
"SNYDER","STEFFANIE","steffanie.c.snyder","16B","2024-01-08 08:04:34","Yes","523.83009","Pass","Pass","Pass","Pass","76.00","66.00","","82.83009"
"SPENCER","DANIEL","daniel.w.spencer2","16C","2023-10-12 08:17:30","Yes","429.05557","Pass","Pass","Pass","Pass","50.00","30.50","","48.55557"
"SPENCER","HUNTER","hunter.spencer","16A","2024-03-28 10:58:19","Yes","458.91178","Pass","Pass","Pass","Pass","50.00","57.50","","51.41178"
"STEWART","JASON","jason.d.stewart","16D","2024-04-09 20:34:55","Yes","471.13073","Pass","Pass","Pass","Pass","72.00","62.00","","37.13073"
"STONE","SEAN","sean.w.stone","16C","2024-04-01 09:07:22","Yes","449.50694","Pass","Pass","Pass","Pass","56.00","53.52","","39.98694"
"SYAHRIR","SULTAN","sultancgsc23@gmail.com","16B","2024-06-03 07:07:32","Yes","447.94936","Pass","Pass","Pass","Pass","76.00","","27.25","45.69936"
"SYREK","LUKE","luke.syrek","16D","2024-04-03 16:07:05","Yes","503.01799","Pass","Pass","Pass","Pass","82.00","66.75","","54.26799"
"VERDANT","CLAUDIA","claudia.d.verdant","16B","2023-11-06 20:48:13","Yes","426.98694","Pass","Pass","Pass","Pass","54.00","34.00","","39.98694"
"VINETT","DENNIS","dennis.vinett","16D","2024-05-16 08:12:15","Yes","502.6242","Pass","Pass","Pass","Pass","74.00","71.50","","57.1242"
"WESLEY","AUSTIN","austin.wesley","16A","2024-04-10 09:04:12","Yes","512.3942","Pass","Pass","Pass","Pass","82.00","73.27","","57.1242"
"YORK","RYAN","ryan.york1","16A","2023-11-20 09:22:15","Yes","496.26799","Pass","Pass","Pass","Pass","72.00","70.00","","54.26799"
