﻿"Last Name","First Name","Username","Learner ID","Last Access","Availability","Total [Total Pts: up to 699.96735 Score] |403226","C100F - Final Grade (Pass/Fail) [Total Pts: 100 Pass/Fail] |403231","C100A1 IDP [Total Pts: 100 Pass/Fail] |403238","C171A1 Argumentative Essay [Total Pts: 100 Pass/Fail] |403241","C172A1 Info Brief [Total Pts: 100 Pass/Fail] |403245","C400B1 Diagnostic Exam [Total Pts: 100 Score] |403248","F100B1 Pretest (U.S.) [Total Pts: 100 Score] |403249","F100B1 Pretest (IMS) [Total Pts: 100 Score] |403251","S100B1 Pretest [Total Pts: 99.96735 Score] |403252"
"AL-HOUSNI","TARIQ ABDALLAH SALIM","tariqalhosnie84@gmail.com","12A","2024-05-27 17:35:09","Yes","390.26452","Pass","Pass","Pass","Pass","36.00","","19.99","34.27452"
"AUGELLO","JOSEPH","joseph.augello","12C","2024-03-19 13:59:50","Yes","459.84","Pass","Pass","Pass","Pass","70.00","47.00","","42.84"
"BARKER","JEFFREY","jeffrey.barker2","12C","2023-11-09 07:56:04","Yes","426.00","Pass","Pass","Pass","Pass","58.00","39.50","","28.50"
"BEMENT","MICHELLE","susanne.bement","12B","2024-01-22 08:34:43","Yes","380.52041","Pass","","Pass","Pass","74.00","46.54","","59.98041"
"BOUVIER","MATTHEW","matthew.f.bouvier","12B","2023-12-04 15:45:03","Yes","360.13073","Pass","","Pass","Pass","74.00","49.00","","37.13073"
"BRINDLE","CLAIRE","claire.v.simpson","12A","2024-05-29 11:05:22","Yes","542.03904","Pass","Pass","Pass","Pass","88.00","85.49","","68.54904"
"BUSS","BRADLEY","bradley.buss","12C","2024-01-22 11:46:09","Yes","554.8942","Pass","Pass","Pass","Pass","78.00","63.77","56.00","57.1242"
"CHANDLER","MELISSA","melissa.chandler3","12B","2024-05-05 18:58:26","Yes","415.97388","Pass","","Pass","Pass","70.00","66.00","","79.97388"
"CONLEY","JOHN","john.conley3","12A","2024-04-03 12:50:05","Yes","376.00","Pass","Pass","Pass","Pass","16.00","60.00","","0.00"
"COPELAND","PATRICK","patrick.copeland","12A","2023-11-16 15:03:13","Yes","495.28799","Pass","Pass","Pass","Pass","78.00","63.02","","54.26799"
"CORRIDAN","RYAN","ryan.p.corridan","12A","2024-02-22 16:01:59","Yes","438.63073","Pass","Pass","Pass","Pass","72.00","29.50","","37.13073"
"COYNER","CATHERINE","catherine.a.wahlman","12D","2023-11-14 11:08:06","Yes","463.84315","Pass","Pass","Pass","Pass","64.00","57.00","","42.84315"
"DAVIS","RACHEL","rachel.a.davis4","12C","2024-06-03 06:53:13","Yes","471.44936","Pass","Pass","Pass","Pass","54.00","71.75","","45.69936"
"DOUGLAS","KYLE","kyle.raymond.douglas","12D","2024-02-21 10:41:58","Yes","458.34315","Pass","Pass","Pass","Pass","62.00","53.50","","42.84315"
"Downing","David","david.c.downing","12A","2024-03-06 11:00:38","Yes","459.48694","Pass","Pass","Pass","Pass","74.00","45.50","","39.98694"
"FATOOL","SAMUEL","samuel.fatool","12A","2024-05-10 06:00:26","Yes","530.83662","Pass","Pass","Pass","Pass","88.00","80.00","","62.83662"
"Feldner","Jay","joseph.feldner","12D","2024-05-22 14:15:23","Yes","489.98041","Pass","Pass","Pass","Pass","70.00","60.00","","59.98041"
"FOXWORTH","ANTHONY","anthony.l.foxworth","12B","2024-05-30 11:24:04","Yes","385.69936","Pass","","Pass","Pass","78.00","62.00","","45.69936"
"FREEMAN","VIDAL","vidal.l.freeman","12B","2024-05-29 13:22:56","Yes","342.69936","Pass","","Pass","Pass","58.00","39.00","","45.69936"
"GRIFFIN","BLAIRE","blaire.griffin","12C","2023-11-20 20:47:15","Yes","447.91","Pass","Pass","Pass","Pass","76.00","40.49","","31.42"
"HAGGARD","KATHLEEN","kathleen.m.haggard","12B","2023-09-27 12:58:37","Yes","398.55557","Pass","","Pass","Pass","76.00","74.00","","48.55557"
"HIGGINS","SARA","sara.higgins","12A","2024-04-25 13:35:28","Yes","474.91178","Pass","Pass","Pass","Pass","58.00","65.50","","51.41178"
"HUTTON","BRIAN","brian.j.hutton","12C","2024-05-15 20:57:21","Yes","436.69936","Pass","Pass","Pass","Pass","64.00","27.00","","45.69936"
"IOTT","JUSTIN","justin.iott","12B","2024-05-17 14:15:22","Yes","372.48694","Pass","","Pass","Pass","78.00","54.50","","39.98694"
"LA GRAND","PIERRE","grandlapierre@gmail.com","12D","2023-11-14 14:41:33","Yes","491.33662","Pass","Pass","Pass","Pass","78.00","","50.50","62.83662"
"LAWAL","SALMAN MOHAMMED","salmanlawal60rc@gmail.com","12A","2024-04-24 14:24:29","Yes","455.47041","Pass","Pass","Pass","Pass","62.00","","33.49","59.98041"
"LEEMON","JAYNE","jayne.a.leemon","12D","2024-01-19 13:31:08","Yes","479.69936","Pass","Pass","Pass","Pass","66.00","68.00","","45.69936"
"LIGON","JOHN","john.clayton.ligon","12A","2023-12-20 19:57:37","Yes","499.41178","Pass","Pass","Pass","Pass","84.00","64.00","","51.41178"
"LIND","BRENDAN","brendan.lind","12B","2024-01-28 15:34:20","Yes","371.8942","Pass","","Pass","Pass","72.00","42.77","","57.1242"
"LYLE","ROBERT","robert.lyle1","12A","2024-05-30 16:43:10","Yes","492.83662","Pass","Pass","Pass","Pass","74.00","56.00","","62.83662"
"LYNCH","DANIEL","daniel.c.lynch","12B","2024-06-01 04:57:31","Yes","317.65073","Pass","","Pass","Pass","58.00","22.52","","37.13073"
"MACH","JAKUB","mach.jakub@gmail.com","12B","2024-05-27 20:33:20","Yes","359.63073","Pass","","Pass","Pass","74.00","","48.50","37.13073"
"MANERA","GODFREY","godfrey.a.manera","12A","2024-05-19 10:36:23","Yes","468.55557","Pass","Pass","Pass","Pass","56.00","64.00","","48.55557"
"MATECHIK","THOMAS","thomas.p.matechik","12B","2024-05-10 10:19:27","Yes","381.21936","Pass","","Pass","Pass","76.00","59.52","","45.69936"
"MATOCHA","GARY","gary.matocha","12C","2024-03-29 08:35:03","Yes","459.6242","Pass","Pass","Pass","Pass","74.00","28.50","","57.1242"
"MCCARTHY","JAMES","james.j.mccarthy102","12C","2024-06-03 05:25:13","Yes","457.84315","Pass","Pass","Pass","Pass","60.00","55.00","","42.84315"
"MCLANE","REBEKAH","rebekah.r.mclane","12D","2023-11-17 07:52:14","Yes","473.50041","Pass","Pass","Pass","Pass","60.00","53.52","","59.98041"
"MIURA","KEN","kenmiurakm@gmail.com","12C","2024-05-14 10:49:23","Yes","482.1242","Pass","Pass","Pass","Pass","80.00","","45.00","57.1242"
"OH","TIMOTHY","timothy.oh","12D","2024-04-13 10:32:56","Yes","463.05557","Pass","Pass","Pass","Pass","80.00","34.50","","48.55557"
"OPP","BRIDGER","bridger.s.opp","12B","2024-06-01 22:24:57","Yes","388.91178","Pass","","Pass","Pass","84.00","53.50","","51.41178"
"PATTERSON","MATTHEW","matthew.e.patterson12","12D","2023-12-05 11:53:25","Yes","434.52452","Pass","Pass","Pass","Pass","58.00","42.25","","34.27452"
"PHILLIPS","CASEY","casey.w.phillips","12D","2024-03-26 08:30:35","Yes","431.31","Pass","Pass","Pass","Pass","56.00","21.04","","54.27"
"PITASSI","RYAN","ryan.j.pitassi","12A","2024-05-09 13:33:15","Yes","444.27452","Pass","Pass","Pass","Pass","70.00","40.00","","34.27452"
"POLLARD","VAUGHN","vaughn.pollard","12C","2024-01-31 09:30:42","Yes","472.41","Pass","Pass","Pass","Pass","78.00","43.00","","51.41"
"RISINGER","JACOB","jacob.risinger","12B","2024-04-22 09:34:53","Yes","373.55557","Pass","","Pass","Pass","86.00","39.00","","48.55557"
"RIVERA","JOSE","jose.rivera54","12A","2024-03-05 11:17:35","Yes","488.1242","Pass","Pass","Pass","Pass","68.00","63.00","","57.1242"
"ROY","DANIEL","daniel.roy1","12C","2024-04-19 14:38:21","Yes","482.51799","Pass","Pass","Pass","Pass","66.00","62.25","","54.26799"
"SAULNIER","STEPHEN","stephen.a.saulnier","12D","2024-04-05 08:44:06","Yes","463.30557","Pass","Pass","Pass","Pass","50.00","64.75","","48.55557"
"SCALES","DONALD","donald.s.scales","12D","2024-03-28 12:50:03","Yes","423.15","Pass","Pass","Pass","Pass","48.00","38.02","","37.13"
"SMITH","KENROY","kenroy.r.smith@gmail.com","12C","2024-05-29 07:53:22","Yes","438.0621","Pass","Pass","Pass","Pass","68.00","","41.50","28.5621"
"SOPKIW","MARK","mark.sopkiw","12A","2023-11-15 09:38:26","Yes","499.04904","Pass","Pass","Pass","Pass","72.00","58.50","","68.54904"
"THRASH","TIMOTHY","timothy.thrash","12D","2024-05-31 06:35:10","Yes","511.26799","Pass","Pass","Pass","Pass","84.00","73.00","","54.26799"
"TRAVIS","HOWARD","travis.k.howard","12D","2024-05-14 10:16:18","Yes","500.84315","Pass","Pass","Pass","Pass","84.00","74.00","","42.84315"
"VOGEL","JAKE","jacob.r.vogel","12C","2023-11-17 08:14:14","Yes","518.69283","Pass","Pass","Pass","Pass","78.00","75.00","","65.69283"
"WALK","KOLIN","kolin.walk","12C","2024-03-23 12:46:28","Yes","460.48936","Pass","Pass","Pass","Pass","66.00","48.79","","45.69936"
"WEBB","DAVID","david.webb16","12D","2024-05-30 12:41:04","Yes","505.6442","Pass","Pass","Pass","Pass","80.00","68.52","","57.1242"
"WEST","ANDREW","andrew.p.west","12C","2023-11-16 21:49:09","Yes","480.43178","Pass","Pass","Pass","Pass","68.00","61.02","","51.41178"
"WILLIS","BRANDON","brandon.j.willis2","12B","2024-05-01 06:40:32","Yes","353.13073","Pass","","Pass","Pass","60.00","56.00","","37.13073"
