﻿"Last Name","First Name","Username","Learner ID","Last Access","Availability","Weighted Total [Total Pts: up to 100 Percentage] |405033","Total [Total Pts: up to 300 Score] |405038","H100P Contribution to Learning [Total Pts: 100 Score] |405046","H100A1 Writing Requirement- Sentence Outline [Total Pts: 100 Pass/Fail] |405053","H100A2 Writing Requirement- Argumentative Essay [Total Pts: 100 Score] |405054","Interim Contribution [Total Pts: up to 0 Percentage] |417456","Interim CGL [Total Pts: 100 Score] |417565"
"ADAMS","ASHLEY","ashfortleavenworth@gmail.com","19C","2024-04-13 13:04:42","Yes","93.90","289.00","96.00","Pass","93.00","","93.00"
"AKANNI","OLUMIDE","olumide.akanni","20A","2024-05-30 11:56:10","Yes","89.40","282.00","95.00","Pass","87.00","","93.00"
"ALSABAEI","MOFAREH MAJED M","mfrhmajed@gmail.com","19A","2023-12-16 23:12:29","Yes","81.90","269.00","91.00","Pass","78.00","","87.00"
"AMADORGARCIA","LIDILIA","lidilia.m.garcia","19B","2024-02-22 13:44:12","Yes","89.50","281.00","93.00","Pass","88.00","","91.00"
"BARONE","STACEY","stacey.m.sadowski","19D","2024-04-28 20:56:30","Yes","93.30","287.00","94.00","Pass","93.00","","93.00"
"BAUMGARTEN","JURGEN","jurgen.baumgarten","19A","2024-03-04 07:01:26","Yes","92.20","286.00","95.00","Pass","91.00","","93.00"
"BEEBE","FREDERICK","frederick.beebe1","19A","2024-04-05 09:10:08","Yes","93.60","288.00","95.00","Pass","93.00","","93.00"
"BEN ABDALLAH","AMINE","aminjc2005@yahoo.fr","19A","2024-04-29 10:34:29","Yes","94.30","289.00","95.00","Pass","94.00","","94.00"
"BOLING","JEREMY","jeremy.r.boling","19D","2024-03-20 14:20:50","Yes","83.90","253.00","93.00","Pass","80.00","","93.00"
"BRADY","CHARLES","charles.p.brady2","19B","2024-05-28 15:43:52","Yes","85.00","274.00","92.00","Pass","82.00","","92.00"
"BRANSOM","CHARLES","charles.r.bransom","19C","2023-12-04 08:26:33","Yes","82.90","271.00","92.00","Pass","79.00","","92.00"
"BULEN","JENNAH","jennah.r.bulen","19A","2024-04-24 16:07:29","Yes","93.30","287.00","94.00","Pass","93.00","","93.00"
"CHAND","JOY","joy.r.chand","19B","2024-02-19 18:54:49","Yes","93.00","286.00","93.00","Pass","93.00","","93.00"
"COOKE","SIMON","simon.p.cooke","19A","2024-04-29 20:28:37","Yes","93.90","289.00","96.00","Pass","93.00","","94.00"
"COSTELLO","JAMES","james.d.costello","19C","2024-03-24 21:28:29","Yes","92.00","284.00","92.00","Pass","92.00","","92.00"
"CUMBY","STEPHEN","stephen.j.cumby","19C","2024-01-22 08:37:09","Yes","92.60","286.00","94.00","Pass","92.00","","93.00"
"DAVIS","WHITNEY","whitney.c.davis","19C","2023-12-04 16:13:25","Yes","86.70","277.00","93.00","Pass","84.00","","93.00"
"DINKELACKER","CHRIS","c.dinkelacker","19B","2024-03-03 10:50:29","Yes","93.60","288.00","95.00","Pass","93.00","","94.00"
"DOYLE","ANDREW","andrew.j.doyle","19A","2024-03-20 11:08:50","Yes","89.50","281.00","93.00","Pass","88.00","","92.00"
"FRASSE","CHRISTOPHER","christopher.frasse","19A","2024-04-09 16:09:50","Yes","91.60","284.00","93.00","Pass","91.00","","92.00"
"FRUSH","JUSTIN","justin.frush","19C","2023-12-04 08:28:03","Yes","87.10","277.00","92.00","Pass","85.00","","91.00"
"GOODROE","KYLE","kyle.goodroe","19D","2024-03-04 08:37:34","Yes","90.60","282.00","92.00","Pass","90.00","","91.00"
"GOSNEY","KALE","kale.e.gosney","19B","2024-03-23 20:01:29","Yes","93.30","287.00","94.00","Pass","93.00","","93.00"
"GREENE","MARVIN","marvin.greene","19B","2024-03-02 14:43:34","Yes","92.70","265.00","92.00","Pass","93.00","","91.00"
"GUSTAFSON","NICHOLAS","nicholas.b.gustafson","19B","2024-04-13 18:39:42","Yes","95.30","291.00","96.00","Pass","95.00","","94.00"
"HAIGLER","DANIEL","daniel.s.haigler","19D","2024-05-15 21:02:20","Yes","96.80","292.00","94.00","Pass","98.00","","93.00"
"HAMER","DAVID","david.s.hamer","19C","2024-01-27 19:51:40","Yes","93.00","286.00","93.00","Pass","93.00","","93.00"
"HAMLIN","PATRICK","patrick.hamlin2","19D","2024-02-01 17:03:17","Yes","93.60","288.00","95.00","Pass","93.00","","94.00"
"HEGNER","GARRETT","garrett.l.hegner","19A","2024-04-17 12:14:31","Yes","93.70","287.00","93.00","Pass","94.00","","93.00"
"HERNANDEZ DE LA FUENTE","CARLOS FERNANDO","cfhdelafuente@gmail.com","19B","2024-01-18 10:40:08","Yes","90.90","283.00","93.00","Pass","90.00","","93.00"
"HOOVER","TERRIE","terrie.hoover","19D","2024-03-19 13:02:08","Yes","93.70","287.00","93.00","Pass","94.00","","92.00"
"KARETA","STANLEY","stanley.kareta","19D","2024-04-01 10:03:05","Yes","91.60","284.00","93.00","Pass","91.00","","92.00"
"KAY","EDWARD","edward.w.kay","19B","2024-03-30 16:25:03","Yes","96.40","292.00","95.00","Pass","97.00","","94.00"
"KMAN","JUSTIN","justin.kman","19C","2024-04-14 20:28:55","Yes","95.80","290.00","93.00","Pass","97.00","","92.00"
"KOWZAN","RYAN","ryan.m.kowzan","19D","2024-02-29 10:27:35","Yes","92.30","265.00","93.00","Pass","92.00","","92.00"
"LEE","JASON","jason.lee20","19B","2024-01-11 08:26:21","Yes","88.20","278.00","91.00","Pass","87.00","","91.00"
"LEEMAN","ROBERT","robert.m.leeman","19D","2023-12-04 12:32:25","Yes","91.70","283.00","91.00","Pass","92.00","","91.00"
"MADRIGAL PAVA","DIEGO DARIO DE JESUS","madri_fa85@hotmail.com","19C","2023-12-15 08:57:58","Yes","89.20","280.00","92.00","Pass","88.00","","90.00"
"Massa","Andrew","andrew.massa","19A","2023-12-14 08:44:47","Yes","94.90","291.00","97.00","Pass","94.00","","94.00"
"MCINTYRE","EMILY","emily.j.mcintyre","19C","2024-01-19 07:50:31","Yes","87.50","277.00","91.00","Pass","86.00","","91.00"
"MILLER","JOSHUA","joshua.m.miller9","19A","2023-12-14 08:45:16","Yes","94.00","288.00","94.00","Pass","94.00","","92.00"
"MURPHY","KEVIN","kevin.m.murphy2","19D","2024-03-19 10:30:50","Yes","93.40","266.00","92.00","Pass","94.00","","92.00"
"MURPHY","THOMAS","thomas.r.murphy1","19A","2024-04-28 22:06:30","Yes","92.90","287.00","95.00","Pass","92.00","","93.00"
"PAVAO","RACHEL","rachel.r.herron","19A","2024-04-04 15:08:07","Yes","89.80","282.00","94.00","Pass","88.00","","92.00"
"Porter","Jake","daniel.jake.porter","19C","2024-04-25 10:58:29","Yes","87.40","278.00","93.00","Pass","85.00","","93.00"
"RHOTEN","JOHN","john.rhoten","19C","2024-04-26 14:40:42","Yes","93.60","288.00","95.00","Pass","93.00","","94.00"
"ROSE","BRANDON","brandon.m.rose","19A","2024-03-13 12:19:28","Yes","93.60","288.00","95.00","Pass","93.00","","93.00"
"SUTTON","PHILLIP","phillip.a.sutton","19B","2024-03-21 12:35:30","Yes","90.60","282.00","92.00","Pass","90.00","","92.00"
"TELLE","CHRISTOPHER","christopher.telle","19D","2024-04-16 06:06:56","Yes","95.60","292.00","97.00","Pass","95.00","","94.00"
"TOWNSEND","TYLER","tyler.townsend","19C","2024-05-16 10:02:02","Yes","93.00","286.00","93.00","Pass","93.00","","92.00"
"TRUEBLOOD","ELIJAH","elijah.trueblood","19B","2024-04-28 17:56:29","Yes","95.70","291.00","95.00","Pass","96.00","","93.00"
"UPADHYAY","SUBHASH CHANDAR","reachsubhash1990@gmail.com","19B","2024-02-16 19:19:12","Yes","92.60","286.00","94.00","Pass","92.00","","93.00"
"VARCHOL","JOZEF","jozef.varchol.jv@gmail.com","19D","2024-06-06 17:17:07","Yes","93.40","286.00","92.00","Pass","94.00","","92.00"
"VAZQUEZ QUINONES","RICARDO","ricardo.l.vazquezquinones","19C","2023-12-06 13:09:34","Yes","83.20","252.00","93.00","Pass","79.00","","91.00"
"WEAVER","BRIAN","brian.weaver9","19B","2024-05-15 14:28:09","Yes","92.90","287.00","95.00","Pass","92.00","","94.00"
"WESTFALL","SAMUEL","samuel.g.westfall","19D","2024-03-18 08:32:05","Yes","88.80","260.00","93.00","Pass","87.00","","92.00"
"WORKMAN","JASON","jason.workman3","19D","2024-03-20 08:33:50","Yes","87.80","278.00","92.00","Pass","86.00","","91.00"
"WYATT","NICHOLAS","nicholas.j.wyatt","19D","2024-02-18 11:10:48","Yes","92.30","285.00","93.00","Pass","92.00","","92.00"
"YOUNG","ROBERT","robert.d.young52","19C","2024-03-24 21:36:29","Yes","92.00","264.00","92.00","Pass","92.00","","91.00"
