﻿"Last Name","First Name","Username","Learner ID","Last Access","Availability","Weighted Total [Total Pts: up to 100 Percentage] |405011","Total [Total Pts: up to 300 Score] |405016","H100P Contribution to Learning [Total Pts: 100 Score] |405024","H100A1 Writing Requirement- Sentence Outline [Total Pts: 100 Pass/Fail] |405031","H100A2 Writing Requirement- Argumentative Essay [Total Pts: 100 Score] |405032"
"ACERO DE LA PARRA","DIETRICH","ditreck@hotmail.com","18C","2024-05-16 12:56:21","Yes","96.40","292.00","95.00","Pass","97.00"
"ALQHTANI","MOTEB FAHAD","motebalqhtani0@gmail.com","18A","2024-04-08 08:30:37","Yes","85.00","270.00","85.00","Pass","85.00"
"BEAUDOIN","MORGHAN","morghan.e.beaudoin","18C","2024-03-27 14:18:30","Yes","92.04","282.80","89.80","Pass","93.00"
"BEIDARI MAMOUDOU","MOCTAR","moctarbeidarimamoudou@gmail.com","18B","2024-02-28 11:59:47","Yes","85.80","270.00","83.00","Pass","87.00"
"BOSTICK","JOSEPH","joseph.bostick","18A","2024-04-24 13:11:29","Yes","87.30","275.00","88.00","Pass","87.00"
"BOYD","JUSTIN","justin.n.boyd","18D","2024-02-26 12:56:59","Yes","93.36","287.20","94.20","Pass","93.00"
"BUJOLD","JEAN-JAQUES","jjb_104@hotmail.com","18C","2024-03-05 07:06:53","Yes","90.78","282.60","92.60","Pass","90.00"
"CANCEL","GUSTAVO","gustavo.j.cancel","18D","2023-12-13 08:32:03","Yes","92.24","284.80","92.80","Pass","92.00"
"CONSER","DAVID","david.conser","18C","2024-02-29 12:19:49","Yes","92.54","285.80","93.80","Pass","92.00"
"COUGHLIN","NEAL","neal.coughlin","18D","2024-03-22 09:28:28","Yes","91.20","284.00","94.00","Pass","90.00"
"DEGRISTINA","ANTHONY","anthony.p.degristina","18D","2024-04-29 08:05:31","Yes","96.64","292.80","95.80","Pass","97.00"
"DENNIS","GEOFFREY","geoffrey.dennis1","18A","2024-03-06 08:18:28","Yes","82.20","266.00","85.00","Pass","81.00"
"DODD","ZEKE","zeke.dodd","18A","2024-04-24 11:14:30","Yes","88.50","279.00","92.00","Pass","87.00"
"DUNN","ANDREW","andrew.c.dunn14","18D","2024-04-28 17:29:33","Yes","89.29","280.30","92.30","Pass","88.00"
"DUVIELLA","ERIC","eric.duviella","18C","2024-02-23 12:38:46","Yes","92.07","282.90","89.90","Pass","93.00"
"FISCHER","BETHANY","bethany.fischer","18D","2024-03-01 12:50:40","Yes","89.32","276.40","85.40","Pass","91.00"
"FITRAWAN","YUSFI","yusfi.fitrawan@gmail.com","18B","2024-04-02 22:47:04","Yes","85.71","269.70","82.70","Pass","87.00"
"GRIEDER","LUKE","luke.j.grieder","18D","2024-04-23 18:37:29","Yes","94.80","288.00","92.00","Pass","96.00"
"HARDEE","KATHLEEN","kathleen.hardee1","18C","2024-01-21 16:57:10","Yes","83.26","268.20","86.20","Pass","82.00"
"HAVER","SHAYE","shaye.haver","18D","2024-03-04 16:44:31","Yes","88.82","277.40","88.40","Pass","89.00"
"HOOVER","JASON","jason.d.hoover","18A","2024-04-10 13:27:12","Yes","90.10","279.00","88.00","Pass","91.00"
"JONES","VICTORIA","victoria.a.jones2","18D","2024-03-04 21:32:31","Yes","88.14","277.80","90.80","Pass","87.00"
"JORDAN","PARKER","parker.jordan","18D","2024-04-29 07:57:45","Yes","93.97","287.90","93.90","Pass","94.00"
"LEE","UNNA","unna.r.lee","18A","2024-04-26 12:42:28","Yes","82.60","266.00","84.00","Pass","82.00"
"LEWIS","BRETT","brett.g.lewis","18D","2024-04-23 20:17:29","Yes","91.47","280.90","87.90","Pass","93.00"
"LYNCH","MEGAN","megan.m.lynch","18A","2024-02-18 09:46:09","Yes","88.60","278.00","90.00","Pass","88.00"
"MARSH","THOMAS","thomas.j.marsh2","18C","2023-11-09 10:30:04","Yes","88.76","277.20","88.20","Pass","89.00"
"MATTESON","CHRISTOPHER","c.matteson","18B","2023-12-05 08:32:25","Yes","91.04","280.80","88.80","Pass","92.00"
"MCDONALD","CHRISTOPHER","chris.mcdonald1","18B","2024-01-02 09:47:26","Yes","87.81","276.70","89.70","Pass","87.00"
"MCGEE","IAN","gee.ian.mc","18C","2024-04-05 22:01:37","Yes","90.81","282.70","92.70","Pass","90.00"
"Michel","Vincent","vincent.michel","21A","2024-01-04 13:38:08","Yes","94.00","288.00","94.00","Pass","94.00"
"MINNIE","CALEB","caleb.minnie","18C","2024-03-22 16:00:30","Yes","88.33","273.10","82.10","Pass","91.00"
"MOONEY","JAMES","james.mooney7","18C","2024-03-22 16:07:28","Yes","87.03","274.10","87.10","Pass","87.00"
"NELSON","THOMAS","thomas.d.nelson2","18B","2024-04-28 21:28:29","Yes","94.10","287.00","92.00","Pass","95.00"
"NISSEN","KAY","kay.m.nissen","21A","2023-12-06 15:13:33","Yes","95.83","290.10","93.10","Pass","97.00"
"OKADA","LAUREN","lauren.okada","18B","2024-02-29 08:30:48","Yes","89.12","278.40","89.40","Pass","89.00"
"OLIVEIRA","TADEU","tadeuppo@gmail.com","18D","2024-04-04 14:37:07","Yes","93.80","286.00","91.00","Pass","95.00"
"OLSON","MICHAEL","michael.j.olson3","18B","2024-04-28 23:25:30","Yes","96.46","292.20","95.20","Pass","97.00"
"PARENTI","PHILIP","philip.parenti","18A","2024-04-29 08:46:33","Yes","88.50","279.00","92.00","Pass","87.00"
"PERDIGAO","JOHN","john.a.perdigao","18B","2024-06-01 13:29:58","Yes","88.95","280.50","93.50","Pass","87.00"
"ROBINSON","DANIEL","daniel.robinson12","18D","2024-04-29 07:56:33","Yes","93.76","287.20","93.20","Pass","94.00"
"RUSSELL","KENNETH","kenneth.russell5","18B","2024-04-29 08:21:33","Yes","97.16","293.20","95.20","Pass","98.00"
"RUTHERFORD","KEVIN","kevin.r.rutherford","18B","2024-01-18 14:24:08","Yes","95.24","290.80","95.80","Pass","95.00"
"SCHMIDT","CARL","carl.j.schmidt","18B","2024-03-08 11:11:31","Yes","90.42","281.40","91.40","Pass","90.00"
"SCHMITZ","JOSHUA","joshua.l.schmitz","18D","2024-05-03 11:27:56","Yes","86.16","271.20","84.20","Pass","87.00"
"SHIELDS","TERRENCE","terrence.shields1","18A","2024-05-09 06:38:15","Yes","94.50","287.00","91.00","Pass","96.00"
"SHOPTAUGH","BENJAMIN","benjamin.r.shoptaugh","18A","2024-05-30 11:31:58","Yes","89.10","281.00","94.00","Pass","87.00"
"SIMON","JACK","jack.e.simon","18C","2024-04-29 11:15:29","Yes","93.84","288.80","95.80","Pass","93.00"
"THOMPSON","JONATHON","jonathon.thompson","18A","2024-04-28 18:43:33","Yes","87.80","278.00","92.00","Pass","86.00"
"THORNTON","AMANDA","amanda.n.thornton","18B","2024-01-18 14:26:08","Yes","90.55","280.50","89.50","Pass","91.00"
"TORRES","NICOLE","nicole.m.torres8","18C","2024-03-24 18:15:34","Yes","82.34","263.80","80.80","Pass","83.00"
"TRAVERS","THOMAS","thomas.j.travers","18B","2024-04-29 23:24:31","Yes","89.44","276.80","85.80","Pass","91.00"
"TURI","MARIO","mario.d.turi","18C","2023-12-06 08:51:26","Yes","96.21","292.70","96.70","Pass","96.00"
"VALENZUELA","JOSEPH","joseph.valenzuela1","18B","2024-06-02 20:54:13","Yes","93.30","287.00","94.00","Pass","93.00"
"WAKIYOU","ALAKI","willalaki123@gmail.com","18A","2024-04-26 19:37:30","Yes","90.30","281.00","91.00","Pass","90.00"
"WARD","ADAM","adam.k.ward","18D","2023-12-13 08:26:00","Yes","84.64","268.80","83.80","Pass","85.00"
"Workman","James","james.c.workman2","18A","2023-12-13 08:28:00","Yes","95.40","290.00","94.00","Pass","96.00"
"WU","DI","di.n.wu","18C","2024-03-28 11:51:03","Yes","86.03","272.10","86.10","Pass","86.00"
"YOUNG","MARQUISE","quise.young","18C","2024-06-02 15:47:13","Yes","83.45","271.50","91.50","Pass","80.00"
