﻿"Last Name","First Name","Username","Learner ID","Last Access","Availability","Weighted Total [Total Pts: up to 100 Percentage] |404967","Total [Total Pts: up to 300 Score] |404972","H100P Contribution to Learning [Total Pts: 100 Score] |404980","H100A1 Writing Requirement- Sentence Outline [Total Pts: 100 Pass/Fail] |404987","H100A2 Writing Requirement- Argumentative Essay [Total Pts: 100 Score] |404988"
"AFUOLA","AOATOA","aoatoa.afuola","16B","2024-02-20 22:17:09","Yes","88.70","281.00","95.00","Pass","86.00"
"ALAJLAN","ABDULAZIZ SULAIMAN","aziz.alajlan@hotmail.com","16A","2023-11-28 10:39:21","Yes","89.20","276.00","85.00","Pass","91.00"
"BARBER","ASHLEY","ashley.m.barber","16A","2024-04-02 10:39:03","Yes","94.30","285.00","88.00","Pass","97.00"
"BENNETT","JASON","jason.bennett3","16C","2023-11-22 06:46:53","Yes","91.30","279.00","85.00","Pass","94.00"
"BIRD","DANIEL","daniel.w.bird2","16C","2024-04-30 16:27:30","Yes","85.20","276.00","95.00","Pass","81.00"
"BROWN","RICHARD","richard.brown24","16D","2024-02-07 10:36:47","Yes","90.70","281.00","90.00","Pass","91.00"
"CARLSON","RAYMOND","raymond.carlson1","16D","2024-05-14 12:03:14","Yes","97.10","293.00","95.00","Pass","98.00"
"DAVID","TRAVIS","travis.p.david","16B","2023-12-02 11:54:25","Yes","90.70","281.00","90.00","Pass","91.00"
"DUMONT","DALE","dale.dumont","16A","2024-01-20 15:12:27","Yes","92.20","286.00","95.00","Pass","91.00"
"DUNLEAVY","JOSHUA","joshua.dunleavy","16B","2024-01-24 11:03:06","Yes","95.70","291.00","95.00","Pass","96.00"
"DUNN","DONALD","donald.j.dunn","16D","2023-12-15 10:15:29","Yes","89.70","279.00","89.00","Pass","90.00"
"ECKLER","MATTHEW","matthew.c.eckler","16D","2024-01-18 09:37:25","Yes","87.50","277.00","91.00","Pass","86.00"
"FARRIS","JOHN","john.farris3","16C","2024-05-30 14:15:10","Yes","95.10","293.00","100.00","Pass","93.00"
"FISHER","ANDREW","andrew.fisher10","16A","2023-11-25 12:02:14","Yes","91.50","285.00","95.00","Pass","90.00"
"FORRESTER","ZACHARY","zachary.forrester","16C","2024-01-19 11:08:09","Yes","97.80","294.00","95.00","Pass","99.00"
"FOWLER","EMMA","emma.k.fowler","16D","2024-01-10 14:57:21","Yes","94.20","286.00","90.00","Pass","96.00"
"GALATIS","DONALD","donald.a.galatis","16A","2024-04-29 18:20:37","Yes","93.60","288.00","95.00","Pass","93.00"
"GASSMAN","ANDREW","andrew.j.gassman","16B","2024-04-04 11:01:07","Yes","91.50","281.00","88.00","Pass","93.00"
"GOODMAN","THOMAS","thomas.a.goodman","21A","2023-11-09 06:32:23","Yes","96.40","288.00","88.00","Pass","100.00"
"GUSME","JANAY","janay.ross","16A","2024-01-29 08:23:36","Yes","96.50","295.00","100.00","Pass","95.00"
"GVINIASHVILI","VAKHTANGI","vaxo1243@gmail.com","16C","2024-03-20 10:08:50","Yes","92.10","283.00","90.00","Pass","93.00"
"Hanna","Jeffrey","jeffrey.m.hanna","16B","2023-12-10 11:35:54","Yes","94.80","288.00","92.00","Pass","96.00"
"HARTZEL","SARAH","sarah.hartzel","16C","2023-12-09 14:18:02","Yes","89.90","281.00","92.00","Pass","89.00"
"HURST","JOSHUA","joshua.d.hurst1","16B","2023-11-26 08:51:53","Yes","91.30","283.00","92.00","Pass","91.00"
"Jauregui","Daniel","daniel.a.jauregui","16B","2024-04-15 12:17:55","Yes","87.10","273.00","85.00","Pass","88.00"
"JOW","BRYAN","bryan.jow","16D","2023-12-05 13:19:25","Yes","91.80","286.00","96.00","Pass","90.00"
"KENNEDY","JARED","jared.kennedy1","16D","2024-03-03 10:24:29","Yes","85.90","273.00","88.00","Pass","85.00"
"KERINS","JAMES","james.m.kerins","16D","2024-01-22 20:05:07","Yes","90.60","282.00","92.00","Pass","90.00"
"KINNAMAN","ANDREW","andrew.clay.kinnaman","16A","2024-03-03 14:31:26","Yes","86.50","275.00","90.00","Pass","85.00"
"KUNKLEMAN","KARL","karl.kunkleman","16B","2024-03-28 10:37:02","Yes","94.10","287.00","92.00","Pass","95.00"
"LOPEZ","JACOB","jacob.a.lopez","16C","2023-12-06 08:38:33","Yes","90.80","280.00","88.00","Pass","92.00"
"MADDUX","JONATHAN","jonathan.madduxjr","16D","2023-12-05 14:18:34","Yes","87.70","275.00","87.00","Pass","88.00"
"MANN","SHANE","shane.t.mann","16D","2024-05-16 09:32:18","Yes","87.20","276.00","90.00","Pass","86.00"
"MEDZMARISHVILI","DAVIT","davitkuznrec@gmail.com","16B","2024-01-16 07:41:11","Yes","91.80","278.00","82.00","Pass","96.00"
"MEYER","MICHAEL","michael.d.meyer","16C","2024-03-06 12:57:36","Yes","86.60","278.00","95.00","Pass","83.00"
"MOHAMED","ABDULLAHI OMAR","daljire05@gmail.com","16A","2024-01-23 12:23:56","Yes","89.90","277.00","85.00","Pass","92.00"
"ODETTE","TRAVIS","travis.odette","16C","2024-03-20 12:06:50","Yes","85.20","276.00","95.00","Pass","81.00"
"OESCHGER","LEE","lee.oeschger","16A","2024-03-03 13:59:51","Yes","97.10","293.00","95.00","Pass","98.00"
"PATTON","CALVIN","calvin.b.patton","16C","2024-01-02 11:04:44","Yes","86.40","272.00","85.00","Pass","87.00"
"PEREZ","YAIMISET (Jamie)","yaimiset.perez","16B","2024-01-16 06:15:55","Yes","86.90","271.00","82.00","Pass","89.00"
"PHILLIPS","TYLER","tyler.a.phillips","16A","2024-01-13 10:05:55","Yes","95.20","292.00","98.00","Pass","94.00"
"REINOSO SALINAS","JUAN PABLO","jpreinosos@gmail.com","16D","2024-06-10 19:13:06","Yes","93.40","286.00","92.00","Pass","94.00"
"RIVARD","HAROLD","hal.rivard","16B","2024-05-01 08:33:34","Yes","97.10","293.00","95.00","Pass","98.00"
"RUBLE","DUSTYN","dustyn.ruble","16C","2023-11-29 11:57:21","Yes","96.50","295.00","100.00","Pass","95.00"
"RUNGE","JOHN","john.v.runge","16A","2024-02-24 14:35:22","Yes","94.30","289.00","95.00","Pass","94.00"
"SCHLEICH","CARL","carl.j.schleich","16B","2024-03-17 20:26:05","Yes","99.40","298.00","98.00","Pass","100.00"
"SHAIYAH","JACLYN","jaclyn.a.shaiyah","16C","2024-03-07 09:18:24","Yes","83.10","269.00","88.00","Pass","81.00"
"SIMMONS","CICELY","cicely.m.simmons","16D","2024-03-06 21:21:36","Yes","83.00","270.00","90.00","Pass","80.00"
"SNYDER","STEFFANIE","steffanie.c.snyder","16B","2024-04-05 16:00:44","Yes","97.30","295.00","98.00","Pass","97.00"
"SPENCER","DANIEL","daniel.w.spencer2","16C","2024-06-03 05:12:57","Yes","86.10","279.00","98.00","Pass","81.00"
"SPENCER","HUNTER","hunter.spencer","16A","2024-01-19 10:08:31","Yes","86.60","278.00","95.00","Pass","83.00"
"STEWART","JASON","jason.d.stewart","16D","2023-12-03 20:04:33","Yes","90.00","280.00","90.00","Pass","90.00"
"STONE","SEAN","sean.w.stone","16C","2023-11-25 13:28:20","Yes","94.10","283.00","85.00","Pass","98.00"
"SYAHRIR","SULTAN","sultancgsc23@gmail.com","16B","2024-01-29 15:42:40","Yes","93.40","286.00","92.00","Pass","94.00"
"SYREK","LUKE","luke.syrek","16D","2024-04-14 18:32:52","Yes","88.60","278.00","90.00","Pass","88.00"
"VERDANT","CLAUDIA","claudia.d.verdant","16B","2024-03-03 21:27:34","Yes","97.00","290.00","90.00","Pass","100.00"
"VINETT","DENNIS","dennis.vinett","16D","2024-05-14 16:43:08","Yes","95.00","290.00","95.00","Pass","95.00"
"WESLEY","AUSTIN","austin.wesley","16A","2024-02-29 11:09:36","Yes","90.80","284.00","95.00","Pass","89.00"
"YORK","RYAN","ryan.york1","16A","2023-11-08 18:20:14","Yes","90.60","282.00","92.00","Pass","90.00"
