﻿"Last Name","First Name","Username","Learner ID","Last Access","Availability","Weighted Total [Total Pts: up to 100 Percentage] |404791","Total [Total Pts: up to 300 Score] |404796","H100P Contribution to Learning [Total Pts: 100 Score] |404804","H100A1 Writing Requirement- Sentence Outline [Total Pts: 100 Pass/Fail] |404811","H100A2 Writing Requirement- Argumentative Essay [Total Pts: 100 Score] |404812","Midpoint CTGL Assessment [Total Pts: 0 Score] |416296"
"ARMIJO","AMANDA","amanda.l.armijo","08A","2024-01-08 10:09:20","Yes","88.428","352.83","78.46","Pass","92.70","81.67"
"BANGERT","JONATHAN","jonathan.bangert","08A","2024-03-28 01:03:30","Yes","93.681","385.07","96.67","Pass","92.40","96.00"
"BAXTER","CHRISTOPHER","christopher.w.baxter","08B","2024-03-20 11:41:50","Yes","86.017","361.86","91.54","Pass","83.65","86.67"
"BEAK","ALEXANDER","alex.beak","08B","2024-03-20 10:10:50","Yes","81.193","333.98","72.31","Pass","85.00","76.67"
"BEITZ","ADAM","adam.beitz","08C","2024-03-20 11:51:50","Yes","89.986","370.86","91.54","Pass","89.32","90.00"
"BOWLING","JOHN","john.b.bowling","08D","2024-03-20 15:18:09","Yes","86.43","364.81","86.92","Pass","86.22","91.67"
"BRAMER","MICHAEL","michael.bramer1","08C","2024-04-08 10:14:35","Yes","78.978","342.41","83.85","Pass","76.89","81.67"
"BROWN","STEVE","steve.brown18","08A","2024-05-14 17:50:15","Yes","87.826","347.94","83.08","Pass","89.86","75.00"
"BURNETT","DEJAUN","dejaun.j.burnett","08D","2024-05-22 16:08:08","Yes","84.008","358.45","87.69","Pass","82.43","88.33"
"CETIN","METIN","cetinmetin2010@hotmail.com","08C","2024-04-15 01:08:52","Yes","91.068","369.15","91.67","Pass","90.81","86.67"
"CHAMBERS","KYLE","kyle.f.chambers","08D","2024-05-01 18:47:34","Yes","95.87","382.54","97.27","Pass","95.27","90.00"
"COX","ALAN","alan.james.cox","08D","2024-05-30 03:14:11","Yes","92.03","376.67","90.77","Pass","92.57","93.33"
"DEEGAN","MICHELE","michele.r.deegan","08B","2024-05-29 12:21:56","Yes","86.962","369.87","91.54","Pass","85.00","93.33"
"DELGADO","STEVEN","steven.p.delgado","08A","2024-01-21 20:00:08","Yes","96.769","364.23","89.23","Pass","100.00","75.00"
"DICK","JACKSON","jackson.dick","08B","2024-06-03 05:40:13","Yes","92.394","371.41","92.31","Pass","92.43","86.67"
"EDSON","JUSTIN","justin.m.edson","08D","2024-03-03 23:45:29","Yes","85.184","368.91","88.46","Pass","83.78","96.67"
"EL HANSER","MOURAD","mourad.elhanser@gmail.com","08A","2024-03-20 18:16:50","Yes","90.945","368.02","90.00","Pass","91.35","86.67"
"FELIX","ROBERT","robert.r.felix","08C","2024-01-02 21:28:23","Yes","92.433","385.86","100.00","Pass","89.19","96.67"
"FERNANDEZ","ADRIEL","adriel.n.fernandez","08B","2024-03-20 11:39:50","Yes","94.26","385.83","95.38","Pass","93.78","96.67"
"FLATZ","JACOB","jacob.s.flatz","08A","2024-03-26 15:22:31","Yes","93.875","385.49","96.92","Pass","92.57","96.00"
"FLORI","ALEXANDER","alexander.d.flori","08B","2024-02-19 12:07:09","Yes","95.198","384.71","96.92","Pass","94.46","93.33"
"FONG","JONATHAN","jonathan.fong","08C","2024-04-30 07:58:38","Yes","94.08","376.31","96.67","Pass","92.97","86.67"
"FRUCI","DOMENIC","domenic.fruci","08D","2024-05-06 13:23:15","Yes","89.248","378.67","95.38","Pass","86.62","96.67"
"GARMOE","STEVEN","steven.garmoe","08B","2024-03-02 15:39:34","Yes","90.777","376.64","93.85","Pass","89.46","93.33"
"GARRISON","BRYCE","bryce.s.garrison2","08C","2024-03-20 11:09:50","Yes","90.504","372.04","92.31","Pass","89.73","90.00"
"GARZA","SAMUEL","samuel.garza4","08C","2024-01-25 19:00:39","Yes","91.645","376.95","94.55","Pass","90.40","92.00"
"GENAO","ALYCIA","alycia.r.genao","08A","2024-03-01 15:09:37","Yes","80.518","342.18","80.77","Pass","80.41","81.00"
"GOLDEN","MICHAEL","michael.golden6","08C","2023-11-30 07:59:32","Yes","92.798","382.57","93.33","Pass","92.57","96.67"
"HANNA","DYLAN","dylan.cash.hanna","08D","2024-03-20 10:21:08","Yes","95.765","382.19","96.92","Pass","95.27","90.00"
"HEISER","JENNIFER","jennifer.l.bryer","08C","2024-05-01 08:10:31","Yes","94.669","381.32","92.31","Pass","95.68","93.33"
"HOLMES","ERIC","eric.j.holmes","08D","2024-03-20 10:46:03","Yes","89.328","369.92","91.54","Pass","88.38","90.00"
"JIEZNIENE","LINA","kievisaite@gmail.com","08D","2024-03-25 07:03:31","Yes","89.568","374.15","86.67","Pass","90.81","96.67"
"KASSENOV","BAUYZHAN","kassenovbaurzhan90@gmail.com","08A","2023-11-29 21:10:54","Yes","89.269","369.91","91.67","Pass","88.24","90.00"
"KIAMBU","TITI","kiambutiti@gmail.com","08B","2024-02-27 13:15:37","Yes","88.066","376.29","94.17","Pass","85.45","96.67"
"KIM","HYUN SIK","gustlrdl3000@gmail.com","08B","2024-03-20 12:26:50","Yes","91.146","348.78","85.00","Pass","93.78","70.00"
"KOEPPE","JOSHUA","joshua.koeppe","08A","2024-05-05 13:42:55","Yes","88.054","370.99","90.77","Pass","86.89","93.33"
"LANKFORD","CHRIS","christopher.lankford","08B","2024-02-19 15:33:09","Yes","82.212","335.52","75.38","Pass","85.14","75.00"
"LIJEWSKI","CATHERINE","catherine.c.lijewski","08D","2024-02-23 22:09:46","Yes","88.719","375.28","90.77","Pass","87.84","96.67"
"LOVEWELL","BLYTHE","blythe.schultz","08C","2024-03-03 22:13:26","Yes","88.138","361.37","85.38","Pass","89.32","86.67"
"MALONEY","KATRINA","katrina.m.maloney","08D","2023-11-29 17:43:54","Yes","83.532","344.76","76.00","Pass","86.76","82.00"
"MCCARTHY","SEAN","sean.p.mccarthy3","08B","2024-03-20 10:18:08","Yes","94.438","370.55","91.54","Pass","95.68","83.33"
"MCDONALD","MITCHELL","mitchell.d.mcdonald","08A","2023-11-30 11:48:02","Yes","86.881","359.92","83.08","Pass","88.51","88.33"
"MOTOFELEA","GRIGORE-DAN","grigoremotofelea@gmail.com","08C","2024-02-16 20:38:09","Yes","93.124","384.25","92.55","Pass","93.37","98.33"
"MYERS","KYLE","kyle.a.myers","08D","2024-03-20 10:54:50","Yes","86.598","360.14","90.00","Pass","85.14","85.00"
"OSMAN","ABIGAIL","abigail.osman","08B","2023-11-29 16:50:21","Yes","92.31","370.41","90.77","Pass","92.97","86.67"
"PARCHERT","LINCOLN","lincoln.parchert","08A","2024-03-20 11:36:50","Yes","89.496","367.96","87.69","Pass","90.27","90.00"
"PETERSON","CODY","cody.a.peterson","08B","2024-03-03 13:02:34","Yes","89.286","366.09","90.77","Pass","88.65","86.67"
"RALSTON","ELLIOTT","elliott.ralston","08C","2023-12-01 08:14:32","Yes","94.419","382.30","94.65","Pass","94.32","93.33"
"SERVIN","MILTHON","milthon.a.servin","08B","2024-03-02 12:17:34","Yes","88.852","365.91","91.54","Pass","87.70","86.67"
"SHINEGO","GREGORY","gregory.m.shinego","08D","2024-05-15 01:58:18","Yes","92.723","377.32","93.08","Pass","92.57","91.67"
"SITTERLEY","NATHAN","nathan.sitterley","08A","2023-12-05 06:12:03","Yes","82.629","361.92","88.46","Pass","80.13","93.33"
"STAFFORD","SCOTT","scott.stafford1","08A","2023-09-27 12:42:25","Yes","","86.67","","","","86.67"
"STRIBRNY","JOSEPH","joseph.m.stribrny","08D","2024-01-21 17:31:08","Yes","86.677","370.11","95.00","Pass","83.11","92.00"
"THOMPSON","WILLIAM","william.a.thompson348","08C","2023-12-09 15:36:24","Yes","86.997","362.28","86.92","Pass","87.03","88.33"
"TILLEY","VICTORIA","victoria.e.tilley","08B","2024-04-26 07:31:29","Yes","86.087","373.72","94.62","Pass","82.43","96.67"
"TIO","MOSES","moses.tio","08C","2023-11-29 17:14:54","Yes","84.121","349.79","83.33","Pass","84.46","82.00"
"YASHINSKI","STEPHEN","stephen.a.yashinski","08A","2024-02-15 13:24:56","Yes","96.01","385.43","96.15","Pass","95.95","93.33"
"ZAREK","MATTHEW","matthew.v.zarek","08C","2024-01-30 09:10:24","Yes","79.111","348.04","84.62","Pass","76.75","86.67"
"ZEQUEIRA","MICHAEL","michael.a.zequeira","21A","2023-11-30 13:07:02","Yes","92.639","374.65","91.54","Pass","93.11","90.00"
