﻿"Last Name","First Name","Username","Learner ID","Last Access","Availability","Weighted Total [Total Pts: up to 100 Percentage] |404813","Total [Total Pts: up to 300 Score] |404818","H100P Contribution to Learning [Total Pts: 100 Score] |404826","H100A1 Writing Requirement- Sentence Outline [Total Pts: 100 Pass/Fail] |404833","H100A2 Writing Requirement- Argumentative Essay [Total Pts: 100 Score] |404834","Interim Contribution to Learning Grade [Total Pts: 100 Score] |417562"
"ADAMS","AARON","aaron.a.adams1","09C","2023-11-13 10:31:05","Yes","87.30","274.00","88.00","Pass","87.00","88.00"
"ALEXIS","GRANT","grant.t.alexis","09D","2023-11-29 12:29:15","Yes","93.50","284.00","90.00","Pass","95.00",""
"ALGHAREEB","MOHAMMAD A M KHI","q8trip89@gmail.com","09A","2024-05-05 12:44:26","Yes","83.708","272.36","92.36","Pass","80.00","91.83"
"ALPERT","ALEXANDER","alexander.alpert","09B","2024-05-27 17:01:51","Yes","92.20","285.00","95.00","Pass","91.00",""
"BITCA","SIMION","bitcasimion@gmail.com","09C","2024-01-23 16:06:57","Yes","90.00","279.00","90.00","Pass","90.00","90.00"
"BLAIR","T.","taylor.blair","09A","2024-03-03 20:24:26","Yes","94.211","287.37","92.37","Pass","95.00","91.66"
"CLAYPOOL","EUGENE","ej.claypool","09D","2023-11-20 08:12:15","Yes","91.10","284.00","96.00","Pass","89.00",""
"COE","PATRICK","patrick.f.coe","21A","2024-04-26 16:38:28","Yes","97.40","293.00","96.00","Pass","98.00",""
"CRISE","ADAM","adam.m.crise","09A","2024-04-19 10:59:20","Yes","90.424","284.08","96.08","Pass","88.00","93.83"
"DRAKE","CHAD","chad.jamison.drake","09B","2024-02-22 17:08:12","Yes","81.60","263.00","83.00","Pass","81.00",""
"DUBOSE","GREGORY","gregory.f.dubose","09D","2024-02-07 14:03:48","Yes","88.30","276.00","89.00","Pass","88.00",""
"EGERTON","GAVIN","gav_egerton@hotmail.com","09B","2024-04-29 23:39:33","Yes","94.25","288.50","96.00","Pass","93.50",""
"ENGEL","JESSICA","jessica.letarte","09C","2023-11-09 08:28:23","Yes","94.30","288.00","95.00","Pass","94.00","95.00"
"FAIRCHILD","SKYLAR","skylar.a.fairchild","09B","2023-11-30 20:45:32","Yes","87.20","275.00","90.00","Pass","86.00",""
"FELICIANO-VELTZE","ALEXANDRA","alexandra.c.feliciano","09B","2024-03-21 07:54:33","Yes","90.20","270.00","93.00","Pass","89.00",""
"FERGUSON","AARON","aaron.ferguson1","09A","2024-02-27 11:41:37","Yes","88.198","280.66","95.66","Pass","85.00","94.83"
"FRAZIER","LUKE","luke.frazier","09C","2023-12-04 10:26:33","Yes","86.30","272.00","87.00","Pass","86.00","87.00"
"FRAZIER","SALENA","salena.vang","09A","2024-02-25 12:44:00","Yes","87.748","279.16","94.16","Pass","85.00","93.00"
"GERDES","TYSON","tyson.gerdes","09A","2024-01-05 11:54:25","Yes","87.448","278.16","93.16","Pass","85.00","91.50"
"GRANT","PHILIP","philip.n.grant","09A","2023-11-29 08:50:21","Yes","87.949","279.83","94.83","Pass","85.00","92.16"
"HEIDEMAN","DUSTIN","dustin.g.heideman","09A","2023-11-27 13:26:20","Yes","92.45","285.50","93.50","Pass","92.00","91.16"
"HORNING","STEPHEN","stephen.horning","09D","2024-01-04 09:02:41","Yes","89.20","279.00","92.00","Pass","88.00",""
"HORRELL","ALEXANDER","alexander.c.horrell","09B","2023-12-03 20:53:33","Yes","92.00","283.00","92.00","Pass","92.00",""
"HUMPHREY","ROBBIE","robbie.humphrey","09C","2023-11-09 08:25:04","Yes","87.90","276.00","90.00","Pass","87.00","90.00"
"JACKSON","JORDAN","jordan.l.jackson","09C","2024-03-19 06:16:08","Yes","92.00","283.00","92.00","Pass","92.00","92.00"
"KEARNEY","ROBERT","robert.a.kearney2","09A","2024-02-18 16:53:09","Yes","87.424","278.08","93.08","Pass","85.00","92.16"
"KELLY","AMANDA","amanda.l.oleary","09D","2024-03-22 10:26:33","Yes","90.00","279.00","90.00","Pass","90.00",""
"KIM","TAE HYUN","c15962@gmail.com","09B","2023-11-27 16:36:14","Yes","88.30","276.00","89.00","Pass","88.00",""
"KOVITCH","TREVOR","trevor.kovitch","09B","2024-03-19 10:45:50","Yes","87.20","275.00","90.00","Pass","86.00",""
"KRAEMER","DOUGLAS","douglas.p.kraemer","09B","2023-11-08 11:47:16","Yes","88.30","276.00","89.00","Pass","88.00",""
"LACHGAR","ABDELHADI","imadilaf84@gmail.com","09A","2024-03-03 11:41:34","Yes","84.50","275.00","95.00","Pass","80.00","96.50"
"LEE","JESSICA","jessica.h.lee","09C","2024-02-21 19:37:11","Yes","90.20","277.00","86.00","Pass","92.00","86.00"
"LIKES","MATTHEW","matt.likes","09D","2024-04-01 13:29:27","Yes","90.50","282.00","94.00","Pass","89.00",""
"LILLEY","DANIEL","daniel.d.lilley","09B","2023-11-20 08:44:10","Yes","90.20","281.00","93.00","Pass","89.00",""
"LINDER","MICHAEL","micha.linder@gmx.de","09D","2023-11-13 15:34:25","Yes","90.90","282.00","93.00","Pass","90.00",""
"MARSHALL","NATASHA","natasha.krupsky","09D","2024-03-03 15:40:34","Yes","91.20","283.00","94.00","Pass","90.00",""
"MATHEWS","MITCHELL","mitchell.mathews","09D","2024-03-01 21:01:40","Yes","83.80","269.00","88.00","Pass","82.00",""
"MCCREARY","STEVEN","steven.v.mccreary","09C","2023-11-08 20:41:13","Yes","95.70","290.00","95.00","Pass","96.00","95.00"
"MCKNIGHT","IAN","ian.e.mcknight","09C","2024-03-03 15:53:29","Yes","90.30","282.00","94.50","Pass","88.50","94.00"
"MILLS","RICHARD","richard.m.mills","09A","2023-11-27 11:21:14","Yes","93.074","287.58","95.58","Pass","92.00","91.16"
"MONTGOMERY","JESSE","jesse.i.montgomery","09D","2023-11-20 08:14:10","Yes","92.10","282.00","90.00","Pass","93.00",""
"PARK","NICHOLAS","nicholas.e.park","09A","2024-04-17 11:38:31","Yes","94.775","289.25","94.25","Pass","95.00","92.66"
"RENO","BRYAN","bryan.s.reno","09D","2024-01-18 17:41:08","Yes","87.90","276.00","90.00","Pass","87.00",""
"RICHARDS","PAUL","paul.d.richards","09D","2023-11-27 08:23:20","Yes","87.60","275.00","89.00","Pass","87.00",""
"RIGDON","MATHEW","mathew.rigdon","20A","2023-11-27 13:16:20","Yes","94.949","289.83","94.83","Pass","95.00","93.83"
"RODRIGUEZ","SERGIO","sergio.r.rodriguez","09B","2024-04-24 13:37:29","Yes","90.80","283.00","95.00","Pass","89.00",""
"RUHL","JOHN","john.f.ruhl","09C","2024-03-03 20:48:29","Yes","88.30","276.00","89.00","Pass","88.00","89.00"
"SA","MINH NGOC","sangoc.vndpko@gmail.com","09D","2024-04-21 21:38:22","Yes","92.40","283.00","91.00","Pass","93.00",""
"SMITH","HANNAH","hannah.m.smith","20A","2024-05-09 15:28:15","Yes","95.24","290.80","95.80","Pass","95.00","94.20"
"STRECK","KELLY","kelly.t.streck","09D","2024-05-26 09:45:55","Yes","88.90","278.00","91.00","Pass","88.00",""
"TAYLOR","LAMAREN","lamaren.q.taylor","09C","2024-02-09 09:40:20","Yes","87.20","275.00","90.00","Pass","86.00","90.00"
"TINDALL","PAUL","paul.n.tindall","09C","2023-12-01 08:28:02","Yes","95.80","289.00","93.00","Pass","97.00","93.00"
"TRESNAK","MAX","max.j.tresnak","09B","2024-03-04 02:36:26","Yes","87.30","274.00","88.00","Pass","87.00",""
"TURPIN","ANDREW","andrew.turpin","09D","2024-04-15 11:55:53","Yes","88.90","278.00","91.00","Pass","88.00",""
"VASILIAUSKAS","EDVARDAS","edvardas.vasiliauskas@gmail.com","09C","2024-05-29 13:12:56","Yes","92.30","284.00","93.00","Pass","92.00","93.00"
"WALSH","JOSHUA","joshua.l.walsh","09A","2024-03-04 14:17:30","Yes","95.048","290.16","95.16","Pass","95.00","92.33"
"WALTERS","ALEXANDER","alexander.m.walters","09C","2024-03-21 07:58:30","Yes","86.30","272.00","87.00","Pass","86.00","87.00"
"WILSON","CARDIA","cardia.wilson","09B","2024-01-21 18:49:10","Yes","90.00","279.00","90.00","Pass","90.00",""
"WOLFGANG","DUSTIN","dustin.wolfgang","09C","2024-05-03 21:02:12","Yes","92.80","283.00","90.00","Pass","94.00","90.00"
