﻿"Last Name","First Name","Username","Learner ID","Last Access","Availability","Weighted Total [Total Pts: up to 100 Percentage] |404857","Total [Total Pts: up to 300 Score] |404862","H100P Contribution to Learning [Total Pts: 100 Score] |404870","H100A1 Writing Requirement- Sentence Outline [Total Pts: 100 Pass/Fail] |404877","H100A2 Writing Requirement- Argumentative Essay [Total Pts: 100 Score] |404878"
"ANDERSEN","NATHAN","nathan.l.andersen","11D","2024-01-18 16:01:08","Yes","87.90","277.00","90.00","Pass","87.00"
"Archuleta","Michael","michael.a.archuleta","11B","2024-04-30 19:34:34","Yes","87.90","277.00","90.00","Pass","87.00"
"BARNHOUSE","TERRY","terry.barnhouse","11A","2023-12-13 06:00:03","Yes","88.80","280.00","93.00","Pass","87.00"
"BENTON","JOHN","john.benton1","11B","2024-03-02 06:47:34","Yes","95.00","290.00","95.00","Pass","95.00"
"BLOOM","MICHAEL","michael.c.bloom","11B","2024-01-16 08:29:29","Yes","94.90","287.00","90.00","Pass","97.00"
"BRYSON","RYAN","ryan.bryson","11C","2024-04-11 14:21:46","Yes","87.90","277.00","90.00","Pass","87.00"
"BUNCH","CHRISTOPHER","christopher.j.bunch","11D","2024-03-04 15:41:35","Yes","90.90","283.00","93.00","Pass","90.00"
"BYE","EMILY","emily.n.bye","11C","2024-04-18 10:00:11","Yes","87.40","278.00","93.00","Pass","85.00"
"CASTAGNO","FACUNDO","castagnof@hotmail.com","11D","2023-11-20 13:18:15","Yes","88.80","280.00","93.00","Pass","87.00"
"CHILDERS","MATTHEW","matthew.d.childers","11C","2024-05-29 11:16:11","Yes","88.80","280.00","93.00","Pass","87.00"
"CLARK","JOHN","john.james.clark","11C","2023-11-21 08:27:18","Yes","94.40","288.00","93.00","Pass","95.00"
"CSONTOS","ZOLTAN","csontili@gmail.com","11A","2024-05-19 20:08:08","Yes","84.20","270.00","87.00","Pass","83.00"
"DEANGELIS-CABAN","AURORA","aurora.caban","11A","2023-11-27 08:13:14","Yes","88.80","280.00","93.00","Pass","87.00"
"DELGADO","CHRISTOPHER","topher.delgado","11D","2024-05-29 09:19:10","Yes","90.00","280.00","90.00","Pass","90.00"
"DIFFLEY","BRYAN","bryan.diffley","11D","2024-05-02 18:42:55","Yes","93.00","286.00","93.00","Pass","93.00"
"DROWN","THOMAS","thomas.drown","11C","2024-03-03 16:17:51","Yes","92.10","287.00","97.00","Pass","90.00"
"FALKENBERG","TOMAS","tomas.falkenberg","11A","2023-12-12 21:48:00","Yes","90.00","280.00","90.00","Pass","90.00"
"FISHER","HALEY","haley.c.fisher","11B","2024-03-04 19:03:31","Yes","89.40","282.00","95.00","Pass","87.00"
"GIBSON","ROBERT","robert.g.gibson4","11B","2024-02-29 11:00:36","Yes","90.00","280.00","90.00","Pass","90.00"
"GUTIERREZ","KELLY","kelly.gutierrez","11A","2024-04-15 17:52:54","Yes","95.80","290.00","93.00","Pass","97.00"
"HAVEN","KAYLA","kayla.m.haven","11B","2024-06-03 06:07:13","Yes","87.40","278.00","93.00","Pass","85.00"
"HERINA","JOHN","john.herina","11D","2023-12-30 11:54:43","Yes","96.40","292.00","95.00","Pass","97.00"
"HUDELSON","PETER","peter.hudelson","11A","2024-05-01 10:05:34","Yes","97.00","294.00","97.00","Pass","97.00"
"HURLEY","BENJAMIN","benjamin.hurley","11B","2024-01-02 10:34:23","Yes","92.10","283.00","90.00","Pass","93.00"
"Jackson","Janaire","janaire.r.brown","11A","2023-11-27 14:01:20","Yes","90.00","280.00","90.00","Pass","90.00"
"KEARCHER","KONRAD","konrad.kearcher","11B","2024-03-04 07:49:52","Yes","87.90","277.00","90.00","Pass","87.00"
"KUNCIW","SABRINA","sabrina.e.kunciw","11C","2024-03-21 11:28:27","Yes","96.40","292.00","95.00","Pass","97.00"
"KUYKENDALL","JEREMY","jeremy.d.kuykendall","11C","2024-05-02 11:48:53","Yes","89.40","282.00","95.00","Pass","87.00"
"LEE","SCOTT","scott.lee13","11D","2024-03-21 10:55:33","Yes","92.10","283.00","90.00","Pass","93.00"
"LEONE","VINCENT","vincent.s.leone","11A","2023-11-07 15:41:17","Yes","84.20","270.00","87.00","Pass","83.00"
"LERO","MARK JULIUS","markjulius.lero","11C","2024-05-19 14:41:05","Yes","94.40","288.00","93.00","Pass","95.00"
"LUMEN","JUSTIN","justin.r.lumen","11A","2024-02-25 20:39:23","Yes","85.60","272.00","87.00","Pass","85.00"
"MARKLEY","TIMOTHY","timothy.d.markley","11A","2024-02-28 10:17:41","Yes","94.40","288.00","93.00","Pass","95.00"
"MCCARVILLE","WILLIAM","william.mccarville1","11B","2024-02-29 10:59:33","Yes","88.80","280.00","93.00","Pass","87.00"
"MCKIDDY","TIMOTHY","timothy.mckiddy","11D","2024-03-20 11:45:03","Yes","93.00","286.00","93.00","Pass","93.00"
"MCLEAN","MARISHA","marisha.mclean","11D","2023-11-21 08:22:18","Yes","87.90","277.00","90.00","Pass","87.00"
"MIYAKAWA","ALEXANDER","alexander.s.miyakawa","11C","2024-01-29 08:48:36","Yes","90.90","283.00","93.00","Pass","90.00"
"Monczynski","Timothy","timothy.j.monczynski","11D","2024-02-17 15:54:48","Yes","90.00","280.00","90.00","Pass","90.00"
"MONTESCLAROS","CHRISTOPHER","c.montesclaros","11A","2024-04-26 08:36:31","Yes","88.80","280.00","93.00","Pass","87.00"
"MORTENSEN","RYAN","ryan.mortensen","11C","2024-03-25 11:15:31","Yes","88.80","280.00","93.00","Pass","87.00"
"MOUAWAD","GEORGES","georges.mou.104@gmail.com","11A","2024-01-28 09:27:36","Yes","88.80","280.00","93.00","Pass","87.00"
"MRKAIC","ISAK","isak.mrkaic@gmail.com","11B","2024-04-30 10:13:34","Yes","92.10","283.00","90.00","Pass","93.00"
"NAGY","ANDREW","andrew.nagy","11B","2023-12-13 09:01:00","Yes","92.10","283.00","90.00","Pass","93.00"
"NESRSTA","BRANDON","brandon.nesrsta","11B","2024-04-21 21:27:22","Yes","92.10","283.00","90.00","Pass","93.00"
"NISA","CHRISTOPHER","christopher.nisa","11B","2024-02-26 08:39:00","Yes","87.40","278.00","93.00","Pass","85.00"
"PAPADIMITRIS","DIMITRIS","papadimitris.dimitris@gmail.com","11B","2023-11-20 20:27:45","Yes","94.40","288.00","93.00","Pass","95.00"
"POSPISIL","ROBERT","robert.c.pospisil","11A","2024-05-28 20:02:56","Yes","90.00","280.00","90.00","Pass","90.00"
"PRABOWO","PETRUS PARAMAYUDO","yudoprabowo@gmail.com","11C","2024-04-10 08:57:50","Yes","87.90","277.00","90.00","Pass","87.00"
"REINHARDT","JASON","jason.reinhardt1","11C","2024-02-01 09:34:44","Yes","94.40","288.00","93.00","Pass","95.00"
"RUPP","TIFFANY","tiffany.rupp","11D","2023-12-02 12:09:33","Yes","87.90","277.00","90.00","Pass","87.00"
"SCHWITZGEBEL","MATTHEW","matthew.schwitzgebel","11D","2024-03-21 09:31:28","Yes","97.00","294.00","97.00","Pass","97.00"
"Shimandle","Tyler","tyler.j.shimandle","11C","2024-04-09 10:44:37","Yes","93.00","286.00","93.00","Pass","93.00"
"STONE","BENJAMIN","benjamin.t.stone","11D","2023-11-21 10:50:13","Yes","87.90","277.00","90.00","Pass","87.00"
"TRAVIS","JACOB","jacob.d.travis","11A","2023-11-21 08:22:13","Yes","93.00","286.00","93.00","Pass","93.00"
"TUCCI","MICHAEL","michael.tucci1","11D","2024-02-25 14:20:47","Yes","89.40","282.00","95.00","Pass","87.00"
"VERBARENDSE","STEVEN","steven.e.verbarendse2","11D","2024-03-21 10:46:33","Yes","94.40","288.00","93.00","Pass","95.00"
"WICINSKI","BRANDON","brandon.c.wicinski","11A","2024-02-11 10:02:24","Yes","90.00","280.00","90.00","Pass","90.00"
"WILLIAMS","MARCUS","marcus.l.williams98","11C","2023-11-20 13:25:45","Yes","91.50","285.00","95.00","Pass","90.00"
"YANT","ROGER","roger.yantjr","11B","2024-03-30 09:49:03","Yes","89.40","282.00","95.00","Pass","87.00"
