﻿"Last Name","First Name","Username","Learner ID","Last Access","Availability","Weighted Total [Total Pts: up to 100 Percentage] |404703","Total [Total Pts: up to 300 Score] |404708","H100P Contribution to Learning [Total Pts: 100 Score] |404716","H100A1 Writing Requirement- Sentence Outline [Total Pts: 100 Pass/Fail] |404723","H100A2 Writing Requirement- Argumentative Essay [Total Pts: 100 Score] |404724","Midterm Contribution to Group Learning [Total Pts: 100 Letter] |420033"
"AFREH","PETER","affrehsika3606@gmail.com","04A","2024-02-28 05:23:41","Yes","95.60","288.00","90.00","Pass","98.00","C"
"AL-MAGSOOSI","ALHASAN MOHAMMED KADHIM","al1410@yahoo.com","04A","2023-12-31 16:03:22","Yes","90.00","280.00","90.00","Pass","90.00","B"
"ALDERMAN","NICHOLAS","nicholas.alderman","04B","2024-02-19 08:09:48","Yes","92.30","285.00","93.00","Pass","92.00","A"
"ANTHONY-HALL","JELESA","jelz.anthony","04B","2023-12-08 08:12:20","Yes","92.80","284.00","90.00","Pass","94.00","A-"
"BAILEY","LANCE","lance.r.bailey","04A","2024-02-23 15:49:48","Yes","94.00","288.00","94.00","Pass","94.00","A-"
"BAIN","JIMMY","james.bain1","04B","2024-03-05 08:37:27","Yes","90.00","280.00","90.00","Pass","90.00","B"
"BANCIC","KLEMEN","klemen.bancic@gmail.com","04C","2024-04-30 16:23:34","Yes","94.20","286.00","90.00","Pass","96.00","B+"
"BERGEMAN","BRIAN","brian.m.bergeman","04C","2024-03-04 10:54:52","Yes","93.70","287.00","93.00","Pass","94.00","A-"
"BERMAN","SHERLYN","sherlyn.alcoran","04C","2023-12-08 12:05:12","Yes","94.80","288.00","92.00","Pass","96.00","A-"
"Biggs","Tone","tone.biggs","04C","2024-03-04 08:30:52","Yes","90.70","281.00","90.00","Pass","91.00","A-"
"BROWN","MIA","mia.c.williams1","04C","2024-02-23 10:08:00","Yes","93.40","286.00","92.00","Pass","94.00","A-"
"BURNSHIRE","KOBEE","kobee.burnshire","04B","2024-04-16 17:03:57","Yes","95.10","289.00","93.00","Pass","96.00","A-"
"BURRILL WESTMAN","SAMANTHA","samantha.j.burrillwestman","04A","2023-12-07 12:16:11","Yes","91.40","282.00","90.00","Pass","92.00","B"
"CARLSON","ERIK","erik.h.carlson2","04C","2024-02-28 12:51:37","Yes","90.60","282.00","92.00","Pass","90.00","A-"
"CASH","RYAN","ryan.d.cash","04D","2024-03-18 10:36:07","Yes","92.00","284.00","92.00","Pass","92.00","B+"
"CASTILLO","JOE","joe.c.castillo","04B","2024-03-26 09:01:31","Yes","93.50","285.00","90.00","Pass","95.00","B+"
"CHAPMAN","MATTHEW","matthew.b.chapman","04C","2024-05-06 18:56:55","Yes","96.10","291.00","94.00","Pass","97.00","A"
"CLEMENTS","JOHN (EDDIE)","john.e.clements8","04D","2024-02-27 10:47:38","Yes","96.50","291.00","93.00","Pass","98.00","B+"
"CLODFELTER","WILLIAM","william.h.clodfelter3","04A","2024-03-21 10:03:33","Yes","96.20","290.00","92.00","Pass","98.00","B+"
"CONNER","JUSTINE","justine.conner","04C","2024-05-30 11:04:30","Yes","95.80","290.00","93.00","Pass","97.00","B+"
"DILLER","NATHAN","nathan.e.diller","04B","2024-01-22 18:02:43","Yes","94.00","288.00","94.00","Pass","94.00","A"
"DONOVAN","MICHAEL","michael.z.donovan","04B","2023-12-01 11:19:02","Yes","94.40","288.00","93.00","Pass","95.00","A-"
"DORJGOTOV","DORJDAVAA","ddorjdavaa87@gmail.com","04D","2024-04-26 14:25:42","Yes","91.40","282.00","90.00","Pass","92.00","C"
"EASTMAN","PHILIPP","philipp.eastman","04A","2024-02-02 13:52:37","Yes","93.40","286.00","92.00","Pass","94.00","A-"
"EVANS","ALLISON","allison.j.evans","04D","2024-04-29 09:57:33","Yes","97.10","293.00","95.00","Pass","98.00","A"
"FRANK","MATTHEW","matthew.r.frank2","04B","2024-02-04 18:39:39","Yes","93.70","287.00","93.00","Pass","94.00","B+"
"FUREY","LYLA","lyla.a.furey","04B","2024-04-28 15:07:30","Yes","94.10","287.00","92.00","Pass","95.00","B+"
"GATTIE","DAVID","david.j.gattie","04C","2024-05-21 17:16:18","Yes","92.30","285.00","93.00","Pass","92.00","A"
"GLEGHORN","KYLE","kyle.d.gleghorn","04C","2024-03-04 10:57:27","Yes","91.70","283.00","91.00","Pass","92.00","B+"
"GOTAME","UJJWAL","5516ujjwal@gmail.com","04B","2024-04-01 10:33:23","Yes","95.80","290.00","93.00","Pass","97.00","B+"
"HASANAJ","BLERAND","blerand@gmail.com","04D","2023-12-08 10:42:25","Yes","90.00","280.00","90.00","Pass","90.00","A-"
"JONES","CODY","cody.m.jones","04B","2024-04-04 07:08:05","Yes","94.70","289.00","94.00","Pass","95.00","B+"
"KAVA","ROBERT","robert.kava1","04D","2024-04-19 14:39:45","Yes","91.30","283.00","92.00","Pass","91.00","B+"
"KLEIN","CHRISTOPHER","christopher.klein5","04D","2024-05-28 17:17:10","Yes","94.70","289.00","94.00","Pass","95.00","A"
"KNOTT","AARON","aaron.d.knott","04A","2024-03-21 09:01:33","Yes","93.40","286.00","92.00","Pass","94.00","A-"
"KREMER","CHRISTOPHER","christopher.kremer","21A","2023-12-10 09:11:10","Yes","94.00","288.00","94.00","Pass","94.00","A"
"LIBRANDE","JOSEPH","joseph.d.librande","04A","2024-01-20 11:59:27","Yes","90.60","282.00","92.00","Pass","90.00","A-"
"LOFTUS","CASSONDRA","cassondra.dick","04A","2023-12-11 10:38:25","Yes","92.80","284.00","90.00","Pass","94.00","B"
"LOWE","ZACHARY","zachary.d.lowe","04B","2024-05-25 17:06:19","Yes","90.90","283.00","93.00","Pass","90.00","B+"
"LOXSOM","JAMES","james.loxsom","04D","2024-01-22 18:53:11","Yes","90.20","282.00","93.00","Pass","89.00","A-"
"MAGALLANES","ANTHONY","anthony.f.magallanes","04A","2024-03-03 14:28:34","Yes","90.30","281.00","91.00","Pass","90.00","B"
"MAKOSKI","CARSON","carson.a.makoski","04D","2024-01-08 15:25:34","Yes","94.70","289.00","94.00","Pass","95.00","A-"
"MARCINIAK","ERWIN","erwin.marciniak","04A","2024-04-04 12:20:16","Yes","93.00","286.00","93.00","Pass","93.00","B+"
"MCFADDEN","BRANDON","brandon.mcfadden","04A","2024-03-27 09:55:36","Yes","94.30","289.00","95.00","Pass","94.00","A"
"MEIER","JOSEPH","joseph.s.meier","04A","2024-03-22 09:14:30","Yes","94.40","288.00","93.00","Pass","95.00","B+"
"MIZEAD","ABDULLA","abdulla.a.mizead","04A","2024-04-10 16:51:50","Yes","90.80","284.00","95.00","Pass","89.00","A"
"MUELLER","ANDREW","andrew.r.mueller","04C","2024-05-06 15:33:55","Yes","93.70","287.00","93.00","Pass","94.00","A"
"PETERSON","DAVID","david.meade.peterson","04D","2024-02-28 17:46:47","Yes","94.40","288.00","93.00","Pass","95.00","A-"
"PORTO","FELICITY","felicity.a.porto","04B","2023-12-08 10:43:25","Yes","76.00","160.00","90.00","Needs Evaluation","70.00","B+"
"REYNOLDS","JEREMY","jeremy.j.reynolds2","04D","2023-12-07 12:20:25","Yes","92.60","286.00","94.00","Pass","92.00","A-"
"SAHAGUN","DANIEL","daniel.j.sahagun","04A","2024-05-29 19:48:11","Yes","89.30","279.00","90.00","Pass","89.00","B"
"SERRANO","JEWLIANNA","jewlianna.m.serrano","04D","2024-04-08 16:36:44","Yes","96.10","291.00","94.00","Pass","97.00","A-"
"SMAJD","ANDREW","andrew.smajd","04C","2023-12-01 08:30:02","Yes","96.10","291.00","94.00","Pass","97.00","A"
"SWINDELL","SCOTT","scott.h.swindell","04D","2024-05-04 21:19:56","Yes","80.10","267.00","92.00","Pass","75.00","A-"
"TERTERYAN","ANDRANIK","andranikterteryan95@gmail.com","04B","2024-05-03 13:52:12","Yes","89.30","279.00","90.00","Pass","89.00","C"
"WALTERS","JOSEPH","joseph.walters5","04C","2024-02-28 13:43:38","Yes","95.10","289.00","93.00","Pass","96.00","A-"
"WERNER","LUCAS","lucas.a.werner","04D","2024-04-01 20:09:03","Yes","91.90","285.00","94.00","Pass","91.00","A"
"YOUNG","RILEY","riley.young3","04D","2024-02-26 09:24:01","Yes","95.40","290.00","94.00","Pass","96.00","A"
"ZWEIFEL","MICHAEL","michael.a.zweifel","04C","2024-05-21 11:14:09","Yes","94.40","288.00","93.00","Pass","95.00","A-"
