﻿"Last Name","First Name","Username","Learner ID","Last Access","Availability","Weighted Total [Total Pts: up to 100 Percentage] |404747","Total [Total Pts: up to 300 Score] |404752","H100P Contribution to Learning [Total Pts: 100 Score] |404760","H100A1 Writing Requirement- Sentence Outline [Total Pts: 100 Pass/Fail] |404767","H100A2 Writing Requirement- Argumentative Essay [Total Pts: 100 Score] |404768","Mid-Course Grade [Total Pts: 100 Score] |416082"
"ACOSTAMATOS","MELVIN","melvin.acostamatos","06A","2024-02-26 09:47:00","Yes","90.20","286.00","100.00","Pass","86.00","92.00"
"ALDERMAN","JULIE","julie.alderman","06D","2024-02-06 10:47:18","Yes","92.30","285.00","93.00","Pass","92.00","90.00"
"ALDINGER","RUSSELL","russell.p.aldinger","06C","2024-01-25 20:58:39","Yes","93.30","287.00","94.00","Pass","93.00","92.00"
"ALNAJEM","EBRAHIM","ealnajem86@outlook.com","06D","2024-06-05 21:52:58","Yes","82.10","267.00","87.00","Pass","80.00","84.00"
"ARNOYS","MANUEL","manuel_arnoys@hotmail.com","06B","2024-06-01 15:53:12","Yes","99.30","299.00","100.00","Pass","99.00","94.00"
"BARCOMB","THOMAS","thomas.barcomb","06D","2023-12-11 08:20:02","Yes","90.90","287.00","100.00","Pass","87.00","94.00"
"BAWA'NEH","SHADI ADBELHALIM ABDALLA","shaddoy84@gmail.com","06A","2024-05-29 23:19:56","Yes","83.10","269.00","88.00","Pass","81.00","88.00"
"BERRY","SHAWN","shawn.e.berry2","06A","2023-11-16 17:12:09","Yes","85.80","274.00","90.00","Pass","84.00","88.00"
"BERZINA","IVETA","iveta79.il@gmail.com","06D","2023-12-11 08:30:56","Yes","90.10","279.00","88.00","Pass","91.00","84.00"
"Bliley","Mitch","mitchell.bliley","06D","2024-04-29 04:00:45","Yes","94.00","288.00","94.00","Pass","94.00","90.00"
"BOLDEN","JILL","jill.m.bolden","06C","2024-03-25 09:43:30","Yes","83.80","270.00","88.00","Pass","82.00","84.00"
"BORGSTROEM","DANIEL C U","daniel.borgstroem@gmail.com","06C","2024-05-09 12:01:15","Yes","90.00","284.00","97.00","Pass","87.00","94.00"
"BOURDEAU","MATTHEW","matthew.bourdeau","06A","2024-02-04 13:47:18","Yes","95.60","292.00","97.00","Pass","95.00","94.00"
"BROWNJOHNSON","COTRENA","cotrena.y.brown","06B","2023-11-14 18:39:25","Yes","83.90","269.00","86.00","Pass","83.00","84.00"
"CASTONGUAY","MORGAN","morgan.castonguay","06A","2023-12-13 15:03:02","Yes","94.40","292.00","100.00","Pass","92.00","94.00"
"CORNELL","ROBERT","robert.b.cornell","06C","2024-03-01 16:44:40","Yes","85.70","275.00","92.00","Pass","83.00","90.00"
"CRESCENCIO JUNIOR","ARMANDO","armecav@hotmail.com","06B","2023-11-08 11:11:04","Yes","87.10","277.00","92.00","Pass","85.00","88.00"
"CUTLIP","SHANE","shane.cutlip","06A","2024-05-30 08:53:58","Yes","87.10","277.00","92.00","Pass","85.00","92.00"
"DAIGLE","PETER","peter.m.daigle3","06B","2024-05-06 10:27:55","Yes","95.40","290.00","94.00","Pass","96.00","90.00"
"DANG","HOANG ""DATA""","hoang.h.dang","06C","2024-03-25 09:35:31","Yes","91.40","286.00","97.00","Pass","89.00","94.00"
"DE LA CRUZ","RONALD","ronald.delacruz1","06C","2024-03-27 12:04:30","Yes","80.70","265.00","87.00","Pass","78.00","84.00"
"DEETER","CATHERINE","catherine.deeter","06D","2024-02-09 08:22:12","Yes","94.00","288.00","94.00","Pass","94.00","92.00"
"DEROSA","MATTHEW","matthew.m.derosa2","06D","2024-03-08 11:35:31","Yes","88.40","280.00","94.00","Pass","86.00","94.00"
"GALLAGHER","MATTHEW","matthew.gallagher6","06C","2024-05-09 16:39:25","Yes","98.60","298.00","100.00","Pass","98.00","94.00"
"GLUTTING","NEAL","neal.f.glutting","06D","2023-11-27 07:00:14","Yes","90.00","284.00","97.00","Pass","87.00","94.00"
"HAYNES","MICHAEL","michael.haynes6","06D","2023-11-22 18:47:19","Yes","90.10","283.00","95.00","Pass","88.00","92.00"
"HOOKS","CHRISTOPHER","christopher.i.hooks","06B","2024-05-16 08:42:18","Yes","91.60","288.00","100.00","Pass","88.00","92.00"
"HUSSEY","MICHAEL","michael.d.hussey","06C","2024-05-09 15:15:06","Yes","85.30","275.00","93.00","Pass","82.00","92.00"
"HUSTED","CHAUNCEY","chauncey.husted","06B","2024-05-17 17:23:15","Yes","92.30","285.00","93.00","Pass","92.00","92.00"
"JENKINS","KENNETH","kenneth.m.jenkins2","21A","2023-11-16 11:07:13","Yes","92.60","286.00","94.00","Pass","92.00","92.00"
"JONES","SCOTT","scott.r.jones","06C","2024-04-15 14:52:56","Yes","95.60","292.00","97.00","Pass","95.00","94.00"
"LAMPEN","JOSHUA","joshua.v.lampen","06D","2024-04-03 09:03:28","Yes","93.00","286.00","93.00","Pass","93.00","92.00"
"LANE","WILLIAM","william.t.lane","06D","2024-05-16 06:45:20","Yes","87.00","278.00","94.00","Pass","84.00","92.00"
"LOCKARD","PATRICK","patrick.lockard","06A","2024-05-03 09:05:11","Yes","97.70","295.00","97.00","Pass","98.00","92.00"
"LUBINSKI","MICHAEL","michael.lubinski1","06B","2024-06-03 09:17:13","Yes","90.10","283.00","95.00","Pass","88.00","94.00"
"MCLELLAN","JACOB","jacob.mclellan","06D","2024-04-04 15:32:06","Yes","94.40","292.00","100.00","Pass","92.00","90.00"
"MEHR","JAMES","james.edward.mehr","06D","2024-04-02 15:55:28","Yes","97.70","295.00","97.00","Pass","98.00","94.00"
"MEYER","BENJAMIN","benjamin.a.meyer","06B","2024-02-07 16:45:45","Yes","85.90","273.00","88.00","Pass","85.00","88.00"
"MOORE","PAUL","paul.a.moore3","06B","2024-01-24 17:01:10","Yes","87.40","282.00","100.00","Pass","82.00","94.00"
"NJEWA","JIMMY JIM","jimmynjewa@gmail.com","06A","2024-04-08 07:07:33","Yes","84.50","271.00","88.00","Pass","83.00","88.00"
"NOLAND","JOEL","joel.p.noland","06B","2023-11-17 21:25:10","Yes","94.00","288.00","94.00","Pass","94.00","88.00"
"OKEEFE","PATRICK","patrick.k.okeefe","20A","2024-05-16 16:55:03","Yes","98.60","298.00","100.00","Pass","98.00","94.00"
"OSTWALD","ABIGAIL","abigail.ostwald","06A","2024-01-16 18:36:17","Yes","88.40","280.00","94.00","Pass","86.00","92.00"
"RIDDICK","JULIA","julia.k.steele","06C","2024-05-13 17:16:22","Yes","84.40","272.00","90.00","Pass","82.00","90.00"
"RITNOPPAKUN","CHRISTOPHER","c.ritnoppakun","06A","2024-02-27 18:11:38","Yes","84.50","271.00","88.00","Pass","83.00","88.00"
"RYAN","KEVIN","kevin.ryan13","06A","2023-12-03 11:22:33","Yes","87.30","275.00","88.00","Pass","87.00","88.00"
"SCHERER","LUCAS","lucas.s.scherer","06D","2024-02-28 15:24:41","Yes","89.10","281.00","94.00","Pass","87.00","92.00"
"SCHWARTZ","DEREK","derek.ryan.schwartz","06B","2024-03-06 10:46:36","Yes","90.50","283.00","94.00","Pass","89.00","94.00"
"SPICKARD","MICHAEL","michael.spickard","06C","2024-03-05 16:48:32","Yes","85.10","273.00","90.00","Pass","83.00","90.00"
"Stavros","DJay","djay.t.stavros","06A","2023-11-16 10:47:08","Yes","87.80","278.00","92.00","Pass","86.00","92.00"
"STOUT","AARON","aaron.j.stout","06A","2024-03-16 18:01:06","Yes","88.20","282.00","98.00","Pass","84.00","94.00"
"SWETT","ANDREA","andrea.l.swett","06B","2024-01-02 09:01:26","Yes","90.00","280.00","90.00","Pass","90.00","84.00"
"TILLEY","SHARLENE","sharlene.i.tilley","06A","2024-06-05 08:18:14","Yes","80.20","266.00","90.00","Pass","76.00","90.00"
"TOLAND","MICHAEL","michael.p.toland","06B","2024-04-25 11:01:30","Yes","90.60","282.00","92.00","Pass","90.00","90.00"
"VANDERVORT","MAX","max.vandervort","06A","2023-11-17 11:37:44","Yes","88.60","282.00","97.00","Pass","85.00","92.00"
"VANENGEL","JOANNA","joanna.m.vanengel","06B","2024-01-01 21:48:08","Yes","93.00","286.00","93.00","Pass","93.00","90.00"
"WINGARD","JAMES","james.h.wingard","06C","2024-05-10 00:35:06","Yes","94.10","287.00","92.00","Pass","95.00","92.00"
"WITKOWSKI","TOM","thomas.witkowski2","06C","2024-04-30 10:42:38","Yes","94.20","290.00","97.00","Pass","93.00","94.00"
"WITTMEYER","COLLIN","collin.wittmeyer","06B","2024-03-04 00:08:29","Yes","97.125","294.75","98.00","Pass","96.75","92.00"
"WOODS","STEVEN","steven.woods8","06C","2023-11-20 09:52:15","Yes","87.00","278.00","94.00","Pass","84.00","92.00"
