﻿"Last Name","First Name","Username","Learner ID","Last Access","Availability","Weighted Total [Total Pts: up to 100 Percentage] |404879","Total [Total Pts: up to 300 Score] |404884","H100P Contribution to Learning [Total Pts: 100 Score] |404892","H100A1 Writing Requirement- Sentence Outline [Total Pts: 100 Pass/Fail] |404899","H100A2 Writing Requirement- Argumentative Essay [Total Pts: 100 Score] |404900"
"AL-HOUSNI","TARIQ ABDALLAH SALIM","tariqalhosnie84@gmail.com","12A","2024-02-27 09:05:41","Yes","87.00","273.00","87.00","Pass","87.00"
"AUGELLO","JOSEPH","joseph.augello","12C","2024-03-03 10:10:26","Yes","91.50","284.00","95.00","Pass","90.00"
"BARKER","JEFFREY","jeffrey.barker2","12C","2023-11-09 08:25:23","Yes","91.90","284.00","94.00","Pass","91.00"
"BEMENT","MICHELLE","susanne.bement","12B","2024-03-02 17:04:34","Yes","88.70","276.00","88.00","Pass","89.00"
"BOUVIER","MATTHEW","matthew.f.bouvier","12B","2024-03-03 18:04:26","Yes","95.30","290.00","96.00","Pass","95.00"
"BRINDLE","CLAIRE","claire.v.simpson","12A","2024-05-15 15:37:18","Yes","97.30","294.00","98.00","Pass","97.00"
"BUSS","BRADLEY","bradley.buss","12C","2024-02-18 19:21:09","Yes","93.70","286.00","93.00","Pass","94.00"
"CHANDLER","MELISSA","melissa.chandler3","12B","2024-03-15 15:32:05","Yes","88.20","277.00","91.00","Pass","87.00"
"CONLEY","JOHN","john.conley3","12A","2024-03-03 08:36:26","Yes","87.00","273.00","87.00","Pass","87.00"
"COPELAND","PATRICK","patrick.copeland","12A","2024-04-06 10:34:44","Yes","97.30","294.00","98.00","Pass","97.00"
"CORRIDAN","RYAN","ryan.p.corridan","12A","2024-04-06 15:03:37","Yes","93.30","286.00","94.00","Pass","93.00"
"COYNER","CATHERINE","catherine.a.wahlman","12D","2024-03-18 08:34:05","Yes","97.40","293.00","96.00","Pass","98.00"
"DAVIS","RACHEL","rachel.a.davis4","12C","2023-12-05 08:45:33","Yes","96.80","291.00","94.00","Pass","98.00"
"DOUGLAS","KYLE","kyle.raymond.douglas","12D","2024-03-28 10:49:14","Yes","92.10","282.00","90.00","Pass","93.00"
"Downing","David","david.c.downing","12A","2024-03-03 12:37:34","Yes","96.10","290.00","94.00","Pass","97.00"
"FATOOL","SAMUEL","samuel.fatool","12A","2024-05-10 05:53:26","Yes","97.00","293.00","97.00","Pass","97.00"
"Feldner","Jay","joseph.feldner","12D","2024-02-19 22:15:49","Yes","92.60","285.00","94.00","Pass","92.00"
"FOXWORTH","ANTHONY","anthony.l.foxworth","12B","2023-11-22 08:17:19","Yes","91.20","283.00","94.00","Pass","90.00"
"FREEMAN","VIDAL","vidal.l.freeman","12B","2024-04-07 08:33:37","Yes","88.70","276.00","88.00","Pass","89.00"
"GRIFFIN","BLAIRE","blaire.griffin","12C","2024-04-24 10:15:29","Yes","89.40","277.00","88.00","Pass","90.00"
"HAGGARD","KATHLEEN","kathleen.m.haggard","12B","2024-01-21 17:22:10","Yes","95.00","289.00","95.00","Pass","95.00"
"HIGGINS","SARA","sara.higgins","12A","2024-03-05 11:08:28","Yes","90.60","281.00","92.00","Pass","90.00"
"HUTTON","BRIAN","brian.j.hutton","12C","2024-03-03 18:07:34","Yes","92.70","284.00","92.00","Pass","93.00"
"IOTT","JUSTIN","justin.iott","12B","2024-05-27 23:12:20","Yes","92.90","286.00","95.00","Pass","92.00"
"LA GRAND","PIERRE","grandlapierre@gmail.com","12D","2024-05-30 20:40:58","Yes","96.40","291.00","95.00","Pass","97.00"
"LAWAL","SALMAN MOHAMMED","salmanlawal60rc@gmail.com","12A","2024-04-08 04:28:32","Yes","87.90","276.00","90.00","Pass","87.00"
"LEEMON","JAYNE","jayne.a.leemon","12D","2024-04-23 14:49:30","Yes","97.40","293.00","96.00","Pass","98.00"
"LIGON","JOHN","john.clayton.ligon","12A","2024-05-23 08:51:53","Yes","97.30","294.00","98.00","Pass","97.00"
"LIND","BRENDAN","brendan.lind","12B","2024-01-28 15:22:20","Yes","95.30","290.00","96.00","Pass","95.00"
"LYLE","ROBERT","robert.lyle1","12A","2024-02-13 08:54:15","Yes","92.00","283.00","92.00","Pass","92.00"
"LYNCH","DANIEL","daniel.c.lynch","12B","2024-03-01 10:51:33","Yes","90.60","281.00","92.00","Pass","90.00"
"MACH","JAKUB","mach.jakub@gmail.com","12B","2024-01-21 10:41:10","Yes","90.00","279.00","90.00","Pass","90.00"
"MANERA","GODFREY","godfrey.a.manera","12A","2024-05-14 15:33:08","Yes","89.40","277.00","88.00","Pass","90.00"
"MATECHIK","THOMAS","thomas.p.matechik","12B","2024-04-25 16:20:28","Yes","92.90","286.00","95.00","Pass","92.00"
"MATOCHA","GARY","gary.matocha","12C","2024-03-03 09:02:28","Yes","93.50","284.00","90.00","Pass","95.00"
"MCCARTHY","JAMES","james.j.mccarthy102","12C","2024-05-28 19:05:10","Yes","97.00","293.00","97.00","Pass","97.00"
"MCLANE","REBEKAH","rebekah.r.mclane","12D","2024-03-03 20:35:34","Yes","97.30","294.00","98.00","Pass","97.00"
"MIURA","KEN","kenmiurakm@gmail.com","12C","2024-05-14 12:18:23","Yes","95.80","289.00","93.00","Pass","97.00"
"OH","TIMOTHY","timothy.oh","12D","2024-04-13 10:38:56","Yes","91.00","281.00","91.00","Pass","91.00"
"OPP","BRIDGER","bridger.s.opp","12B","2024-04-29 09:18:29","Yes","93.60","287.00","95.00","Pass","93.00"
"PATTERSON","MATTHEW","matthew.e.patterson12","12D","2024-03-02 10:53:34","Yes","90.80","283.00","95.00","Pass","89.00"
"PHILLIPS","CASEY","casey.w.phillips","12D","2024-02-19 16:30:57","Yes","92.20","285.00","95.00","Pass","91.00"
"PITASSI","RYAN","ryan.j.pitassi","12A","2024-03-03 08:56:34","Yes","90.40","283.00","96.00","Pass","88.00"
"POLLARD","VAUGHN","vaughn.pollard","12C","2024-04-16 15:24:54","Yes","94.90","290.00","97.00","Pass","94.00"
"RISINGER","JACOB","jacob.risinger","12B","2024-04-22 09:16:15","Yes","90.60","281.00","92.00","Pass","90.00"
"RIVERA","JOSE","jose.rivera54","12A","2024-02-26 18:23:36","Yes","95.50","288.00","92.00","Pass","97.00"
"ROY","DANIEL","daniel.roy1","12C","2024-04-19 14:22:13","Yes","91.90","284.00","94.00","Pass","91.00"
"SAULNIER","STEPHEN","stephen.a.saulnier","12D","2024-01-01 19:51:43","Yes","90.50","282.00","94.00","Pass","89.00"
"SCALES","DONALD","donald.s.scales","12D","2023-12-06 19:24:33","Yes","86.60","273.00","88.00","Pass","86.00"
"SMITH","KENROY","kenroy.r.smith@gmail.com","12C","2024-05-29 08:44:56","Yes","89.00","277.00","89.00","Pass","89.00"
"SOPKIW","MARK","mark.sopkiw","12A","2024-02-02 13:37:37","Yes","90.00","279.00","90.00","Pass","90.00"
"THRASH","TIMOTHY","timothy.thrash","12D","2024-04-10 12:16:12","Yes","92.30","284.00","93.00","Pass","92.00"
"TRAVIS","HOWARD","travis.k.howard","12D","2024-01-22 08:18:32","Yes","92.60","285.00","94.00","Pass","92.00"
"VOGEL","JAKE","jacob.r.vogel","12C","2024-04-18 14:44:11","Yes","94.10","286.00","92.00","Pass","95.00"
"WALK","KOLIN","kolin.walk","12C","2024-04-19 12:46:20","Yes","91.90","284.00","94.00","Pass","91.00"
"WEBB","DAVID","david.webb16","12D","2023-11-30 15:22:32","Yes","93.20","287.00","96.00","Pass","92.00"
"WEST","ANDREW","andrew.p.west","12C","2024-04-20 12:12:13","Yes","93.60","287.00","95.00","Pass","93.00"
"WILLIS","BRANDON","brandon.j.willis2","12B","2024-04-05 21:17:37","Yes","91.20","283.00","94.00","Pass","90.00"
