﻿"Last Name","First Name","Username","Learner ID","Last Access","Availability","Weighted Total [Total Pts: up to 100 Percentage] |404725","Total [Total Pts: up to 300 Score] |404730","H100A2 Writing Requirement- Argumentative Essay [Total Pts: 100 Score] |404746","H100P Contribution to Learning [Total Pts: 100 Score] |404738","H100A1 Writing Requirement- Sentence Outline [Total Pts: 100 Pass/Fail] |404745","CTGL Interim [Total Pts: 100 Percentage] |420203"
"ALBRECHT","CHRISTIAN","christian.albrecht","05D","2024-01-22 11:03:11","Yes","93.60","288.00","93.00","95.00","Pass","93.00"
"BAT-ERDENE","SYERGYEI","2012seeree2012@gmail.com","05B","2024-01-31 08:27:24","Yes","89.50","285.00","85.00","100.00","Pass","89.00"
"BLACK JR","LARRY","larry.s.black4","05B","2024-02-29 13:45:33","Yes","94.80","292.00","93.00","99.00","Pass","93.00"
"BRACKIN","RONALD","ronald.j.brackin","05A","2024-04-11 06:51:54","Yes","90.10","283.00","88.00","95.00","Pass","92.00"
"BURGESS","ERICA","erica.n.burgess","05A","2023-12-13 08:44:00","Yes","84.50","271.00","83.00","88.00","Pass","86.00"
"BUSH","GREGORY","gregory.alan.bush","05C","2024-03-22 10:00:28","Yes","90.20","282.00","89.00","93.00","Pass","93.00"
"CAREY","DUSTIN","dustin.e.carey","05B","2024-05-13 07:37:21","Yes","88.00","280.00","85.00","95.00","Pass","86.00"
"CARTER","MARK","mark.a.carter144","05C","2024-05-29 20:30:13","Yes","85.90","273.00","85.00","88.00","Pass","86.00"
"CARTER","TIFFANY","tiffany.d.jones4","05D","2023-12-12 20:00:02","Yes","88.00","280.00","85.00","95.00","Pass","91.00"
"CHI","BONG","bongjoon.chi","05D","2024-04-15 14:52:55","Yes","95.80","294.00","94.00","100.00","Pass","95.00"
"CRAFT","THOMAS","tom.craft","05A","2024-03-03 09:56:34","Yes","89.00","278.00","89.00","89.00","Pass","86.00"
"CRAWFORD","LIZA","liza.b.dye","05C","2023-12-12 17:55:00","Yes","87.40","278.00","85.00","93.00","Pass","92.00"
"EDWARDS","TRAVIS","travis.edwards5","05C","2024-05-31 18:31:31","Yes","87.10","277.00","85.00","92.00","Pass","92.00"
"FLORES","ASAEL","asael.flores","05B","2024-03-26 06:35:29","Yes","82.40","272.00","77.00","95.00","Pass","90.00"
"Fox","Adam","adam.fox3","05C","2024-03-28 13:58:03","Yes","93.30","287.00","93.00","94.00","Pass","92.00"
"GORDON","ALEX","alex.t.gordon","20A","2024-04-25 14:54:30","Yes","90.90","283.00","90.00","93.00","Pass","90.00"
"GRANT","ALAN","alan.b.grant","05A","2024-01-24 09:02:57","Yes","90.20","282.00","89.00","93.00","Pass","93.00"
"HAAKE","ROBYN","robyn.j.haake","05D","2024-02-01 16:56:37","Yes","90.00","280.00","90.00","90.00","Pass","88.00"
"HARMON","ALEXANDER","alexander.harmon1","05B","2024-06-04 16:35:32","Yes","86.60","278.00","83.00","95.00","Pass","92.00"
"HARRISON","KAITLIN","kaitlin.m.harrison","05B","2023-12-12 19:10:00","Yes","87.00","274.00","87.00","87.00","Pass","87.00"
"HILL","LANCE","lance.a.hill2","05A","2024-02-28 19:30:38","Yes","89.50","285.00","85.00","100.00","Pass","95.00"
"HOWE","THOMAS","thomas.f.howe","05C","2023-12-12 16:47:59","Yes","86.00","280.00","80.00","100.00","Pass","93.00"
"HUETER","AMELIA","amelia.l.hueter","05B","2024-04-03 19:00:53","Yes","86.50","275.00","85.00","90.00","Pass","87.00"
"JOHNSON","JEFFREY ""VANCE""","jeffrey.v.johnson1","05A","2024-01-28 10:47:36","Yes","92.20","286.00","91.00","95.00","Pass","93.00"
"JONES","CHRISTOPHER","christopher.r.jones6","05C","2024-04-30 13:08:34","Yes","89.50","281.00","88.00","93.00","Pass","93.00"
"KEEFER","COLTON","colton.s.keefer","05A","2024-05-29 17:33:53","Yes","90.40","280.00","91.00","89.00","Pass","88.00"
"LEE","RYAN","ryan.s.lee","05C","2024-04-26 10:01:28","Yes","90.80","284.00","89.00","95.00","Pass","92.00"
"LLOYD","ELIJAH","elijah.j.lloyd","05B","2023-12-12 19:21:11","Yes","91.50","285.00","90.00","95.00","Pass","93.00"
"LOBO ALMAZAN","EDUARDO","edulobo84@gmail.com","05C","2024-04-19 17:05:13","Yes","88.00","280.00","85.00","95.00","Pass","95.00"
"MANOUGIAN","MICHAEL","michael.manougian","05A","2024-05-16 17:36:18","Yes","94.50","291.00","93.00","98.00","Pass","94.00"
"MARSHALL III","JOHN TOMA","jtmarshall3rd@gmail.com","05D","2024-01-24 12:11:08","Yes","82.40","272.00","77.00","95.00","Pass","86.00"
"MORALES","DAVID","david.m.morales3","05D","2023-12-13 07:36:11","Yes","88.00","280.00","85.00","95.00","Pass","90.00"
"NELSON","KEDRICK","kedrick.nelson","05B","2024-03-06 12:52:38","Yes","85.70","279.00","80.00","99.00","Pass","95.00"
"OLOUGHLIN","JEFFRY","jeffry.oloughlin","05D","2024-02-08 13:23:28","Yes","83.20","272.00","79.00","93.00","Pass","90.00"
"OWENS","WALT","walter.h.owens","05B","2024-04-03 19:10:58","Yes","83.60","272.00","80.00","92.00","Pass","90.00"
"PHILLIPS","SHANE","shane.m.phillips2","05D","2024-02-25 16:36:56","Yes","90.10","283.00","88.00","95.00","Pass","90.00"
"PRETENI","ADEM","adempreteni@gmail.com","05D","2024-02-26 21:22:40","Yes","88.00","280.00","85.00","95.00","Pass","93.00"
"RINGEL","EVAN","evan.ringel","05B","2024-04-08 14:07:44","Yes","89.50","281.00","88.00","93.00","Pass","93.00"
"ROBINSON","CARLOS","carlos.r.robinson","05C","2024-03-01 09:18:33","Yes","85.10","273.00","83.00","90.00","Pass","88.00"
"ROBINSON","LISA","lisa.m.robinson4","05C","2024-03-08 08:21:30","Yes","88.70","277.00","89.00","88.00","Pass","80.00"
"Rosa","Ryan","ryan.d.rosa","05D","2024-02-29 11:23:39","Yes","92.10","287.00","90.00","97.00","Pass","94.00"
"ROTAR","PHILLIP","phillip.r.rotar","05A","2024-04-01 10:42:05","Yes","89.50","281.00","88.00","93.00","Pass","93.00"
"SANDIFER","LANE","lane.h.sandifer","05C","2024-03-17 19:02:49","Yes","87.20","276.00","86.00","90.00","Pass","90.00"
"SANGARE","DRISSA","souleyameen@gmail.com","05A","2024-01-23 20:19:57","Yes","87.40","282.00","82.00","100.00","Pass","89.00"
"SASANO","KEILY","keily.m.sasano","05C","2023-12-13 08:20:02","Yes","89.00","278.00","89.00","89.00","Pass","86.00"
"SHAMKHALOV","EDGAR","edqarshamxalov@gmail.com","05B","2024-03-03 15:58:26","Yes","85.80","274.00","84.00","90.00","Pass","80.00"
"SHARPE","TYLER","tyler.m.sharpe","05B","2024-02-19 14:49:09","Yes","91.60","284.00","91.00","93.00","Pass","90.00"
"SHELKAN","ARI","aryakram36@gmail.com","05A","2024-04-05 09:01:06","Yes","88.70","281.00","86.00","95.00","Pass","91.00"
"SHERWOOD","QUADE","quade.sherwood","05B","2024-03-06 12:52:38","Yes","85.10","273.00","83.00","90.00","Pass","88.00"
"SMITH","CHRISTOPHER","christopher.n.smith1","05C","2024-01-21 18:56:10","Yes","90.00","280.00","90.00","90.00","Pass","90.00"
"SUGG","JACLYN","jaclyn.sugg","05A","2023-12-12 19:06:03","Yes","83.80","270.00","82.00","88.00","Pass","87.00"
"TELLE","HEATHER","heather.deppe","05D","2024-04-15 11:41:54","Yes","90.90","287.00","87.00","100.00","Pass","94.00"
"THOMPSON","JON","jon.g.thompson","05A","2024-03-03 04:30:39","Yes","93.00","286.00","93.00","93.00","Pass","91.00"
"TWITCHELL","JAMES","james.twitchell","05C","2024-01-22 00:57:08","Yes","87.40","278.00","85.00","93.00","Pass","90.00"
"VERNO","ANTHONY","anthony.verno","05A","2024-02-25 11:36:00","Yes","88.20","278.00","87.00","91.00","Pass","91.00"
"WALKER","CHRISTOPHER","christopher.a.walker86","05A","2023-12-13 08:31:00","Yes","87.40","278.00","85.00","93.00","Pass","93.00"
"WALKUP","BENFORD","benford.walkup","05D","2024-04-18 11:10:45","Yes","86.60","278.00","83.00","95.00","Pass","92.00"
"WHITLEY","CARL","carl.l.whitley","05D","2024-04-01 14:03:27","Yes","92.10","287.00","90.00","97.00","Pass","93.00"
"ZUCCARINI","NICHOLAS","nicholas.j.zuccarini","05D","2023-12-13 07:27:02","Yes","84.80","276.00","80.00","96.00","Pass","92.00"
