﻿"Last Name","First Name","Username","Learner ID","Last Access","Availability","Weighted Total [Total Pts: up to 100 Percentage] |404923","Total [Total Pts: up to 300 Score] |404928","H100P Contribution to Learning [Total Pts: 100 Score] |404936","H100A1 Writing Requirement- Sentence Outline [Total Pts: 100 Pass/Fail] |404943","H100A2 Writing Requirement- Argumentative Essay [Total Pts: 100 Score] |404944","Midterm Ballpark CTGL [Total Pts: 100 Letter] |417455"
"Balzer","Alyssa","alyssa.h.balzer","14B","2024-05-05 18:59:57","Yes","90.60","282.00","92.00","Pass","90.00","A-"
"BARAJAS","JAVIER","javier.barajas","14C","2024-03-13 13:34:33","Yes","83.70","263.00","76.00","Pass","87.00","C"
"BARNETT","TACORI","tacori.r.barnett","14B","2024-04-17 10:04:54","Yes","89.80","282.00","94.00","Pass","88.00","A"
"BARRETT","JACOB","jacob.m.barrett","14C","2023-11-13 13:31:25","Yes","89.10","281.00","94.00","Pass","87.00","A"
"BERGEN","ERIK","erik.a.bergen","14A","2024-03-01 14:04:50","Yes","87.90","277.00","90.00","Pass","87.00","A-"
"BRIGGS","DEREK","derek.c.briggs","14C","2024-02-24 10:26:22","Yes","93.60","288.00","95.00","Pass","93.00","A-"
"BRUGLER","MAX","max.a.brugler","14B","2024-04-25 08:57:29","Yes","90.30","281.00","91.00","Pass","90.00","A"
"BURKETT","WILMER","wilmer.burkett","14B","2024-02-04 22:42:18","Yes","84.60","270.00","86.00","Pass","84.00","B+"
"CALLAHAN","KYLE","kyle.callahan","14C","2024-06-04 06:55:13","Yes","83.10","273.00","95.00","Pass","78.00","A"
"CAMPBELL","COLE","cole.c.campbell","14D","2024-01-17 16:03:17","Yes","83.00","270.00","90.00","Pass","80.00","A-"
"CANTLER","SETH","seth.cantler","14B","2024-04-30 10:22:30","Yes","87.90","277.00","90.00","Pass","87.00","A-"
"CASHION","MASON","mason.cashion","14C","2024-01-21 21:46:08","Yes","90.10","283.00","95.00","Pass","88.00","A"
"COLLINS","DAVID","david.collins10","14A","2024-01-22 07:48:10","Yes","87.10","273.00","85.00","Pass","88.00","B"
"COX","WESLEY","wesley.o.cox","14C","2023-12-06 10:23:34","Yes","94.30","289.00","95.00","Pass","94.00","A"
"CRAWFORD","BRUCE","bruce.t.crawford","14A","2023-12-30 11:08:26","Yes","83.00","270.00","90.00","Pass","80.00","B+"
"DAVIES","SETH","seth.e.davies","14A","2024-05-24 10:44:50","Yes","89.20","280.00","92.00","Pass","88.00","A-"
"DAWSON","TY","ty.r.dawson","20A","2024-01-14 20:28:29","Yes","94.80","288.00","92.00","Pass","96.00","A-"
"DREW","ABIGAIL","abigail.e.drew","14B","2024-02-29 06:45:38","Yes","90.90","283.00","93.00","Pass","90.00","A-"
"Ginther","Jeffrey","jeffrey.a.ginther","14A","2024-04-15 21:51:54","Yes","92.80","284.00","90.00","Pass","94.00","A-"
"HARPER","BENJAMIN","benjamin.c.harper","14A","2023-12-01 12:11:32","Yes","93.50","285.00","90.00","Pass","95.00","B+"
"HECKEL","CHRISTIAN","christian.heckel","14D","2024-03-08 07:30:27","Yes","91.00","282.00","91.00","Pass","91.00","A-"
"HERMAN","JARED","jared.herman","14D","2024-04-29 09:29:31","Yes","91.70","283.00","91.00","Pass","92.00","A"
"HERNANDEZ","SHELBEE","shelbee.r.cowart","14C","2023-11-17 18:27:10","Yes","91.50","281.00","88.00","Pass","93.00","A"
"HONORATO","FELIPE","fgfhonorato@gmail.com","14C","2024-03-28 13:32:03","Yes","88.80","280.00","93.00","Pass","87.00","B+"
"JIANG","JIAN-LIANG","rextothebit@gmail.com","14C","2024-03-07 11:50:24","Yes","83.00","270.00","90.00","Pass","80.00","A-"
"JOHNSON","NICHOLAS","nicholas.r.johnson","14D","2024-03-17 17:45:49","Yes","92.10","283.00","90.00","Pass","93.00","A-"
"KANE","IBRAHIMA","p.i.kane@hotmail.fr","14A","2023-11-18 11:27:14","Yes","85.70","271.00","85.00","Pass","86.00","B"
"KELLER","JOSHUA","joshua.j.keller","21A","2024-05-21 14:24:09","Yes","90.60","282.00","92.00","Pass","90.00","A"
"KHAN","SAAD HAYAT","saadhayatkhan89@gmail.com","14A","2024-05-17 12:26:07","Yes","90.10","283.00","95.00","Pass","88.00","A"
"KNABEL","ROBERT","robert.f.knabel","14A","2023-12-08 11:49:11","Yes","92.10","283.00","90.00","Pass","93.00","A"
"KONDRATENKO","DMITRI","dimitry.kondratenko@gmail.com","14B","2024-02-04 14:37:39","Yes","94.40","288.00","93.00","Pass","95.00","A"
"LANGEL","LISA","lisa.langel","14B","2024-04-22 11:31:22","Yes","91.30","283.00","92.00","Pass","91.00","A-"
"LANTER","MATHEW","mathew.m.lanter","14A","2024-01-21 09:59:10","Yes","91.70","283.00","91.00","Pass","92.00","A-"
"LAYTON","ZACHARY","zach.layton","14A","2024-05-17 15:28:07","Yes","89.30","279.00","90.00","Pass","89.00","B"
"LOPEZ","ENRIQUE","enrique.lopezjr","14C","2024-04-01 19:16:56","Yes","80.10","263.00","85.00","Pass","78.00","B+"
"LOWE","DANIEL","daniel.g.lowe","14C","2024-02-22 13:54:59","Yes","85.90","273.00","88.00","Pass","85.00","A-"
"MARTINEZ","JOVAN","jovan.martinez","14C","2024-02-28 07:54:41","Yes","82.20","270.00","92.00","Pass","78.00","A-"
"McFadden","Nathan","nathan.mcfadden","21A","2024-04-02 09:48:03","Yes","94.40","288.00","93.00","Pass","95.00","A-"
"MILLS","JOSHUA","joshua.matthew.mills","14D","2024-05-28 12:12:56","Yes","91.00","282.00","91.00","Pass","91.00","A-"
"MOE","BENJAMIN","benjamin.f.moe","14B","2024-04-17 13:21:55","Yes","94.10","287.00","92.00","Pass","95.00","A-"
"MOORE","KELLY ANN","kellyann.m.moore","14A","2024-02-27 13:59:38","Yes","88.80","276.00","86.00","Pass","90.00","B"
"MORTON","ANDREW","andrew.c.morton4","14B","2024-05-29 08:32:53","Yes","97.10","293.00","95.00","Pass","98.00","A+"
"NAKAHAMA","NAOYA","naoya.nakahama@outlook.jp","14B","2024-05-07 17:06:33","Yes","84.70","273.00","91.00","Pass","82.00","A-"
"ORR","DOUGLAS","douglas.m.orr","14C","2023-11-19 05:53:10","Yes","88.50","271.00","78.00","Pass","93.00","C"
"PADILLA","ARELIS","arelis.padilla","14A","2024-04-05 13:32:06","Yes","86.00","272.00","86.00","Pass","86.00","B"
"PEATT","WOODROW","woodrow.j.peatt","14C","2024-03-03 16:41:26","Yes","93.40","286.00","92.00","Pass","94.00","B"
"PEREZ","JESENIA","jesenia.perez1","14C","2024-04-25 11:01:30","Yes","89.60","276.00","84.00","Pass","92.00","B"
"PERNIA","JOSE","jose.e.pernia","14A","2024-05-10 11:32:06","Yes","92.90","287.00","95.00","Pass","92.00","A"
"PURUGGANAN","PEPITO","pepito.purugganan","14D","2024-04-20 11:59:52","Yes","91.40","282.00","90.00","Pass","92.00","A-"
"RAMIREZ","KAYLEE","kaylee.radzyminski","14D","2024-01-29 09:05:36","Yes","89.40","278.00","88.00","Pass","90.00","B+"
"RETSCH","CHRISTOPHER","christopher.retsch","14D","2024-05-10 11:22:06","Yes","91.70","283.00","91.00","Pass","92.00","A-"
"Sakamoto","Yohei","yohei.sakamoto","14B","2023-11-20 18:30:11","Yes","88.60","278.00","90.00","Pass","88.00","A-"
"SHORKEY","CURTISS","curtiss.shorkey","14A","2023-11-17 15:11:14","Yes","91.40","282.00","90.00","Pass","92.00","A-"
"SHUMAR","THOMAS","thomas.shumar","14B","2024-04-17 11:36:55","Yes","94.40","288.00","93.00","Pass","95.00","A-"
"SKAGEN","ERLEND","erlend.skagen@gmail.com","14D","2024-03-17 10:39:49","Yes","95.30","291.00","96.00","Pass","95.00","A+"
"SOUTHWORTH","RYAN","ryan.s.southworth","14D","2023-11-29 11:09:15","Yes","93.00","286.00","93.00","Pass","93.00","A-"
"SPANN","DELRISHA","risha.spann","14D","2024-04-22 20:21:22","Yes","80.10","263.00","85.00","Pass","78.00","C"
"SUMAIR","RAJINDER","rajinder.sumair","14B","2024-03-07 08:38:24","Yes","83.00","270.00","90.00","Pass","80.00","B+"
"Tudor","Daniel","daniel.r.tudor","14D","2024-01-11 15:04:28","Yes","93.80","286.00","91.00","Pass","95.00","B"
