﻿"Last Name","First Name","Username","Learner ID","Last Access","Availability","Weighted Total [Total Pts: up to 100 Percentage] |404901","Total [Total Pts: up to 300 Score] |404906","H100P Contribution to Learning [Total Pts: 100 Score] |404914","H100A1 Writing Requirement- Sentence Outline [Total Pts: 100 Pass/Fail] |404921","H100A2 Writing Requirement- Argumentative Essay [Total Pts: 100 Score] |404922"
"ALLGOOD","WILLIAM","william.allgood","13B","2024-05-03 10:43:24","Yes","95.70","291.00","95.00","Pass","96.00"
"ARSHAD","SYED JAWWAD ALI","sjawwad.pk@gmail.com","13A","2024-03-29 08:46:20","Yes","95.40","290.00","94.00","Pass","96.00"
"AYALA","MOISES","moises.ayala2","13A","2023-11-30 12:23:02","Yes","93.88","287.60","93.60","Pass","94.00"
"BAER","JOHN","john.baer2","13A","2024-01-12 10:29:22","Yes","94.58","288.60","93.60","Pass","95.00"
"BELCHER","MATTHEW","matthew.r.belcher","13A","2024-03-20 12:18:03","Yes","93.49","286.30","92.30","Pass","94.00"
"BROOKS","MICHAEL","michael.brooks28","13B","2024-01-15 20:49:23","Yes","93.82","287.40","93.40","Pass","94.00"
"BUCKLEY","WILLIAM","william.r.buckley2","13D","2023-11-28 12:51:21","Yes","94.70","289.00","94.00","Pass","95.00"
"CHANDLER","KENESHA","kenesha.chandler","13C","2024-01-22 17:32:09","Yes","81.00","266.00","88.00","Pass","78.00"
"CHASE","JEROME","jerome.k.chase","13C","2024-02-19 12:24:48","Yes","92.50","283.00","89.00","Pass","94.00"
"CRAWFORD","GEOFFREY","geoffrey.k.crawford","13C","2023-11-17 10:19:14","Yes","92.20","286.00","95.00","Pass","91.00"
"DESTEFANO","ANDREW","andrew.destefano","13C","2023-11-20 08:28:15","Yes","87.60","276.00","89.00","Pass","87.00"
"DOLCI","ADAM","adam.dolci","13A","2023-12-10 19:21:25","Yes","94.70","289.00","94.00","Pass","95.00"
"DOZIER","CHRISTOPHER","christopher.dozier1","13B","2023-12-13 04:31:11","Yes","94.73","289.10","94.10","Pass","95.00"
"FINLEY","ANDREW","andrew.r.finley","13D","2023-11-27 08:06:14","Yes","95.10","289.00","93.00","Pass","96.00"
"Fischbach","Markus","markus.w.fischbach","13B","2023-11-15 19:33:26","Yes","93.85","287.50","93.50","Pass","94.00"
"GALLAGHER","JAMES","james.e.gallagher2","13C","2023-11-16 14:56:13","Yes","90.049","274.83","80.83","Pass","94.00"
"Hale","Robert","robert.a.hale","13A","2024-01-12 10:24:28","Yes","93.73","287.10","93.10","Pass","94.00"
"HARRISON","AMANDA","amanda.m.harrison2","13D","2024-04-27 12:35:43","Yes","90.72","282.40","92.40","Pass","90.00"
"HEISS","MICHAEL","michael.heiss1","13D","2024-01-30 17:25:42","Yes","93.85","287.50","93.50","Pass","94.00"
"HEPFL","HOLLY","holly.n.hepfl","13A","2024-01-12 10:24:10","Yes","94.70","289.00","94.00","Pass","95.00"
"HUGHES","MEGAN","megan.m.hughes","13B","2023-12-20 14:07:27","Yes","92.70","285.00","92.00","Pass","93.00"
"HUNTSMAN","KAI","kai.huntsman","13A","2024-04-02 05:33:56","Yes","94.19","287.30","92.30","Pass","95.00"
"JOHNSON","BRIAN","brian.johnson60","13A","2024-04-01 06:34:05","Yes","94.00","288.00","94.00","Pass","94.00"
"KILIKISSA","BRAVE MAJESTE","kilikissa92@gmail.com","13A","2023-11-22 13:13:53","Yes","90.90","283.00","93.00","Pass","90.00"
"Kranz","Nelson","nelson.a.kranz","13D","2024-03-03 08:42:28","Yes","96.55","292.50","95.50","Pass","97.00"
"LAYER","JACOB","jacob.layer","13D","2023-12-06 18:14:33","Yes","94.79","289.30","94.30","Pass","95.00"
"LEGRAND","ROBERT","robert.legrand","13C","2024-02-11 22:13:08","Yes","90.70","281.00","90.00","Pass","91.00"
"LEONARD","LEVI","levi.d.leonard","13C","2023-11-20 08:34:10","Yes","89.30","279.00","90.00","Pass","89.00"
"LUNDBERG","MATTHEW","matthew.m.lundberg","13D","2024-01-22 00:14:08","Yes","93.85","287.50","93.50","Pass","94.00"
"MACDONALD","IAN","ian.t.macdonald","13D","2024-02-25 15:48:00","Yes","96.10","291.00","94.00","Pass","97.00"
"MARTIN","DREXEL","drexel.martin","13C","2024-03-10 17:39:41","Yes","95.10","289.00","93.00","Pass","96.00"
"MCNELLEY","JOSHUA","joshua.p.mcnelley","13A","2023-11-09 08:00:04","Yes","93.15","286.50","93.50","Pass","93.00"
"MEYBAUM","MARC","marc.meybaum","13D","2024-02-25 09:03:00","Yes","94.70","289.00","94.00","Pass","95.00"
"MINA","ABRAAM","abraam.r.mina","13B","2024-05-30 17:33:10","Yes","94.00","288.00","94.00","Pass","94.00"
"MIRANDA","JOHNATHAN","johnathan.j.miranda","13B","2023-12-13 11:33:01","Yes","91.84","284.80","93.80","Pass","91.00"
"Moore","Joshua","joshua.m.moore64","20A","2023-11-29 15:23:21","Yes","93.40","286.00","92.00","Pass","94.00"
"Moore","Nichole","nichole.l.moore7","13D","2024-01-21 18:52:10","Yes","93.58","286.60","92.60","Pass","94.00"
"MULLER","ANDREA","andrea.l.johnson","13B","2024-03-14 14:17:04","Yes","92.91","285.70","92.70","Pass","93.00"
"Nunkoosing","Aaron","aaron_nunkoosing@hotmail.co.uk","13C","2024-05-16 22:34:21","Yes","95.10","289.00","93.00","Pass","96.00"
"PANTANO","JONATHAN","jonathan.d.pantano","13D","2024-01-21 16:54:10","Yes","93.70","287.00","93.00","Pass","94.00"
"PETERSON","MARK","mark.g.peterson","13C","2024-05-03 11:24:24","Yes","87.00","274.00","87.00","Pass","87.00"
"PHILLIPS","JOHN","john.m.phillips1","13A","2024-03-19 12:55:50","Yes","95.86","290.20","93.20","Pass","97.00"
"POULSEN","MICHAEL AXEL","michaelkarstadpoulsen@gmail.com","13B","2024-05-07 12:55:56","Yes","94.30","289.00","95.00","Pass","94.00"
"PRIOR","DANIEL","daniel.e.prior","13C","2024-04-05 18:17:44","Yes","90.80","284.00","95.00","Pass","89.00"
"ROBERSON","MICHAEL","michael.w.roberson","13C","2024-02-26 22:31:37","Yes","90.00","280.00","90.00","Pass","90.00"
"ROJEK","JUSTIN","justin.j.rojek","13C","2024-02-22 08:30:58","Yes","91.50","285.00","95.00","Pass","90.00"
"ROLLS","CHASE","chase.c.rolls","13D","2024-03-27 13:08:30","Yes","95.19","289.30","93.30","Pass","96.00"
"ROPER","DENNIS","dennis.roper","13B","2023-11-21 09:19:18","Yes","94.00","288.00","94.00","Pass","94.00"
"SARAFIMOV","IVAN","ivansarafimov@gmail.com","13B","2023-11-21 21:10:19","Yes","96.40","292.00","95.00","Pass","97.00"
"SCHMID","JOSEPH","joseph.schmid","13B","2023-11-08 10:37:03","Yes","95.83","290.10","93.10","Pass","97.00"
"SEMIDEY","ELIZABETH","elizabeth.zaragoza","13C","2024-03-18 08:34:50","Yes","88.90","279.00","91.00","Pass","88.00"
"SMITH","MARIE","marie.r.smith","13A","2024-05-08 17:17:35","Yes","94.76","289.20","94.20","Pass","95.00"
"THOMAS","JUSTIN","justin.t.thomas","13A","2024-01-12 10:25:22","Yes","88.89","280.30","93.30","Pass","87.00"
"TISDALE","HERMAN","herman.t.tisdale","13B","2023-11-24 15:48:53","Yes","83.93","273.10","93.10","Pass","80.00"
"TRIPP","JORDAN","jordan.w.tripp","13D","2024-01-16 12:31:56","Yes","93.70","287.00","93.00","Pass","94.00"
"WATHUDURA","KASUN THARANGA","wathu67@gmail.com","13D","2024-03-27 11:46:36","Yes","95.10","289.00","93.00","Pass","96.00"
"WILLIAMS","ASHLEY","ashley.williams29","13A","2023-11-10 15:55:24","Yes","94.00","288.00","94.00","Pass","94.00"
"WILLIAMS","STEPHEN","stephen.k.williams2","13D","2024-05-02 05:51:22","Yes","96.83","292.10","94.10","Pass","98.00"
"WILSON","STEVEN","steven.m.wilson4","13B","2023-11-16 13:26:44","Yes","94.70","289.00","94.00","Pass","95.00"
