﻿"Last Name","First Name","Username","Learner ID","Last Access","Availability","Weighted Total [Total Pts: up to 100 Percentage] |404659","Total [Total Pts: up to 300 Score] |404664","H100P Contribution to Learning [Total Pts: 100 Score] |404672","H100A1 Writing Requirement- Sentence Outline [Total Pts: 100 Pass/Fail] |404679","H100A2 Writing Requirement- Argumentative Essay [Total Pts: 100 Score] |404680","Mid Term Class Part. [Total Pts: 100 Letter] |416084"
"AARON","BURDT","aaron.r.burdt","02A","2024-04-20 15:45:21","Yes","94.30","289.00","95.00","Pass","94.00","A"
"ABLES","MITCHELL","mitchell.ables","02C","2023-11-17 08:56:14","Yes","91.40","282.00","90.00","Pass","92.00","A-"
"ABNEY","JAMES","james.h.abney","02C","2023-11-16 08:35:13","Yes","93.30","287.00","94.00","Pass","93.00","A"
"ANDRADE","DERRICK","derrick.r.andrade","02B","2024-03-02 07:58:34","Yes","91.40","282.00","90.00","Pass","92.00",""
"BAIERLEIN","MICHAEL","michael.j.baierlein","02A","2024-05-02 12:44:53","Yes","98.80","296.00","96.00","Pass","100.00","A+"
"BARLEY","MICAH","micah.barley","02D","2023-12-07 08:45:11","Yes","90.80","280.00","88.00","Pass","92.00",""
"BEARD","LEVI","levi.t.beard","02A","2024-03-02 17:28:50","Yes","97.40","294.00","96.00","Pass","98.00","A+"
"BEDEL","JOSHUA","joshua.r.bedel","02B","2024-03-02 10:11:40","Yes","90.50","283.00","94.00","Pass","89.00",""
"BENSON","GATES","gates.b.benson","02B","2024-02-16 19:35:56","Yes","88.40","276.00","87.00","Pass","89.00",""
"BLONIARZ","MARK","mark.bloniarz","02D","2024-01-20 14:03:32","Yes","91.90","281.00","87.00","Pass","94.00",""
"BROOKS","QUINTON","quinton.k.brooks","02C","2023-12-06 10:23:26","Yes","95.40","290.00","94.00","Pass","96.00","A"
"BRUNDIDGE","JOSEPH","joseph.g.brundidge","20A","2024-04-04 11:01:06","Yes","96.00","292.00","96.00","Pass","96.00",""
"BUCKLEY","JOHN","john.buckley7","02C","2023-12-06 10:24:34","Yes","96.00","292.00","96.00","Pass","96.00","A"
"BURDICK","JANA","jana.m.burdick","02B","2023-11-27 08:55:14","Yes","95.80","290.00","93.00","Pass","97.00",""
"CLINTON","MELLORIE","mellorie.clinton","02D","2024-02-25 13:11:47","Yes","90.40","284.00","96.00","Pass","88.00",""
"COLEMAN","JOSHUA","joshua.a.coleman","02A","2024-04-05 18:04:34","Yes","95.00","290.00","95.00","Pass","95.00","A+"
"COLLOT d' ESCURY","LOUIS-HENRI","lh.collotdescury@gmail.com","02B","2024-04-15 20:09:57","Yes","97.00","294.00","97.00","Pass","97.00",""
"CRUSSELLE","CHRISTOPHER","chris.crusselle","02A","2024-03-18 19:27:50","Yes","97.10","293.00","95.00","Pass","98.00","A+"
"CUTSINGER","DAVID","david.cutsinger","02C","2024-02-09 09:09:20","Yes","90.90","283.00","93.00","Pass","90.00","A-"
"DE LA O","ALEXANDRA","alexandra.delao","02D","2024-05-07 15:18:34","Yes","84.50","267.00","81.00","Pass","86.00",""
"FLESHER","ANDREW","andrew.d.flesher2","02C","2024-02-20 17:38:10","Yes","98.60","298.00","100.00","Pass","98.00","A+"
"GROTELUESCHEN","LUKE","luke.grotelueschen","02B","2024-01-12 14:50:10","Yes","97.20","292.00","93.00","Pass","99.00",""
"GUTIERREZ","MELANIE","melanie.e.flege","02D","2024-02-26 12:15:41","Yes","92.40","280.00","84.00","Pass","96.00",""
"HAYWARD","COLLIN","collin.j.hayward","20A","2023-11-30 16:03:32","Yes","95.80","294.00","100.00","Pass","94.00","A+"
"HEYWARD","CHRISTOPHER","christopher.t.heyward","02C","2023-11-16 09:08:08","Yes","90.20","282.00","93.00","Pass","89.00","A-"
"HILEMAN","HARRY","harry.hileman","02B","2024-06-03 08:19:32","Yes","88.30","281.00","96.00","Pass","85.00",""
"HOYING","PHILLIP","phillip.hoying","02C","2024-05-29 21:43:13","Yes","98.80","296.00","96.00","Pass","100.00","A+"
"HUGHES","MATTHEW","matthew.t.hughes2","02A","2024-06-02 13:36:31","Yes","93.90","285.00","89.00","Pass","96.00","B+"
"IVAS","JEFFREY","jeffrey.ivas","02D","2024-03-04 11:10:27","Yes","97.10","293.00","95.00","Pass","98.00",""
"KENNEDY","HEATH","heath.a.kennedy","02D","2023-11-23 09:16:19","Yes","92.90","283.00","88.00","Pass","95.00",""
"KERR","ALAN","alan.k.kerr","02B","2024-04-18 19:54:45","Yes","92.60","286.00","94.00","Pass","92.00",""
"KROLICKI","ANDREW","andrew.j.krolicki","02C","2024-03-05 16:49:25","Yes","94.20","286.00","90.00","Pass","96.00","B"
"LANKFORD","ZACHARY","zachary.p.lankford","02A","2023-11-14 15:17:33","Yes","90.40","280.00","89.00","Pass","91.00","B"
"LUGO","MANUEL","manuel.lugo","02B","2024-04-26 10:14:42","Yes","88.40","276.00","87.00","Pass","89.00",""
"MAIN","RICHARD","clint.main","02D","2024-03-22 15:23:28","Yes","88.40","280.00","94.00","Pass","86.00",""
"MAZZOLA","MARISSA","marissa.l.mazzola","02C","2024-05-20 18:25:17","Yes","90.00","280.00","90.00","Pass","90.00","B+"
"MCCANN","MICHAEL","michael.mccann1","02A","2023-12-14 08:27:47","Yes","95.20","292.00","98.00","Pass","94.00","A"
"MOOREHOUSE","MELISSA","melissa.a.moorehouse","02A","2024-05-01 22:32:32","Yes","92.70","285.00","92.00","Pass","93.00","B"
"MOUHKTAR","MOHAMED","mohamed.f.mouhktar","02B","2024-03-22 20:59:30","Yes","96.30","293.00","97.00","Pass","96.00",""
"NIELSEN","JEFFREY","jeffrey.nielsen1","20A","2023-11-22 14:50:53","Yes","96.00","292.00","96.00","Pass","96.00",""
"OECHSEL","MATTHEW","matthew.c.oechsel","02B","2024-04-11 19:48:43","Yes","95.20","288.00","91.00","Pass","97.00",""
"OMAR","MAHAMOUD HOUSSEIN","mahamoudpom25@hotmail.com","02D","2024-05-28 18:52:56","Yes","82.70","265.00","82.00","Pass","83.00",""
"PARKER","WILLIAM","william.parkeriv","02C","2024-05-31 12:26:05","Yes","93.70","287.00","93.00","Pass","94.00","A"
"PHAM","ANNE","anne.m.pham@gmail.com","02C","2024-06-04 07:00:13","Yes","91.40","282.00","90.00","Pass","92.00","B+"
"POST","TOBIAS","tobiaspost1@gmail.com","02D","2024-06-06 08:24:07","Yes","97.70","295.00","97.00","Pass","98.00",""
"QUINTANA","DENISE","denise.y.quintana","02C","2023-11-16 12:11:13","Yes","92.70","285.00","92.00","Pass","93.00","A-"
"RAGEH","MOSTAFA ELDESOKEY MAHMOUD","mostafarageh28@yahoo.com","02A","2024-01-07 20:08:42","Yes","88.30","277.00","89.00","Pass","88.00","A-"
"RAMOS","CHRISTINA","christina.l.ramos","02A","2024-05-15 19:34:16","Yes","93.90","285.00","89.00","Pass","96.00","B"
"ROBERTS","ANDREW","andrew.roberts14","02C","2023-12-12 18:08:11","Yes","88.30","277.00","89.00","Pass","88.00","B"
"ROBISHAW","SEAN","sean.robishaw","02B","2024-04-19 15:14:45","Yes","90.10","279.00","88.00","Pass","91.00",""
"SANDOVAL","JULIA","julia.k.sandoval","02B","2024-05-07 17:20:33","Yes","96.10","291.00","94.00","Pass","97.00",""
"SHEPARD","CAREY","carey.w.shepard","02B","2024-01-11 03:36:57","Yes","95.10","289.00","93.00","Pass","96.00",""
"STORM","JOSHUA","joshua.ryan.storm","20A","2024-05-27 22:31:09","Yes","99.85","299.50","99.50","Pass","100.00",""
"TARRIO","ARNALDO","arnaldo.tarrio","02D","2024-02-28 08:35:37","Yes","90.80","280.00","88.00","Pass","92.00",""
"TAYLOR","CORNELIUS","cornelius.taylor2","02A","2024-05-02 08:08:55","Yes","85.60","272.00","87.00","Pass","85.00","B"
"THOMAS","SEAN","sean.r.thomas","02D","2023-11-22 12:46:13","Yes","90.50","283.00","94.00","Pass","89.00",""
"VASILEV","RADOSLAV","vasilev326@gmail.com","02A","2024-03-18 09:28:05","Yes","90.60","282.00","92.00","Pass","90.00","A"
"WATERMAN","SAMUEL","samuel.h.waterman","02C","2024-03-22 08:41:28","Yes","94.60","290.00","96.00","Pass","94.00","A"
"YARDLEY","CONOR MCEWAN","conor.yardley@gmail.com","02B","2024-02-29 22:11:36","Yes","95.60","292.00","97.00","Pass","95.00",""
