﻿"Last Name","First Name","Username","Learner ID","Last Access","Availability","Weighted Total [Total Pts: up to 100 Percentage] |404835","Total [Total Pts: up to 300 Score] |404840","H100P Contribution to Learning [Total Pts: 100 Score] |404848","H100A1 Writing Requirement- Sentence Outline [Total Pts: 100 Pass/Fail] |404855","H100A2 Writing Requirement- Argumentative Essay [Total Pts: 100 Score] |404856"
"ADAEV","AZATBEK","aitmamatazatbek@gmail.com","10B","2024-01-25 13:42:39","Yes","82.20","266.00","85.00","Pass","81.00"
"BAIS","MARIA","maria.b.bais","10A","2023-12-06 08:36:26","Yes","84.60","270.00","86.00","Pass","84.00"
"BARNDT","DAVID","david.barndt","10D","2024-01-25 13:36:21","Yes","91.80","286.00","96.00","Pass","90.00"
"BARRY","NICOLAS","nicolas.y.barry","10B","2024-02-28 17:05:38","Yes","92.40","284.00","91.00","Pass","93.00"
"BEAUDOIN","MARC","marc.beaudoin","10D","2024-02-19 17:27:57","Yes","97.90","297.00","100.00","Pass","97.00"
"BERGMAN","JOHN","john.p.bergman","10B","2024-03-20 21:31:03","Yes","93.40","286.00","92.00","Pass","94.00"
"BLESS","JONATHON","jonathon.bless","10C","2024-01-20 14:58:09","Yes","91.60","288.00","100.00","Pass","88.00"
"BOOKER","DEMETRIST","demetrist.booker","10A","2024-05-02 10:58:22","Yes","89.60","276.00","84.00","Pass","92.00"
"BOSCH","TREVOR","trevor.w.bosch","10C","2023-11-17 10:51:10","Yes","93.50","285.00","90.00","Pass","95.00"
"BRINCKS","TIMOTHY","timothy.brincks","10D","2023-11-30 19:35:32","Yes","85.50","269.00","82.00","Pass","87.00"
"BURNETT","ERIC","eric.m.burnett","10A","2023-12-01 14:13:24","Yes","92.40","288.00","98.00","Pass","90.00"
"CHU","ERIC","eric.chu2","10D","2024-05-14 10:22:08","Yes","85.00","270.00","85.00","Pass","85.00"
"DAM","DUONG","duong.x.dam","10A","2024-01-20 10:15:32","Yes","90.90","287.00","100.00","Pass","87.00"
"DAWSON","LUKE","luke.dawson1","10C","2024-02-26 17:26:36","Yes","93.10","289.00","98.00","Pass","91.00"
"DIEPPA","EDWARD","edward.t.dieppa","10C","2023-11-14 17:59:06","Yes","93.80","290.00","98.00","Pass","92.00"
"DILLEY","ROBERT","robert.dilley","10D","2024-04-16 11:24:54","Yes","91.50","285.00","95.00","Pass","90.00"
"FATH","GRANT","grant.s.fath","10D","2024-01-20 10:59:09","Yes","97.20","296.00","100.00","Pass","96.00"
"FERGUSON","SHAISHA","shaisha.m.ferguson","10C","2024-02-08 09:20:24","Yes","88.40","272.00","80.00","Pass","92.00"
"GANNON","THOMAS","thomas.p.gannon","10B","2024-02-22 14:38:05","Yes","93.10","289.00","98.00","Pass","91.00"
"GOBER","GERALD","gerald.gober","10D","2024-03-21 07:00:27","Yes","85.60","276.00","94.00","Pass","82.00"
"GRIFFIN","CHARLES","charles.r.griffin2","10A","2024-01-27 20:46:36","Yes","91.60","280.00","86.00","Pass","94.00"
"HAPPEL","WILLIAM","willhappel@gmail.com","10C","2024-05-22 17:43:19","Yes","95.20","292.00","98.00","Pass","94.00"
"HEINEMAN","ALESHA","alesha.f.heineman","10C","2024-01-16 17:13:11","Yes","91.80","278.00","82.00","Pass","96.00"
"HERNANDEZ","KAITLYN","kaitlyn.m.hernandez","10B","2024-04-19 14:16:21","Yes","93.00","290.00","100.00","Pass","90.00"
"HORNING","TYLER","tyler.horning","10A","2024-03-25 15:03:30","Yes","86.70","273.00","86.00","Pass","87.00"
"HUBER","JACOB","jacob.w.huber","10B","2024-03-06 11:47:33","Yes","91.30","283.00","92.00","Pass","91.00"
"IVESON","MATTHEW","matthew.s.iveson","10A","2023-11-17 09:46:14","Yes","94.40","292.00","100.00","Pass","92.00"
"JEONG","MIN HYEONG","cpt.mhjeong@gmail.com","10A","2024-05-09 06:46:06","Yes","91.30","283.00","92.00","Pass","91.00"
"JOHNSON","DWAYNE","dwayne.a.johnson62","10B","2023-11-28 12:24:54","Yes","85.60","268.00","80.00","Pass","88.00"
"JOHNSON","JAMES","james.c.johnson858","21A","2024-05-16 08:27:02","Yes","83.00","270.00","90.00","Pass","80.00"
"KARHALSKOV","TARAS","tarikprofff@gmail.com","10D","2023-11-30 22:51:02","Yes","91.30","283.00","92.00","Pass","91.00"
"KRANT","MICHAEL","michael.krant","10C","2024-03-12 15:58:27","Yes","92.10","283.00","90.00","Pass","93.00"
"LAND","KATE","katelyn.j.hickey","10C","2023-11-17 09:56:44","Yes","86.90","279.00","96.00","Pass","83.00"
"LARA","MARY","mary.c.archambeault","10D","2024-01-29 12:52:21","Yes","89.40","282.00","95.00","Pass","87.00"
"LAUGHTON","NATHAN","nathan.laughton","10C","2024-05-28 07:28:52","Yes","90.70","281.00","90.00","Pass","91.00"
"LEE","RYAN","ryan.m.lee6","10D","2024-03-02 14:32:38","Yes","94.50","291.00","98.00","Pass","93.00"
"LONG","CALEB","caleb.w.long","10B","2024-01-14 08:36:10","Yes","94.50","291.00","98.00","Pass","93.00"
"MAGGIO","CORY","cory.a.maggio","10C","2024-02-25 12:17:54","Yes","89.40","282.00","95.00","Pass","87.00"
"MAYER","DANIEL","daniel.j.mayer2","10A","2024-03-18 12:29:50","Yes","91.00","286.00","98.00","Pass","88.00"
"MCCARTHY","DENA","dena.dorsett","10B","2023-11-17 14:39:44","Yes","82.10","263.00","80.00","Pass","83.00"
"MCKEETH","KARL","karl.a.mckeeth","10B","2023-11-15 09:37:06","Yes","90.20","286.00","100.00","Pass","86.00"
"MULVIHILL","MATTHEW","matthew.j.mulvihill","10A","2024-04-29 23:40:29","Yes","87.80","278.00","92.00","Pass","86.00"
"Napoli","Amy","amy.swan","10A","2024-04-11 13:25:46","Yes","91.20","284.00","94.00","Pass","90.00"
"Putnam","Matthew","matthew.e.putnam","10D","2024-03-19 15:37:07","Yes","85.70","275.00","92.00","Pass","83.00"
"RESTITUYO MATOS","MARCOS RAMIRO","marcosrestituyo@gmail.com","10B","2024-04-11 18:37:43","Yes","90.70","281.00","90.00","Pass","91.00"
"ROSENHAN","ALAN","alan.n.rosenhan","10B","2024-02-29 08:34:35","Yes","95.10","293.00","100.00","Pass","93.00"
"SIMONS","BRETT","brett.simons1","10C","2024-01-03 08:21:27","Yes","92.80","284.00","90.00","Pass","94.00"
"SIMPKINS","JASON","jason.l.simpkins2","10A","2024-03-05 12:10:35","Yes","87.90","277.00","90.00","Pass","87.00"
"SMITH","TYLER","tyler.banks.smith","10D","2024-03-29 09:16:03","Yes","91.00","286.00","98.00","Pass","88.00"
"SOKIRKIN","ALEXANDER","alex.sokirkin","10D","2024-04-18 06:40:11","Yes","93.10","289.00","98.00","Pass","91.00"
"SOLONAR","ASHLEY","ashley.l.heltemes","10D","2024-03-03 15:33:29","Yes","90.70","281.00","90.00","Pass","91.00"
"STANKOVIC","MILOS","bmwnbc@hotmail.com","10A","2024-03-24 23:35:31","Yes","87.40","282.00","100.00","Pass","82.00"
"STATEN","ABRAM","abram.staten","10D","2024-04-03 22:49:58","Yes","81.40","262.00","80.00","Pass","82.00"
"STEEL","JONATHAN","jonathan.steel","10C","2024-02-26 11:09:40","Yes","91.00","286.00","98.00","Pass","88.00"
"SUCHOMSKI","KYLE","kyle.suchomski","10B","2024-02-08 07:46:24","Yes","95.40","290.00","94.00","Pass","96.00"
"WHITE","ZACHARIAH","zachariah.s.white","10B","2023-12-13 15:31:03","Yes","94.10","287.00","92.00","Pass","95.00"
"WHITELEY","ROBERT","robert.k.whiteley","10C","2023-11-17 14:40:14","Yes","87.00","270.00","80.00","Pass","90.00"
"WINEINGER","JON","jon.m.wineinger","10B","2024-02-22 14:44:12","Yes","94.40","292.00","100.00","Pass","92.00"
