﻿"Last Name","First Name","Username","Learner ID","Last Access","Availability","Weighted Total [Total Pts: up to 100 Percentage] |404637","Total [Total Pts: up to 300 Score] |404642","H100P Contribution to Learning [Total Pts: 100 Score] |404650","H100A1 Writing Requirement- Sentence Outline [Total Pts: 100 Pass/Fail] |404657","H100A2 Writing Requirement- Argumentative Essay [Total Pts: 100 Score] |404658"
"ACOSTA","MITCHELL","mitch.f.acosta","01C","2024-02-27 14:44:37","Yes","95.70","291.00","95.00","Pass","96.00"
"ALLEN","JUSTIN","justin.lee.allen","01A","2024-03-04 19:21:35","Yes","95.00","290.00","95.00","Pass","95.00"
"ALLISON","KEVIN","kevin.e.allison","01A","2023-11-08 08:33:18","Yes","93.60","288.00","95.00","Pass","93.00"
"ALSUWAIDI","AHMED SAIF ABDULLA AHMED","alsuwaidi@hotmail.fr","01D","2024-04-04 12:55:07","Yes","94.20","286.00","90.00","Pass","96.00"
"ANDERSON","ALEX","alex.r.anderson","01C","2024-04-05 08:24:06","Yes","91.50","285.00","95.00","Pass","90.00"
"ANDERSON","ANTHONY","anthony.s.anderson2","01B","2024-01-20 21:26:32","Yes","95.00","290.00","95.00","Pass","95.00"
"ANDERSON","ROBERT","robert.edwin.anderson","01D","2023-12-13 10:37:01","Yes","93.30","287.00","94.00","Pass","93.00"
"ANDERSON","STACEY","stacey.c.anderson","01C","2024-04-10 12:50:50","Yes","90.50","283.00","94.00","Pass","89.00"
"ANDERSON","STEPHEN","stephen.anderson8","01B","2023-12-06 10:32:33","Yes","94.30","289.00","95.00","Pass","94.00"
"ANDRADE LAZO","JOSE ARMANDO","joseaal@hotmail.com","01C","2024-04-30 07:54:30","Yes","93.60","288.00","95.00","Pass","93.00"
"ARNOLD","MICHAEL","michael.a.arnold36","01D","2024-06-01 17:04:58","Yes","96.40","292.00","95.00","Pass","97.00"
"ARVIN","STRAFER","strafer.arvin","01C","2024-05-01 15:57:32","Yes","96.70","293.00","96.00","Pass","97.00"
"BARRETT","ADAM","adam.r.barrett","01A","2024-05-09 13:32:15","Yes","97.90","297.00","100.00","Pass","97.00"
"BEBO","STEVEN","steven.bebo","01B","2024-04-04 19:24:17","Yes","91.80","286.00","96.00","Pass","90.00"
"BRENC","JOSHUA","joshua.d.brenc.mil","01B","2023-11-08 07:51:18","Yes","89.10","281.00","94.00","Pass","87.00"
"BROWN","LINDA","linda.d.brown","01D","2023-11-30 19:56:24","Yes","95.60","292.00","97.00","Pass","95.00"
"BURK","BENJAMIN","benjamin.m.burk","01B","2024-04-08 18:33:54","Yes","91.20","284.00","94.00","Pass","90.00"
"CASE","NIKKOLE","nikkole.l.case","01C","2024-04-16 09:06:56","Yes","91.50","285.00","95.00","Pass","90.00"
"CAVERLY","DAVID","david.a.caverly","01A","2024-02-05 10:36:40","Yes","97.00","294.00","97.00","Pass","97.00"
"CLAASSEN","GRANT","grant.claassen","01B","2024-04-04 19:09:07","Yes","96.40","292.00","95.00","Pass","97.00"
"DAVIS","ALFRANZO","alfranzo.davis","01B","2024-02-17 19:01:57","Yes","90.80","284.00","95.00","Pass","89.00"
"DEARBORN","STEVEN","steven.dearborn","01A","2023-11-08 19:21:13","Yes","90.90","283.00","93.00","Pass","90.00"
"ENGELBRECHT","ERIC","eric.e.engelbrecht","01C","2024-01-26 10:21:39","Yes","90.10","283.00","95.00","Pass","88.00"
"ERICKSON","LILY","lily.a.erickson","01D","2023-12-05 07:16:33","Yes","98.50","295.00","95.00","Pass","100.00"
"FELKER","JOHN","john.felker1","01A","2023-11-19 20:51:10","Yes","95.30","291.00","96.00","Pass","95.00"
"GRAHAM","MICHAEL","michael.a.graham3","01D","2024-02-05 09:08:46","Yes","95.00","290.00","95.00","Pass","95.00"
"GRISWOULD","GORDON","gordon.griswould","01A","2024-01-16 08:36:11","Yes","90.00","280.00","90.00","Pass","90.00"
"HENRIQUEZ","JORGE","jorge.a.henriquez","01B","2024-03-08 22:42:31","Yes","93.60","288.00","95.00","Pass","93.00"
"HOOD","HAYWARD","hayward.hood","01D","2024-04-17 13:45:55","Yes","100.00","300.00","100.00","Pass","100.00"
"KAMBERAJ","MIRFILE","kmirfila@gmail.com","01B","2024-01-20 19:31:32","Yes","95.90","293.00","98.00","Pass","95.00"
"KHAN","MOHAMMED","mohammed.khan5","01A","2024-03-18 09:48:07","Yes","98.00","296.00","98.00","Pass","98.00"
"KOEHN","KEVIN","kevin.s.koehn","01C","2024-04-25 12:01:31","Yes","91.90","285.00","94.00","Pass","91.00"
"LECLERC","JAYME","jayme105@live.com","01C","2024-05-12 09:36:13","Yes","94.90","291.00","97.00","Pass","94.00"
"MCCONVILLE","BRIAN","brian.mcconville","01C","2024-05-27 11:45:20","Yes","95.70","291.00","95.00","Pass","96.00"
"MCLAUGHLIN","MARK","mark.c.mclaughlin3","01C","2024-04-24 08:41:31","Yes","92.90","287.00","95.00","Pass","92.00"
"MEDINA","KENNETH","kenny.medina","01A","2024-04-27 13:43:32","Yes","97.30","295.00","98.00","Pass","97.00"
"MEIDENBAUER","MARY","mary.r.meidenbauer","01B","2024-01-25 08:20:20","Yes","94.20","290.00","97.00","Pass","93.00"
"MENDOUA","JEAN","jeanyvesmendoua@gmail.com","01A","2024-03-06 00:50:53","Yes","95.30","291.00","96.00","Pass","95.00"
"METCALFE","KERRY","kerry.metcalfe","01D","2024-03-01 22:06:37","Yes","89.50","281.00","93.00","Pass","88.00"
"MOCK","JEFFREY","jeffrey.m.mock","01A","2024-02-25 23:40:47","Yes","97.30","295.00","98.00","Pass","97.00"
"NEWSOME","HENIAN","henian.newsome","01C","2023-12-06 08:42:26","Yes","90.50","283.00","94.00","Pass","89.00"
"OLSON","JERRED","jerred.olson","01B","2024-01-17 09:44:57","Yes","91.90","285.00","94.00","Pass","91.00"
"PERKINS","BRANDON","brandon.p.perkins","01B","2024-05-28 14:48:52","Yes","94.30","289.00","95.00","Pass","94.00"
"REASONOVER","WILLIAM","william.b.reasonover","01C","2024-02-20 09:37:09","Yes","95.70","291.00","95.00","Pass","96.00"
"SEGGEL","PETER","peter.j.seggel","01D","2024-06-05 06:25:14","Yes","97.80","294.00","95.00","Pass","99.00"
"SEGUIN","DANIEL","daniel.seguin","01D","2024-03-16 22:39:06","Yes","93.70","287.00","93.00","Pass","94.00"
"SINAN","HUSSAIN","6290hussainsinan@gmail.com","01A","2024-05-15 12:03:18","Yes","85.00","270.00","85.00","Pass","85.00"
"SINCLAIR","EWAN ANTHONY","sinclairewan14@gmail.com","01B","2024-05-01 17:15:48","Yes","100.00","300.00","100.00","Pass","100.00"
"TROXELL","MARGARET-ELIZABETH","margaretelizabeth.s.troxell","01A","2024-04-04 08:10:16","Yes","98.00","296.00","98.00","Pass","98.00"
"WARD","LAUREN","lauren.a.ward2","01A","2024-04-04 19:13:17","Yes","96.60","294.00","98.00","Pass","96.00"
"WESSEWANE-DESYEYE ZATO","FABRICE","22.wessewane.desyeye.fabrice.esam2@gmail.com","01D","2024-02-16 18:56:12","Yes","85.60","268.00","80.00","Pass","88.00"
"WILCOX","JOSHUA","joshua.g.wilcox","01D","2024-01-28 19:46:40","Yes","85.80","274.00","90.00","Pass","84.00"
"WILLIAMS","CODY","cody.andre.williams","01D","2024-02-28 14:26:38","Yes","98.70","297.00","98.00","Pass","99.00"
"WILSON","ROGER","roger.dale.wilson","01B","2024-03-04 16:23:35","Yes","94.30","289.00","95.00","Pass","94.00"
"WITT","PHILIP","philip.witt","01C","2024-01-25 10:38:35","Yes","89.40","282.00","95.00","Pass","87.00"
"WOOLFORD","ADAM","adam.c.woolford","01B","2023-11-21 10:04:13","Yes","95.00","290.00","95.00","Pass","95.00"
"WU","ANSON","anson.wu","01D","2024-02-27 10:43:38","Yes","80.00","260.00","80.00","Pass","80.00"
"YATES","MAXWELL","maxwell.yates","01A","2023-12-14 09:41:58","Yes","91.90","285.00","94.00","Pass","91.00"
"ZAMBRANA GONZALEZ","FRANKLIN","f.zambranagonzalez","01C","2024-05-01 08:29:34","Yes","96.30","293.00","97.00","Pass","96.00"
