﻿"Last Name","First Name","Username","Learner ID","Last Access","Availability","Weighted Total [Total Pts: up to 100 Percentage] |404989","Total [Total Pts: up to 300 Score] |404994","H100P Contribution to Learning [Total Pts: 100 Score] |405002","H100A1 Writing Requirement- Sentence Outline [Total Pts: 100 Pass/Fail] |405009","H100A2 Writing Requirement- Argumentative Essay [Total Pts: 100 Score] |405010"
"BIGGERSTAFF","TERRI","terri.a.biggerstaff","17C","2024-02-07 13:45:55","Yes","91.05","263.50","93.50","Pass","90.00"
"BOND","JAMES","james.m.bond1","17D","2024-05-05 20:51:26","Yes","93.70","287.00","93.00","Pass","94.00"
"Buchanan","Leon","leon.buchanan","17A","2023-12-12 19:16:00","Yes","94.75","290.50","96.50","Pass","94.00"
"CHAMBERS","JAMES","james.chambers12","17C","2024-05-16 04:52:20","Yes","86.60","254.00","88.00","Pass","86.00"
"DANIEL","TERESA","teresa.dennis","17D","2024-05-30 08:46:30","Yes","92.05","261.50","87.50","Pass","94.00"
"DIETZEN","AMANDA","amanda.dietzen","17A","2024-04-26 15:37:42","Yes","92.80","284.00","90.00","Pass","94.00"
"DYER","PAUL","paul.d.dyer","17A","2024-03-12 09:00:32","Yes","94.00","288.00","94.00","Pass","94.00"
"ELLIOTT","BRIAN","brian.k.elliott","17C","2024-02-28 20:54:38","Yes","85.55","250.50","84.50","Pass","86.00"
"ERICKSON","BRENT","brent.t.erickson","17D","2024-04-12 11:06:44","Yes","93.70","287.00","93.00","Pass","94.00"
"GALDO","GENEVIEVE","genevieve.afan","17B","2023-11-19 19:05:15","Yes","90.60","258.00","85.00","Pass","93.00"
"GAUGHAN","ERICA","erica.gaughan","17D","2024-04-17 13:38:39","Yes","92.40","262.00","87.50","Pass","94.50"
"GIBBONS","GREG","gregory.e.gibbons","17B","2024-05-03 09:54:24","Yes","92.75","284.50","91.00","Pass","93.50"
"GOOLD","PATRICK","patrick.s.goold","17A","2024-03-05 07:04:27","Yes","92.55","262.50","88.00","Pass","94.50"
"GRAF","JASON","jason.graf","17A","2024-03-05 11:53:28","Yes","94.00","288.00","94.00","Pass","94.00"
"GUTHRIE","DARRELL","darrell.j.guthrie","17A","2024-01-01 15:07:26","Yes","94.15","288.50","94.50","Pass","94.00"
"HART","ALAN","alan.hart1","17D","2024-05-30 14:18:58","Yes","92.55","284.50","91.50","Pass","93.00"
"HERRIDGE","KELSEY","kelsey.j.herridge","17B","2024-04-10 08:37:12","Yes","92.90","283.00","88.00","Pass","95.00"
"HERRINGTON","WILLIAM","brad.herrington","17B","2024-03-08 08:49:25","Yes","90.30","279.00","87.50","Pass","91.50"
"HIGGINS","CHRISTOPHER","christopher.higgins5","17A","2024-05-07 09:50:56","Yes","93.70","267.00","93.00","Pass","94.00"
"HOAR","STEPHEN","stephen.hoar","17B","2023-11-08 13:32:13","Yes","87.90","277.00","90.00","Pass","87.00"
"HOLZHEIMER","ANDREW","andrew.holzheimer","17D","2024-04-21 16:47:22","Yes","93.10","285.00","91.00","Pass","94.00"
"JAY","JONATHAN","jonathan.jay","17A","2023-11-14 11:37:32","Yes","87.70","255.00","87.00","Pass","88.00"
"KAUFMAN","DAVID","david.a.kaufman2","17C","2024-02-27 11:17:38","Yes","93.50","285.00","90.00","Pass","95.00"
"Kearney","Jada","jada.n.salahuddin","17A","2024-02-19 19:00:09","Yes","90.30","257.00","84.00","Pass","93.00"
"KETCHUM","MARK","mark.ketchum1","17C","2024-02-22 07:58:11","Yes","93.85","283.50","86.50","Pass","97.00"
"KNOWLTON","KARL","karl.knowlton","17A","2024-03-16 14:41:06","Yes","92.95","286.50","94.00","Pass","92.50"
"LANCIANO","JOSEPH","joe.lanciano","17C","2024-02-27 13:52:41","Yes","92.05","283.50","91.00","Pass","92.50"
"LANE","CURT","curt.lane","17C","2023-11-11 19:04:05","Yes","92.50","287.00","96.00","Pass","91.00"
"LEE","BRANDON","brandon.lee11","17A","2024-04-01 15:38:52","Yes","91.80","284.00","92.50","Pass","91.50"
"LINDEMAN","TIMOTHY","timothy.lindeman1","21A","2024-02-19 14:54:09","Yes","95.75","292.50","97.50","Pass","95.00"
"LOVAN","MICHAEL","michael.s.lovan","17D","2023-12-03 09:50:25","Yes","87.00","254.00","87.00","Pass","87.00"
"MADRIGAL","BRETT","brett.i.madrigal","17D","2023-12-13 11:48:02","Yes","94.25","287.50","92.50","Pass","95.00"
"MAKAR","STEPHEN","stephen.c.makar","17A","2023-11-17 09:54:14","Yes","87.00","254.00","87.00","Pass","87.00"
"MCGUINE","AUSTIN","austin.j.mcguine","17C","2024-02-15 09:44:12","Yes","93.70","289.00","96.50","Pass","92.50"
"MEYER","STEFANIE","stefanie.c.meyer","17C","2023-12-06 10:08:44","Yes","86.30","273.00","87.00","Pass","86.00"
"MILLER","KEVIN","kevin.slayton.miller","17D","2023-11-27 13:13:20","Yes","95.40","290.00","94.00","Pass","96.00"
"MUNOZ ESPARZA","BORIS NICOLAS","boris.munoz1@gmail.com","17C","2024-01-17 17:03:18","Yes","91.20","280.00","87.00","Pass","93.00"
"NOVO","ADAM","adam.novo","17C","2024-05-22 19:56:08","Yes","90.90","283.00","93.00","Pass","90.00"
"O'CONNELL","JONATHAN","jonathan.j.oconnell","17B","2024-04-02 10:27:27","Yes","93.15","282.50","86.50","Pass","96.00"
"PENA","NICHOLAS","nick.pena","17C","2024-01-17 19:25:17","Yes","87.90","277.00","90.00","Pass","87.00"
"PERIC","SINISA","pericnino@gmail.com","17D","2024-04-16 19:21:31","Yes","88.45","279.50","93.00","Pass","86.50"
"POWERS","JEREMIAH","jeremiah.j.powers","17B","2024-05-02 08:13:52","Yes","94.00","288.00","94.00","Pass","94.00"
"RICH","GREGORY","gregory.n.rich","17C","2024-01-29 09:35:23","Yes","90.45","283.50","95.00","Pass","88.50"
"RIDLEY","RUSTY","rusty.s.ridley","17A","2023-11-13 15:14:05","Yes","91.40","282.00","90.00","Pass","92.00"
"RINE","STEPHEN","stephen.rine","17B","2024-05-20 13:18:06","Yes","93.70","289.00","96.50","Pass","92.50"
"RISNER","DAKOTA","dakota.m.risner","17B","2024-04-15 19:40:55","Yes","94.30","289.00","95.00","Pass","94.00"
"RIVERA","FRANKLIN","franklin.rivera","17C","2024-03-09 18:37:32","Yes","85.40","270.00","84.00","Pass","86.00"
"Robinson","Christopher","chris.m.robinson","17B","2024-02-08 07:27:24","Yes","91.75","262.50","90.00","Pass","92.50"
"ROBINSON","TRISTAN","tristan.a.robinson","17D","2023-12-06 21:31:45","Yes","86.85","273.50","86.50","Pass","87.00"
"ROSALES","FRANCIS DE GUZMAN","ironman175me@gmail.com","17B","2024-03-14 14:30:48","Yes","90.65","277.50","84.00","Pass","93.50"
"SALCEDO","LEMUEL","lemuel.l.salcedohernandez","17B","2024-03-08 11:43:25","Yes","92.55","284.50","91.50","Pass","93.00"
"SARGEANT","DANIEL","daniel.g.sargeant","17D","2024-04-21 21:59:14","Yes","95.95","270.50","93.50","Pass","97.00"
"SERRATO","PATRICK","patrick.serrato","17C","2024-02-26 21:31:40","Yes","91.40","282.00","90.00","Pass","92.00"
"SHEEHY","CAMERON","cameron.n.sheehy","17B","2024-01-04 19:50:42","Yes","88.80","280.00","93.00","Pass","87.00"
"SIWINGWA","ALINANI","alinanisiwingwa@gmail.com","17A","2024-03-03 14:34:29","Yes","87.45","273.50","85.00","Pass","88.50"
"TREMBLAY","MELISSA","melissa.b.tremblay","17B","2024-04-30 05:27:33","Yes","94.45","289.50","95.50","Pass","94.00"
"VELASCO","NATALIE","natalie.velasco","17D","2024-04-23 12:34:27","Yes","93.15","286.50","93.50","Pass","93.00"
"Waheed","Ryan","khalid.r.waheed","17D","2023-11-17 08:25:14","Yes","94.30","289.00","95.00","Pass","94.00"
"WAINER","ERICK","erick.wainer","17B","2024-05-02 18:43:11","Yes","86.45","253.50","87.50","Pass","86.00"
