﻿"Last Name","First Name","Username","Learner ID","Last Access","Availability","Weighted Total [Total Pts: up to 100 Percentage] |404769","Total [Total Pts: up to 300 Score] |404774","H100P Contribution to Learning [Total Pts: 100 Score] |404782","H100A1 Writing Requirement- Sentence Outline [Total Pts: 100 Pass/Fail] |404789","H100A2 Writing Requirement- Argumentative Essay [Total Pts: 100 Score] |404790"
"ADAMS","JOSEPH","joseph.r.adams2","07A","2024-04-28 21:12:33","Yes","95.10","289.00","93.00","Pass","96.00"
"ADAMS","SARA","sara.c.peters","07A","2023-12-05 08:36:33","Yes","87.70","279.00","94.00","Pass","85.00"
"AGUAS","RAMON","ramon.aguas","07B","2024-01-25 12:01:21","Yes","92.30","285.00","93.00","Pass","92.00"
"BALES","JACOB","jacob.d.bales","07A","2024-01-11 13:12:09","Yes","91.90","285.00","94.00","Pass","91.00"
"BARBER","NICHOLAS","nicholas.barber.aus@gmail.com","20A","2024-05-11 21:40:13","Yes","95.30","291.00","96.00","Pass","95.00"
"BLIZARD","JUSTIN","justin.p.blizard","07A","2024-03-12 16:20:48","Yes","90.90","283.00","93.00","Pass","90.00"
"BORDELON","ANDREW","andrew.w.bordelon","07A","2024-03-29 12:07:04","Yes","93.20","288.00","96.00","Pass","92.00"
"BURRIS","JESSICA","jessica.burris","07D","2023-12-15 10:34:58","Yes","92.20","286.00","95.00","Pass","91.00"
"CAMPBELL","STEPHEN","stephen.p.campbell2","07D","2024-03-12 14:38:27","Yes","87.40","278.00","93.00","Pass","85.00"
"CARABALLO","JONATHAN","jonathan.a.caraballo","07A","2024-05-28 10:12:52","Yes","91.70","283.00","91.00","Pass","92.00"
"CHISHOLM","SCOTT","scott.c.chisholm","07C","2023-12-14 12:16:20","Yes","89.30","279.00","90.00","Pass","89.00"
"CHRISTOPHER","KIENTZ","christopher.m.kientz","07D","2023-12-07 12:26:11","Yes","90.10","283.00","95.00","Pass","88.00"
"COLON","ERA-PAULINE","era-pauline.m.colon","07C","2024-05-30 17:47:10","Yes","80.60","262.00","82.00","Pass","80.00"
"COX","WILLIAM","peary.cox","07A","2024-03-26 13:07:30","Yes","90.60","282.00","92.00","Pass","90.00"
"CUSTER","BRIAN","brian.custer","07C","2024-02-29 10:28:49","Yes","88.20","278.00","91.00","Pass","87.00"
"DUPRE","NICHOLAS","nicholas.w.dupre","07A","2024-05-16 01:20:21","Yes","95.30","291.00","96.00","Pass","95.00"
"EAKER","JORDAN","jordan.b.eaker","07B","2024-03-18 08:51:49","Yes","87.60","276.00","89.00","Pass","87.00"
"EDGERSON","JAMILA","jamila.c.edgerson","07C","2024-02-26 09:09:01","Yes","90.20","282.00","93.00","Pass","89.00"
"EHMEYDA","AHMED","ahmedhameida2@gmail.com","07A","2024-03-03 11:39:26","Yes","90.40","284.00","96.00","Pass","88.00"
"ESCAY","BRENT","brent.l.escay","07D","2024-02-27 15:58:41","Yes","94.20","290.00","97.00","Pass","93.00"
"FUJINAKA","SAMUEL","samuel.fujinaka","07B","2024-04-23 15:28:29","Yes","93.90","289.00","96.00","Pass","93.00"
"HEINSOHN","MATTHEW","matthew.heinsohn","07C","2023-12-14 08:00:20","Yes","94.60","290.00","96.00","Pass","94.00"
"HORSWILL","ROSANNE","rosanne.m.horswill","07D","2024-01-12 08:20:22","Yes","95.30","291.00","96.00","Pass","95.00"
"HWANG","JAE","jae.s.hwang","07D","2024-06-03 06:09:57","Yes","92.30","285.00","93.00","Pass","92.00"
"JOHNSTONE","SIMON","simon.a.johnstone","07D","2024-02-25 18:04:57","Yes","92.00","284.00","92.00","Pass","92.00"
"KEITH","CRAIG","craig.w.keith","07C","2024-02-23 06:25:21","Yes","94.70","289.00","94.00","Pass","95.00"
"LAWRENCE","KEVIN","kevin.m.lawrence","07C","2024-03-31 16:08:04","Yes","91.70","283.00","91.00","Pass","92.00"
"MALDONADO","GENEVIEVE","genevieve.n.pena2","07B","2024-02-25 14:16:47","Yes","82.20","270.00","92.00","Pass","78.00"
"MCGOWEN","DERREK","derrek.t.mcgowen","07D","2024-03-04 01:24:26","Yes","93.20","288.00","96.00","Pass","92.00"
"MCQUILLAN","IAN","ian.j.mcquillan","07B","2024-05-16 14:04:21","Yes","95.30","291.00","96.00","Pass","95.00"
"MILLER","CONNOR","connor.w.miller","07B","2024-05-25 15:08:50","Yes","93.20","288.00","96.00","Pass","92.00"
"MILLER","ROBERT","robert.e.miller12","07C","2024-04-06 14:37:32","Yes","93.20","288.00","96.00","Pass","92.00"
"MINICK","DESTINY","destiny.j.minick","07A","2024-03-04 21:52:35","Yes","91.90","285.00","94.00","Pass","91.00"
"MOHD ZULKIPLI","AHMAD SHAFIQ IKMAR BIN","shafiqzulkipli@yahoo.com","07D","2024-04-06 10:22:44","Yes","90.70","281.00","90.00","Pass","91.00"
"MOSCOSO","ISAAC","isaac.r.moscoso","07B","2024-03-04 14:45:27","Yes","93.70","287.00","93.00","Pass","94.00"
"MURPHY","LANCE","lance.r.murphy","07B","2024-01-21 11:16:08","Yes","92.70","285.00","92.00","Pass","93.00"
"O'BRIEN","COLIN","colin.j.obrien1","07B","2023-12-05 09:19:25","Yes","92.00","284.00","92.00","Pass","92.00"
"OSBORNE","MATTHEW","matthew.j.osborne2","07C","2024-03-25 19:41:30","Yes","88.80","280.00","93.00","Pass","87.00"
"PAYNTER","ANDREW","andrew.f.paynter","07B","2024-02-01 09:12:36","Yes","90.50","283.00","94.00","Pass","89.00"
"RAMIREZ","ANTHONY","anthony.ramirez14","07A","2024-04-03 06:16:53","Yes","92.50","287.00","96.00","Pass","91.00"
"Randolph","Antonio","antonio.randolph","07A","2024-03-28 07:36:02","Yes","89.40","282.00","95.00","Pass","87.00"
"RANDOLPH","JERRYL","jerryl.d.randolph","07D","2024-04-08 05:50:37","Yes","92.60","286.00","94.00","Pass","92.00"
"RICHARDSON","WILLIAM","william.m.richardson2","07A","2023-12-04 22:00:03","Yes","92.20","286.00","95.00","Pass","91.00"
"ROZITIS","ANDRIS","andris@zzk.lv","07D","2023-12-15 10:36:47","Yes","91.20","284.00","94.00","Pass","90.00"
"SAMPLER","KEVIN","kevin.sampler","07D","2024-03-20 14:11:03","Yes","94.10","287.00","92.00","Pass","95.00"
"SANDERS","ALEXIS","alexis.k.billo","07B","2024-03-01 19:55:33","Yes","89.50","281.00","93.00","Pass","88.00"
"SEARS","SAMUEL","samuel.sears","07B","2023-12-05 10:49:03","Yes","90.50","283.00","94.00","Pass","89.00"
"SHEPHERD","DOMINIC A","dshepherddas@gmail.com","07C","2023-12-04 09:44:33","Yes","89.40","282.00","95.00","Pass","87.00"
"SHUMAKER","RYAN","ryan.shumaker","07C","2023-12-11 16:50:02","Yes","93.30","287.00","94.00","Pass","93.00"
"SMALL","DELANA","delana.i.small","07C","2024-02-22 18:58:45","Yes","93.20","288.00","96.00","Pass","92.00"
"STONECYPHER","DANIEL","daniel.e.stonecypher2","07B","2024-06-03 04:40:57","Yes","88.00","276.00","88.00","Pass","88.00"
"SWEENEY","PATRICK","patrick.sweeney4","07C","2024-04-05 13:32:06","Yes","94.20","290.00","97.00","Pass","93.00"
"THOMAS","ANDREW","andrew.thomas18","07C","2024-03-29 14:33:21","Yes","91.90","285.00","94.00","Pass","91.00"
"TORGERSEN","BENJAMIN","benjamin.h.torgersen","07D","2024-05-07 11:01:57","Yes","94.60","290.00","96.00","Pass","94.00"
"TREFAS","DANIEL-CATALIN","trefas.daniel@forter.ro","07C","2024-04-02 18:39:53","Yes","94.20","290.00","97.00","Pass","93.00"
"VAUGHN","KATHRYN","kathryn.a.vaughn","07D","2024-05-02 13:58:53","Yes","95.30","291.00","96.00","Pass","95.00"
"YI","CASPAR","caspar.yi","07A","2024-03-12 21:19:27","Yes","93.10","285.00","91.00","Pass","94.00"
"ZOUGHANA","TAYMOUR SAMI","zoughanat@gmail.com","07A","2024-03-17 00:50:49","Yes","81.00","270.00","95.00","Pass","75.00"
