﻿"Last Name","First Name","Learner ID","Username","Last Access","Availability","Weighted Total [Total Pts: up to 100 Letter] |421462","Total [Total Pts: up to 300 Score] |421463","M000A1 Individual Staff Product Running Estimate [Total Pts: 100 Score] |421465","M000A2 Field Grade Officer Argumentative Essay [Total Pts: 100 Score] |421488","M000P CTGL [Total Pts: 100 Score] |421490"
"Balzer","Alyssa","14B","alyssa.h.balzer","2024-05-05 18:53:57","Yes","A","287.375","96.875","94.30","96.20"
"BARAJAS","JAVIER","14C","javier.barajas","2024-03-13 13:34:33","Yes","A","286.15","94.75","99.40","92.00"
"BARNETT","TACORI","14B","tacori.r.barnett","2024-05-21 15:43:18","Yes","A+","294.4491","98.75","96.6991","99.00"
"BARRETT","JACOB","14C","jacob.m.barrett","2024-02-09 09:40:28","Yes","A","290.00","97.00","94.00","99.00"
"BERGEN","ERIK","14A","erik.a.bergen","2024-01-08 09:48:42","Yes","A","285.075","95.875","94.20","95.00"
"BRIGGS","DEREK","14C","derek.c.briggs","2023-12-12 20:12:02","Yes","A+","298.34875","98.74875","99.60","100.00"
"BRUGLER","MAX","14B","max.a.brugler","2024-04-01 14:12:02","Yes","A","286.1976","96.50","93.9976","95.70"
"BURKETT","WILMER","14B","wilmer.burkett","2024-03-18 08:33:07","Yes","A","288.575","95.875","96.90","95.80"
"CALLAHAN","KYLE","14C","kyle.callahan","2024-02-12 15:45:30","Yes","A","283.7495","96.7495","90.00","97.00"
"CAMPBELL","COLE","14D","cole.c.campbell","2024-04-08 09:54:37","Yes","A","286.30","98.50","91.80","96.00"
"CANTLER","SETH","14B","seth.cantler","2024-05-09 07:29:06","Yes","A-","277.4169","92.1235","92.2934","93.00"
"CASHION","MASON","14C","mason.cashion","2024-02-25 13:16:23","Yes","A+","293.24825","96.24825","98.00","99.00"
"COLLINS","DAVID","14A","david.collins10","2024-01-02 08:49:08","Yes","A","289.05","97.75","97.30","94.00"
"COX","WESLEY","14C","wesley.o.cox","2024-02-11 19:45:08","Yes","A+","295.50","99.00","98.50","98.00"
"CRAWFORD","BRUCE","14A","bruce.t.crawford","2024-03-27 13:59:30","Yes","A","282.525","94.125","94.40","94.00"
"DAVIES","SETH","14A","seth.e.davies","2024-01-02 20:47:23","Yes","A","288.525","97.625","93.90","97.00"
"DREW","ABIGAIL","14B","abigail.e.drew","2024-03-28 15:33:14","Yes","A+","298.575","99.375","99.50","99.70"
"Ginther","Jeffrey","14A","jeffrey.a.ginther","2024-04-15 21:52:54","Yes","A-","281.325","95.125","93.20","93.00"
"HARPER","BENJAMIN","14A","benjamin.c.harper","2024-01-16 10:13:11","Yes","A-","279.0974","95.00","90.0974","94.00"
"HECKEL","CHRISTIAN","14D","christian.heckel","2024-03-04 13:52:34","Yes","A+","292.30","99.00","93.30","100.00"
"HERMAN","JARED","14D","jared.herman","2024-05-23 07:40:49","Yes","A","287.125","94.125","95.00","98.00"
"HERNANDEZ","SHELBEE","14C","shelbee.r.cowart","2024-03-08 08:27:25","Yes","A+","292.35","98.75","97.60","96.00"
"HONORATO","FELIPE","14C","fgfhonorato@gmail.com","2024-04-10 23:32:32","Yes","A+","298.30","99.50","99.80","99.00"
"JIANG","JIAN-LIANG","14C","rextothebit@gmail.com","2024-05-28 19:11:53","Yes","A-","283.067","98.875","90.192","94.00"
"JOHNSON","NICHOLAS","14D","nicholas.r.johnson","2023-12-12 20:16:03","Yes","A+","293.875","98.875","95.00","100.00"
"KANE","IBRAHIMA","14A","p.i.kane@hotmail.fr","2024-02-12 17:46:26","Yes","A-","276.87325","92.37325","94.50","90.00"
"KHAN","SAAD HAYAT","14A","saadhayatkhan89@gmail.com","2024-03-26 08:43:35","Yes","A","289.55","96.25","97.30","96.00"
"KNABEL","ROBERT","14A","robert.f.knabel","2024-02-12 17:02:26","Yes","A","281.7225","91.6225","96.10","94.00"
"KONDRATENKO","DMITRI","14B","dimitry.kondratenko@gmail.com","2024-03-04 12:57:34","Yes","A","290.55","97.75","96.80","96.00"
"LANGEL","LISA","14B","lisa.langel","2024-02-23 14:16:48","Yes","A","286.85","96.25","96.60","94.00"
"LANTER","MATHEW","14A","mathew.m.lanter","2024-03-07 08:10:30","Yes","A","287.1988","95.00","93.1988","99.00"
"LAYTON","ZACHARY","14A","zach.layton","2024-04-03 10:16:04","Yes","A-","274.69025","85.49025","94.20","95.00"
"LOPEZ","ENRIQUE","14C","enrique.lopezjr","2024-04-01 19:17:56","Yes","B+","268.61887","87.61887","88.00","93.00"
"LOWE","DANIEL","14C","daniel.g.lowe","2024-03-05 10:06:35","Yes","B","255.36236","75.37036","84.992","95.00"
"MARTINEZ","JOVAN","14C","jovan.martinez","2024-03-06 21:10:39","Yes","A","286.64675","94.24675","97.40","95.00"
"MILLS","JOSHUA","14D","joshua.matthew.mills","2024-04-07 09:16:35","Yes","A","286.80","96.00","94.80","96.00"
"MOE","BENJAMIN","14B","benjamin.f.moe","2024-03-31 11:03:05","Yes","A+","291.2994","98.00","97.2994","96.00"
"MOORE","KELLY ANN","14A","kellyann.m.moore","2024-01-24 14:31:57","Yes","A","284.775","95.375","97.40","92.00"
"MORTON","ANDREW","14B","andrew.c.morton4","2024-05-29 12:01:56","Yes","A+","294.60","98.50","99.10","97.00"
"NAKAHAMA","NAOYA","14B","naoya.nakahama@outlook.jp","2024-05-31 17:02:31","Yes","A-","281.44837","93.24837","94.50","93.70"
"ORR","DOUGLAS","14C","douglas.m.orr","2024-01-10 07:54:21","Yes","B+","265.24462","91.24462","96.00","78.00"
"PADILLA","ARELIS","14A","arelis.padilla","2024-03-07 08:31:30","Yes","A","285.00","95.00","95.00","95.00"
"PEATT","WOODROW","14C","woodrow.j.peatt","2024-01-26 11:37:36","Yes","A-","280.25","95.25","92.00","93.00"
"PEREZ","JESENIA","14C","jesenia.perez1","2024-04-24 10:02:28","Yes","A+","291.00","99.00","98.00","94.00"
"PERNIA","JOSE","14A","jose.e.pernia","2024-03-08 11:32:25","Yes","A+","294.55","97.25","99.30","98.00"
"PURUGGANAN","PEPITO","14D","pepito.purugganan","2024-03-26 12:25:35","Yes","A","289.00","95.00","97.00","97.00"
"RAMIREZ","KAYLEE","14D","kaylee.radzyminski","2024-03-08 22:39:31","Yes","A","288.00","95.00","97.00","96.00"
"RETSCH","CHRISTOPHER","14D","christopher.retsch","2024-04-08 08:01:37","Yes","A","284.575","94.375","94.20","96.00"
"Sakamoto","Yohei","14B","yohei.sakamoto","2024-02-13 22:14:15","Yes","A","287.1224","96.625","94.7974","95.70"
"SHORKEY","CURTISS","14A","curtiss.shorkey","2023-12-12 17:53:11","Yes","A-","273.49025","85.49025","93.00","95.00"
"SHUMAR","THOMAS","14B","thomas.shumar","2024-02-12 12:48:30","Yes","A","289.7723","99.375","95.6973","94.70"
"SKAGEN","ERLEND","14D","erlend.skagen@gmail.com","2024-03-18 09:34:07","Yes","A","285.20","95.00","95.20","95.00"
"SOUTHWORTH","RYAN","14D","ryan.s.southworth","2024-04-02 11:17:56","Yes","A-","276.55","94.75","91.80","90.00"
"SPANN","DELRISHA","14D","risha.spann","2023-12-12 22:04:02","Yes","B+","268.30","90.00","90.30","88.00"
"SUMAIR","RAJINDER","14B","rajinder.sumair","2024-01-11 11:08:28","Yes","A","287.9744","96.875","96.3994","94.70"
"Tudor","Daniel","14D","daniel.r.tudor","2024-03-07 16:51:25","Yes","A+","293.30","96.00","97.30","100.00"
