﻿"Last Name","First Name","Learner ID","Username","Last Access","Availability","Weighted Total [Total Pts: up to 100 Letter] |421317","Total [Total Pts: up to 300 Score] |421318","M000A1 Individual Staff Product Running Estimate [Total Pts: 100 Score] |421320","M000A2 Field Grade Officer Argumentative Essay [Total Pts: 100 Score] |421343","M000P CTGL [Total Pts: 100 Score] |421345"
"ADAEV","AZATBEK","10B","aitmamatazatbek@gmail.com","2024-03-22 08:42:33","Yes","A-","280.60","95.00","91.60","94.00"
"BAIS","MARIA","10A","maria.b.bais","2024-04-12 13:34:55","Yes","A-","277.50","92.00","91.50","94.00"
"BARNDT","DAVID","10D","david.barndt","2024-05-15 12:08:09","Yes","A","283.325","92.125","93.20","98.00"
"BARRY","NICOLAS","10B","nicolas.y.barry","2024-03-06 05:55:28","Yes","A","290.00","98.00","92.00","100.00"
"BEAUDOIN","MARC","10D","marc.beaudoin","2024-04-20 11:08:21","Yes","A+","296.55","99.75","99.80","97.00"
"BERGMAN","JOHN","10B","john.p.bergman","2024-02-23 12:52:46","Yes","A","290.00","98.00","94.00","98.00"
"BLESS","JONATHON","10C","jonathon.bless","2024-03-08 11:45:25","Yes","A","290.125","98.125","95.00","97.00"
"BOOKER","DEMETRIST","10A","demetrist.booker","2024-01-02 12:41:27","Yes","A-","280.60","92.50","94.10","94.00"
"BOSCH","TREVOR","10C","trevor.w.bosch","2024-01-10 09:16:21","Yes","A","287.30","97.50","94.80","95.00"
"BRINCKS","TIMOTHY","10D","timothy.brincks","2024-03-05 08:32:53","Yes","A","287.10","92.00","99.10","96.00"
"BURNETT","ERIC","10A","eric.m.burnett","2024-01-04 11:28:08","Yes","A-","280.825","93.125","93.70","94.00"
"CHU","ERIC","10D","eric.chu2","2024-01-01 21:10:08","Yes","A+","291.00","95.00","100.00","96.00"
"DAM","DUONG","10A","duong.x.dam","2024-03-27 09:12:36","Yes","A-","279.10","92.00","93.10","94.00"
"DAWSON","LUKE","10C","luke.dawson1","2024-04-16 11:59:31","Yes","A","283.125","96.625","91.50","95.00"
"DIEPPA","EDWARD","10C","edward.t.dieppa","2023-12-12 16:43:03","Yes","A","291.8464","99.25","92.5964","100.00"
"DILLEY","ROBERT","10D","robert.dilley","2024-04-15 14:35:55","Yes","A+","291.475","92.375","99.10","100.00"
"FATH","GRANT","10D","grant.s.fath","2024-02-29 14:05:36","Yes","A","289.80","97.00","96.80","96.00"
"FERGUSON","SHAISHA","10C","shaisha.m.ferguson","2024-01-31 13:58:28","Yes","A","283.371","96.375","92.996","94.00"
"GANNON","THOMAS","10B","thomas.p.gannon","2024-03-06 09:59:38","Yes","A","284.00","97.00","92.00","95.00"
"GOBER","GERALD","10D","gerald.gober","2024-03-20 12:56:08","Yes","A-","282.20","92.00","93.20","97.00"
"GRIFFIN","CHARLES","10A","charles.r.griffin2","2024-01-27 20:46:36","Yes","A-","281.00","92.00","95.00","94.00"
"HAPPEL","WILLIAM","10C","willhappel@gmail.com","2024-01-29 10:25:21","Yes","A","286.575","97.875","94.70","94.00"
"HEINEMAN","ALESHA","10C","alesha.f.heineman","2024-05-31 09:27:58","Yes","A","290.025","97.625","94.40","98.00"
"HERNANDEZ","KAITLYN","10B","kaitlyn.m.hernandez","2024-02-07 11:17:41","Yes","A","287.00","98.00","94.00","95.00"
"HORNING","TYLER","10A","tyler.horning","2024-01-19 16:27:26","Yes","A","286.00","95.00","95.00","96.00"
"HUBER","JACOB","10B","jacob.w.huber","2024-03-08 11:50:25","Yes","A","287.20","98.00","94.20","95.00"
"IVESON","MATTHEW","10A","matthew.s.iveson","2024-05-07 10:11:15","Yes","A","282.45","94.25","94.20","94.00"
"JEONG","MIN HYEONG","10A","cpt.mhjeong@gmail.com","2024-01-02 13:04:08","Yes","A","284.20","95.00","94.20","95.00"
"JOHNSON","DWAYNE","10B","dwayne.a.johnson62","2024-01-11 12:11:28","Yes","A-","275.9975","89.9975","94.00","92.00"
"KARHALSKOV","TARAS","10D","tarikprofff@gmail.com","2024-03-05 13:17:35","Yes","A","284.20","94.00","95.20","95.00"
"KRANT","MICHAEL","10C","michael.krant","2024-01-25 11:31:35","Yes","A-","280.82437","93.12437","93.70","94.00"
"LAND","KATE","10C","katelyn.j.hickey","2024-01-18 08:36:07","Yes","A-","280.425","93.625","93.80","93.00"
"LARA","MARY","10D","mary.c.archambeault","2024-01-07 12:38:19","Yes","A+","293.70","98.50","98.20","97.00"
"LAUGHTON","NATHAN","10C","nathan.laughton","2024-05-01 10:33:31","Yes","A","282.924","96.625","93.299","93.00"
"LEE","RYAN","10D","ryan.m.lee6","2023-12-12 21:28:00","Yes","A","288.00","95.00","97.00","96.00"
"LONG","CALEB","10B","caleb.w.long","2024-02-12 11:01:25","Yes","A","289.525","96.625","97.90","95.00"
"MAGGIO","CORY","10C","cory.a.maggio","2024-01-10 10:40:56","Yes","A-","279.50","93.50","95.00","91.00"
"MAYER","DANIEL","10A","daniel.j.mayer2","2024-01-02 14:46:23","Yes","A","284.25","94.25","95.00","95.00"
"MCCARTHY","DENA","10B","dena.dorsett","2024-03-08 11:43:25","Yes","A-","283.4964","98.00","88.4964","97.00"
"MCKEETH","KARL","10B","karl.a.mckeeth","2024-05-16 08:20:15","Yes","A+","295.00","98.00","100.00","97.00"
"MULVIHILL","MATTHEW","10A","matthew.j.mulvihill","2024-05-30 14:45:10","Yes","A-","281.025","90.625","95.40","95.00"
"Napoli","Amy","10A","amy.swan","2024-05-09 08:41:15","Yes","A-","280.20","92.00","94.20","94.00"
"Putnam","Matthew","10D","matthew.e.putnam","2024-04-22 08:36:22","Yes","A","283.40","95.00","93.40","95.00"
"RESTITUYO MATOS","MARCOS RAMIRO","10B","marcosrestituyo@gmail.com","2024-03-08 12:33:31","Yes","A","282.00","96.00","94.00","92.00"
"ROSENHAN","ALAN","10B","alan.n.rosenhan","2024-03-08 11:36:25","Yes","A+","292.00","96.00","99.00","97.00"
"SIMONS","BRETT","10C","brett.simons1","2024-03-08 19:37:31","Yes","A","289.75","96.75","95.00","98.00"
"SIMPKINS","JASON","10A","jason.l.simpkins2","2024-03-07 22:09:30","Yes","A","284.05","93.25","95.80","95.00"
"SMITH","TYLER","10D","tyler.banks.smith","2024-02-09 11:21:28","Yes","A","282.75","92.75","95.00","95.00"
"SOKIRKIN","ALEXANDER","10D","alex.sokirkin","2024-04-25 14:49:28","Yes","A","288.25","96.25","97.00","95.00"
"SOLONAR","ASHLEY","10D","ashley.l.heltemes","2024-01-01 14:15:08","Yes","A+","297.50","99.50","100.00","98.00"
"STANKOVIC","MILOS","10A","bmwnbc@hotmail.com","2024-05-27 22:14:20","Yes","A","282.475","92.875","94.60","95.00"
"STATEN","ABRAM","10D","abram.staten","2024-04-10 21:43:50","Yes","A-","279.00","90.00","94.00","95.00"
"STEEL","JONATHAN","10C","jonathan.steel","2024-03-07 15:04:24","Yes","A","287.57262","92.87262","97.70","97.00"
"SUCHOMSKI","KYLE","10B","kyle.suchomski","2024-01-29 13:02:21","Yes","A+","295.00","99.00","98.00","98.00"
"WHITE","ZACHARIAH","10B","zachariah.s.white","2024-03-06 20:07:39","Yes","A","287.00","98.00","94.00","95.00"
"WHITELEY","ROBERT","10C","robert.k.whiteley","2024-01-10 11:53:57","Yes","A-","279.80","96.00","93.80","90.00"
"WINEINGER","JON","10B","jon.m.wineinger","2024-04-17 19:26:55","Yes","A+","296.00","98.00","100.00","98.00"
