﻿"Last Name","First Name","Learner ID","Username","Last Access","Availability","Weighted Total [Total Pts: up to 100 Letter] |421607","Total [Total Pts: up to 300 Score] |421608","M000A1 Individual Staff Product Running Estimate [Total Pts: 100 Score] |421610","M000A2 Field Grade Officer Argumentative Essay [Total Pts: 100 Score] |421633","M000P CTGL [Total Pts: 100 Score] |421635"
"ADAMS","ASHLEY","19C","ashfortleavenworth@gmail.com","2024-05-03 21:33:24","Yes","A+","292.675","96.875","97.80","98.00"
"ALSABAEI","MOFAREH MAJED M","19A","mfrhmajed@gmail.com","2024-04-05 10:16:08","Yes","B","245.11622","74.61822","89.498","81.00"
"AMADORGARCIA","LIDILIA","19B","lidilia.m.garcia","2024-02-13 14:53:16","Yes","A-","274.9968","92.00","89.9968","93.00"
"BARONE","STACEY","19D","stacey.m.sadowski","2024-03-18 08:46:49","Yes","A","285.67438","94.37438","98.30","93.00"
"BAUMGARTEN","JURGEN","19A","jurgen.baumgarten","2024-05-16 09:05:02","Yes","A+","295.875","98.375","97.50","100.00"
"BEEBE","FREDERICK","19A","frederick.beebe1","2024-04-05 09:12:08","Yes","A-","273.77112","90.37262","91.3985","92.00"
"BEN ABDALLAH","AMINE","19A","aminjc2005@yahoo.fr","2024-03-06 14:47:28","Yes","A","284.34938","93.74938","97.60","93.00"
"BOLING","JEREMY","19D","jeremy.r.boling","2024-03-08 10:42:29","Yes","B+","267.06418","91.87238","81.1918","94.00"
"BRADY","CHARLES","19B","charles.p.brady2","2024-05-03 08:25:56","Yes","A","283.425","91.625","98.80","93.00"
"BRANSOM","CHARLES","19C","charles.r.bransom","2024-02-14 08:38:29","Yes","A","285.70","95.00","94.70","96.00"
"BULEN","JENNAH","19A","jennah.r.bulen","2024-04-25 14:01:28","Yes","A-","278.87288","92.87288","96.00","90.00"
"CHAND","JOY","19B","joy.r.chand","2024-03-07 16:32:27","Yes","A+","291.50","98.00","96.50","97.00"
"COOKE","SIMON","19A","simon.p.cooke","2024-03-07 10:56:27","Yes","A-","280.77067","94.87387","92.8968","93.00"
"COSTELLO","JAMES","19C","james.d.costello","2024-01-11 05:39:09","Yes","A-","279.7405","94.25","89.4905","96.00"
"CUMBY","STEPHEN","19C","stephen.j.cumby","2024-01-02 11:09:23","Yes","A+","292.40","98.00","96.40","98.00"
"DAVIS","WHITNEY","19C","whitney.c.davis","2024-05-16 10:24:02","Yes","A-","279.875","93.875","95.00","91.00"
"DINKELACKER","CHRIS","19B","c.dinkelacker","2024-02-26 08:45:00","Yes","A+","291.00","96.00","97.00","98.00"
"DOYLE","ANDREW","19A","andrew.j.doyle","2024-04-22 14:45:53","Yes","A-","278.76783","91.87163","89.8962","97.00"
"FRASSE","CHRISTOPHER","19A","christopher.frasse","2024-02-12 21:48:13","Yes","A","283.871","95.875","94.996","93.00"
"FRUSH","JUSTIN","19C","justin.frush","2024-01-04 10:26:25","Yes","A-","276.15","91.75","93.40","91.00"
"GOODROE","KYLE","19D","kyle.goodroe","2024-03-04 08:37:34","Yes","A","284.00","95.00","95.00","94.00"
"GOSNEY","KALE","19B","kale.e.gosney","2024-01-11 08:32:21","Yes","A-","281.175","92.875","93.30","95.00"
"GREENE","MARVIN","19B","marvin.greene","2024-03-05 14:06:32","Yes","A","282.50","93.00","95.50","94.00"
"GUSTAFSON","NICHOLAS","19B","nicholas.b.gustafson","2024-04-13 18:39:42","Yes","A","282.25","94.25","95.00","93.00"
"HAIGLER","DANIEL","19D","daniel.s.haigler","2024-04-26 11:08:29","Yes","A","286.24938","93.74938","97.50","95.00"
"HAMER","DAVID","19C","david.s.hamer","2024-03-18 09:44:07","Yes","A+","292.425","97.125","97.30","98.00"
"HAMLIN","PATRICK","19D","patrick.hamlin2","2024-01-11 09:46:54","Yes","A","281.87438","91.87438","95.00","95.00"
"HEGNER","GARRETT","19A","garrett.l.hegner","2024-04-03 10:47:29","Yes","A-","279.62188","88.62288","95.999","95.00"
"HERNANDEZ DE LA FUENTE","CARLOS FERNANDO","19B","cfhdelafuente@gmail.com","2024-03-31 21:20:05","Yes","A-","269.3741","91.875","92.4991","85.00"
"HOOVER","TERRIE","19D","terrie.hoover","2024-03-27 12:47:30","Yes","B+","270.1725","91.8725","88.30","90.00"
"KARETA","STANLEY","19D","stanley.kareta","2024-01-15 10:47:23","Yes","A-","278.24813","91.24813","95.00","92.00"
"KAY","EDWARD","19B","edward.w.kay","2024-04-24 14:55:29","Yes","A","290.875","97.875","97.00","96.00"
"KMAN","JUSTIN","19C","justin.kman","2024-04-14 20:29:55","Yes","A","286.95","94.75","98.20","94.00"
"KOWZAN","RYAN","19D","ryan.m.kowzan","2024-01-17 08:33:16","Yes","A-","281.24838","92.24838","95.00","94.00"
"LEE","JASON","19B","jason.lee20","2024-02-06 20:49:40","Yes","A-","276.05","91.75","94.30","90.00"
"LEEMAN","ROBERT","19D","robert.m.leeman","2023-12-12 15:29:59","Yes","A","283.54938","92.74938","96.80","94.00"
"MADRIGAL PAVA","DIEGO DARIO DE JESUS","19C","madri_fa85@hotmail.com","2023-12-11 15:05:10","Yes","A-","270.117","90.125","89.992","90.00"
"Massa","Andrew","19A","andrew.massa","2024-03-07 22:26:25","Yes","A","284.87375","94.87375","98.00","92.00"
"MCINTYRE","EMILY","19C","emily.j.mcintyre","2024-02-13 15:24:27","Yes","A-","275.42388","92.12388","93.30","90.00"
"MILLER","JOSHUA","19A","joshua.m.miller9","2024-05-07 08:26:15","Yes","B","261.09272","91.99788","80.09484","89.00"
"MURPHY","KEVIN","19D","kevin.m.murphy2","2024-03-18 08:44:50","Yes","A","284.124","94.124","95.00","95.00"
"MURPHY","THOMAS","19A","thomas.r.murphy1","2024-01-24 09:58:08","Yes","A","285.225","97.125","95.10","93.00"
"PAVAO","RACHEL","19A","rachel.r.herron","2024-04-11 15:53:41","Yes","A-","280.17375","92.87375","95.30","92.00"
"Porter","Jake","19C","daniel.jake.porter","2024-04-08 13:11:49","Yes","A","284.80","94.50","94.30","96.00"
"RHOTEN","JOHN","19C","john.rhoten","2024-05-22 04:48:07","Yes","A","288.275","96.875","95.40","96.00"
"ROSE","BRANDON","19A","brandon.m.rose","2024-05-16 09:23:02","Yes","A+","292.375","96.875","97.50","98.00"
"SUTTON","PHILLIP","19B","phillip.a.sutton","2024-03-06 20:22:29","Yes","A","285.775","95.375","95.40","95.00"
"TELLE","CHRISTOPHER","19D","christopher.telle","2024-01-10 12:05:57","Yes","A+","291.624","94.124","97.50","100.00"
"TOWNSEND","TYLER","19C","tyler.townsend","2024-02-26 11:51:41","Yes","A+","291.775","96.875","96.90","98.00"
"TRUEBLOOD","ELIJAH","19B","elijah.trueblood","2024-04-28 17:56:29","Yes","A","282.75","94.75","93.00","95.00"
"UPADHYAY","SUBHASH CHANDAR","19B","reachsubhash1990@gmail.com","2024-03-08 08:44:30","Yes","A","288.125","95.125","98.00","95.00"
"VARCHOL","JOZEF","19D","jozef.varchol.jv@gmail.com","2024-06-06 17:27:22","Yes","A-","281.124","94.124","95.00","92.00"
"VAZQUEZ QUINONES","RICARDO","19C","ricardo.l.vazquezquinones","2024-06-03 05:52:57","Yes","A-","271.419","90.125","90.294","91.00"
"WEAVER","BRIAN","19B","brian.weaver9","2024-02-13 21:22:32","Yes","A","284.70","92.50","97.20","95.00"
"WESTFALL","SAMUEL","19D","samuel.g.westfall","2024-03-18 08:32:05","Yes","A","282.623","92.623","95.00","95.00"
"WORKMAN","JASON","19D","jason.workman3","2024-01-25 11:18:22","Yes","A-","282.123","94.124","90.999","97.00"
"WYATT","NICHOLAS","19D","nicholas.j.wyatt","2023-12-12 20:26:02","Yes","A-","278.62275","91.62275","95.00","92.00"
"YOUNG","ROBERT","19C","robert.d.young52","2024-02-13 21:38:16","Yes","A","285.975","94.875","96.10","95.00"
