﻿"Last Name","First Name","Learner ID","Username","Last Access","Availability","Weighted Total [Total Pts: up to 100 Letter] |421172","Total [Total Pts: up to 300 Score] |421173","M000A1 Individual Staff Product Running Estimate [Total Pts: 100 Score] |421175","M000A2 Field Grade Officer Argumentative Essay [Total Pts: 100 Score] |421198","M000P CTGL [Total Pts: 100 Score] |421200"
"AFREH","PETER","04A","affrehsika3606@gmail.com","2024-03-24 12:48:29","Yes","A","288.25","96.75","97.50","94.00"
"AL-MAGSOOSI","ALHASAN MOHAMMED KADHIM","04A","al1410@yahoo.com","2024-05-08 11:57:34","Yes","A","285.22375","95.62375","94.60","95.00"
"ALDERMAN","NICHOLAS","04B","nicholas.alderman","2024-03-27 09:58:36","Yes","A","287.45","96.25","96.20","95.00"
"ANTHONY-HALL","JELESA","04B","jelz.anthony","2024-03-05 11:07:53","Yes","A","288.55","96.25","96.30","96.00"
"BAILEY","LANCE","04A","lance.r.bailey","2024-01-11 17:09:54","Yes","A+","292.57388","96.37388","98.20","98.00"
"BAIN","JIMMY","04B","james.bain1","2024-02-09 09:20:20","Yes","A","285.625","94.625","97.00","94.00"
"BANCIC","KLEMEN","04C","klemen.bancic@gmail.com","2024-04-30 16:24:34","Yes","A+","292.55","98.75","96.80","97.00"
"BERGEMAN","BRIAN","04C","brian.m.bergeman","2024-03-04 11:37:52","Yes","A","286.10","94.50","94.60","97.00"
"BERMAN","SHERLYN","04C","sherlyn.alcoran","2024-03-01 10:10:40","Yes","A-","279.55","92.75","93.80","93.00"
"Biggs","Tone","04C","tone.biggs","2024-03-22 08:20:33","Yes","A","289.70","97.50","95.20","97.00"
"BROWN","MIA","04C","mia.c.williams1","2024-03-04 11:46:30","Yes","A-","281.825","92.625","94.20","95.00"
"BURNSHIRE","KOBEE","04B","kobee.burnshire","2024-04-16 17:10:57","Yes","A+","292.50","98.50","96.00","98.00"
"BURRILL WESTMAN","SAMANTHA","04A","samantha.j.burrillwestman","2024-01-09 10:06:07","Yes","A","282.2454","93.749","93.4964","95.00"
"CARLSON","ERIK","04C","erik.h.carlson2","2024-03-20 09:09:50","Yes","A-","273.4734","91.875","88.5984","93.00"
"CASH","RYAN","04D","ryan.d.cash","2024-03-11 21:14:26","Yes","A","287.00","95.00","97.00","95.00"
"CASTILLO","JOE","04B","joe.c.castillo","2023-12-31 16:12:43","Yes","A-","278.625","94.625","91.00","93.00"
"CHAPMAN","MATTHEW","04C","matthew.b.chapman","2024-03-18 05:35:05","Yes","A+","293.675","98.875","97.80","97.00"
"CLEMENTS","JOHN (EDDIE)","04D","john.e.clements8","2024-03-30 15:58:15","Yes","A-","282.149","94.249","92.90","95.00"
"CLODFELTER","WILLIAM","04A","william.h.clodfelter3","2024-04-09 11:00:54","Yes","A","282.31705","94.12125","93.1958","95.00"
"CONNER","JUSTINE","04C","justine.conner","2024-01-11 10:53:54","Yes","A+","290.95","96.75","98.20","96.00"
"DILLER","NATHAN","04B","nathan.e.diller","2024-02-14 14:01:15","Yes","A","288.475","95.875","97.60","95.00"
"DONOVAN","MICHAEL","04B","michael.z.donovan","2024-01-22 11:57:32","Yes","A","289.975","97.375","93.60","99.00"
"DORJGOTOV","DORJDAVAA","04D","ddorjdavaa87@gmail.com","2024-03-15 01:38:04","Yes","A","282.37225","92.87225","93.50","96.00"
"EASTMAN","PHILIPP","04A","philipp.eastman","2024-05-23 11:57:17","Yes","A","286.44962","95.74962","95.70","95.00"
"EVANS","ALLISON","04D","allison.j.evans","2024-04-25 20:29:32","Yes","A+","292.625","96.625","99.00","97.00"
"FRANK","MATTHEW","04B","matthew.r.frank2","2024-04-26 16:48:30","Yes","A+","293.875","97.375","97.50","99.00"
"FUREY","LYLA","04B","lyla.a.furey","2024-02-14 10:58:17","Yes","A","284.125","95.125","95.00","94.00"
"GATTIE","DAVID","04C","david.j.gattie","2024-03-03 08:17:28","Yes","A-","277.9243","94.125","90.7993","93.00"
"GLEGHORN","KYLE","04C","kyle.d.gleghorn","2024-04-29 08:00:45","Yes","A-","279.1242","93.125","88.9992","97.00"
"GOTAME","UJJWAL","04B","5516ujjwal@gmail.com","2024-04-27 16:45:30","Yes","A+","292.04925","95.24925","97.80","99.00"
"HASANAJ","BLERAND","04D","blerand@gmail.com","2024-03-10 21:03:26","Yes","A-","278.95","92.75","93.20","93.00"
"JONES","CODY","04B","cody.m.jones","2024-04-04 07:08:05","Yes","A+","291.45","96.25","98.20","97.00"
"KAVA","ROBERT","04D","robert.kava1","2024-01-11 09:32:21","Yes","A","286.624","96.125","93.499","97.00"
"KLEIN","CHRISTOPHER","04D","christopher.klein5","2024-04-02 12:56:56","Yes","A","288.40","95.00","96.40","97.00"
"KNOTT","AARON","04A","aaron.d.knott","2024-01-10 11:48:57","Yes","A","283.074","93.374","94.70","95.00"
"LIBRANDE","JOSEPH","04A","joseph.d.librande","2024-01-10 13:07:28","Yes","A","288.49875","95.49875","96.00","97.00"
"LOFTUS","CASSONDRA","04A","cassondra.dick","2024-04-29 14:59:31","Yes","A","282.97073","94.37313","93.5976","95.00"
"LOWE","ZACHARY","04B","zachary.d.lowe","2024-05-16 09:08:18","Yes","A-","276.19738","90.99738","92.20","93.00"
"LOXSOM","JAMES","04D","james.loxsom","2024-04-19 12:10:45","Yes","A","289.00","97.00","96.00","96.00"
"MAGALLANES","ANTHONY","04A","anthony.f.magallanes","2024-03-06 11:45:36","Yes","A-","282.1934","96.00","92.1934","94.00"
"MAKOSKI","CARSON","04D","carson.a.makoski","2024-01-11 06:04:54","Yes","A","286.0492","95.75","93.2992","97.00"
"MARCINIAK","ERWIN","04A","erwin.marciniak","2024-05-02 18:33:55","Yes","A+","293.75","98.75","98.00","97.00"
"MCFADDEN","BRANDON","04A","brandon.mcfadden","2024-03-07 18:27:25","Yes","A","285.2493","95.25","92.9993","97.00"
"MEIER","JOSEPH","04A","joseph.s.meier","2024-06-02 00:06:57","Yes","A+","293.375","97.875","98.50","97.00"
"MIZEAD","ABDULLA","04A","abdulla.a.mizead","2024-04-02 12:41:56","Yes","A+","292.00","98.00","96.00","98.00"
"MUELLER","ANDREW","04C","andrew.r.mueller","2024-05-24 09:05:49","Yes","A","289.35","96.25","96.10","97.00"
"PETERSON","DAVID","04D","david.meade.peterson","2024-03-08 19:06:25","Yes","A","287.75","94.25","96.50","97.00"
"PORTO","FELICITY","04B","felicity.a.porto","2024-03-05 12:03:28","Yes","A","281.85","92.75","95.10","94.00"
"REYNOLDS","JEREMY","04D","jeremy.j.reynolds2","2024-01-18 12:38:31","Yes","A+","291.70","96.00","97.70","98.00"
"SAHAGUN","DANIEL","04A","daniel.j.sahagun","2024-04-04 18:24:06","Yes","A","288.2745","94.3745","97.90","96.00"
"SERRANO","JEWLIANNA","04D","jewlianna.m.serrano","2024-02-21 09:33:09","Yes","A+","293.775","96.875","98.90","98.00"
"SMAJD","ANDREW","04C","andrew.smajd","2024-03-15 10:51:48","Yes","A+","290.975","93.875","98.10","99.00"
"SWINDELL","SCOTT","04D","scott.h.swindell","2024-05-29 15:58:56","Yes","A","285.99938","93.99938","96.00","96.00"
"TERTERYAN","ANDRANIK","04B","andranikterteryan95@gmail.com","2024-05-20 13:47:17","Yes","B+","265.12162","80.12162","93.00","92.00"
"WALTERS","JOSEPH","04C","joseph.walters5","2024-03-25 10:27:30","Yes","A","288.50","95.00","96.50","97.00"
"WERNER","LUCAS","04D","lucas.a.werner","2024-02-26 08:47:01","Yes","A+","291.80","95.00","96.80","100.00"
"YOUNG","RILEY","04D","riley.young3","2024-03-18 10:43:05","Yes","A+","292.50","95.50","100.00","97.00"
"ZWEIFEL","MICHAEL","04C","michael.a.zweifel","2024-03-26 08:29:30","Yes","A","287.70","96.00","93.70","98.00"
