﻿"Last Name","First Name","Learner ID","Username","Last Access","Availability","Weighted Total [Total Pts: up to 100 Letter] |421288","Total [Total Pts: up to 300 Score] |421289","M000A1 Individual Staff Product Running Estimate [Total Pts: 100 Score] |421291","M000A2 Field Grade Officer Argumentative Essay [Total Pts: 100 Score] |421314","M000P CTGL [Total Pts: 100 Score] |421316"
"ARMIJO","AMANDA","08A","amanda.l.armijo","2024-03-08 10:01:30","Yes","A-","275.245","87.247","93.998","94.00"
"BANGERT","JONATHAN","08A","jonathan.bangert","2024-01-09 13:05:43","Yes","A","289.25","96.25","95.00","98.00"
"BAXTER","CHRISTOPHER","08B","christopher.w.baxter","2024-05-20 11:03:08","Yes","A","284.09825","96.49925","93.599","94.00"
"BEAK","ALEXANDER","08B","alex.beak","2024-04-30 10:36:31","Yes","B+","267.0705","96.875","79.1955","91.00"
"BEITZ","ADAM","08C","adam.beitz","2024-01-10 12:20:21","Yes","A-","281.425","94.625","93.80","93.00"
"BOWLING","JOHN","08D","john.b.bowling","2024-02-22 15:01:05","Yes","B+","264.74463","91.24813","83.4965","90.00"
"BRAMER","MICHAEL","08C","michael.bramer1","2024-03-06 20:46:36","Yes","A-","279.40","96.00","91.40","92.00"
"BROWN","STEVE","08A","steve.brown18","2024-03-18 06:55:49","Yes","A-","278.62375","90.12375","94.50","94.00"
"BURNETT","DEJAUN","08D","dejaun.j.burnett","2024-06-03 00:01:32","Yes","A","284.49875","92.49875","95.00","97.00"
"CETIN","METIN","08C","cetinmetin2010@hotmail.com","2024-05-20 01:03:16","Yes","A","287.40","97.00","97.40","93.00"
"CHAMBERS","KYLE","08D","kyle.f.chambers","2023-12-14 11:29:58","Yes","A","290.12438","98.12438","94.00","98.00"
"COX","ALAN","08D","alan.james.cox","2024-03-06 13:48:36","Yes","A","286.49938","97.49938","93.00","96.00"
"DEEGAN","MICHELE","08B","michele.r.deegan","2024-03-31 16:59:15","Yes","A-","272.26725","93.87375","84.3935","94.00"
"DELGADO","STEVEN","08A","steven.p.delgado","2024-03-31 21:30:04","Yes","A","284.75","95.75","95.00","94.00"
"DICK","JACKSON","08B","jackson.dick","2024-06-03 05:40:13","Yes","A+","293.5729","98.875","94.6979","100.00"
"EDSON","JUSTIN","08D","justin.m.edson","2024-06-09 18:03:19","Yes","A-","271.34488","88.74688","90.598","92.00"
"EL HANSER","MOURAD","08A","mourad.elhanser@gmail.com","2024-03-19 15:58:07","Yes","A","283.00","93.00","97.00","93.00"
"FELIX","ROBERT","08C","robert.r.felix","2023-12-15 11:36:47","Yes","A-","280.60","95.00","93.60","92.00"
"FERNANDEZ","ADRIEL","08B","adriel.n.fernandez","2024-01-12 05:52:28","Yes","A+","295.925","99.125","96.80","100.00"
"FLATZ","JACOB","08A","jacob.s.flatz","2024-03-26 15:22:31","Yes","A","287.25","95.25","98.00","94.00"
"FLORI","ALEXANDER","08B","alexander.d.flori","2024-01-08 08:01:07","Yes","A+","295.0976","99.50","95.5976","100.00"
"FONG","JONATHAN","08C","jonathan.fong","2024-05-20 10:21:24","Yes","A-","281.70","95.00","94.70","92.00"
"FRUCI","DOMENIC","08D","domenic.fruci","2024-01-23 12:27:56","Yes","A-","276.99812","89.99812","92.00","95.00"
"GARMOE","STEVEN","08B","steven.garmoe","2024-02-28 09:57:38","Yes","A-","276.5236","98.625","81.8986","96.00"
"GARRISON","BRYCE","08C","bryce.s.garrison2","2024-03-27 10:40:30","Yes","A","282.875","95.875","93.00","94.00"
"GARZA","SAMUEL","08C","samuel.garza4","2024-03-05 16:22:53","Yes","A","289.625","98.125","95.50","96.00"
"GENAO","ALYCIA","08A","alycia.r.genao","2024-05-11 15:24:20","Yes","A-","275.875","91.375","92.50","92.00"
"GOLDEN","MICHAEL","08C","michael.golden6","2024-06-06 07:18:07","Yes","A","285.75","94.75","98.00","93.00"
"HANNA","DYLAN","08D","dylan.cash.hanna","2024-04-12 07:11:43","Yes","A","284.24938","93.74938","93.50","97.00"
"HEISER","JENNIFER","08C","jennifer.l.bryer","2024-05-01 08:10:31","Yes","A","284.80","96.50","94.30","94.00"
"HOLMES","ERIC","08D","eric.j.holmes","2024-01-08 08:48:20","Yes","A","284.74938","93.74938","95.00","96.00"
"JIEZNIENE","LINA","08D","kievisaite@gmail.com","2024-03-31 10:55:05","Yes","A+","291.375","97.375","99.00","95.00"
"KASSENOV","BAUYZHAN","08A","kassenovbaurzhan90@gmail.com","2024-01-08 20:30:34","Yes","A-","279.74775","87.74775","95.00","97.00"
"KIAMBU","TITI","08B","kiambutiti@gmail.com","2024-05-31 05:44:04","Yes","A-","269.616","90.1205","91.4955","88.00"
"KIM","HYUN SIK","08B","gustlrdl3000@gmail.com","2024-03-07 09:30:24","Yes","A-","274.48725","95.49625","88.991","90.00"
"KOEPPE","JOSHUA","08A","joshua.koeppe","2024-01-09 08:50:07","Yes","A","290.124","95.124","98.00","97.00"
"LANKFORD","CHRIS","08B","christopher.lankford","2024-01-12 17:18:28","Yes","B","258.3389","88.745","83.5939","86.00"
"LIJEWSKI","CATHERINE","08D","catherine.c.lijewski","2024-01-09 10:30:43","Yes","A+","291.75","98.75","95.00","98.00"
"LOVEWELL","BLYTHE","08C","blythe.schultz","2024-02-14 20:25:15","Yes","A-","279.075","92.875","92.20","94.00"
"MALONEY","KATRINA","08D","katrina.m.maloney","2024-05-21 14:04:22","Yes","A-","280.27313","92.37313","94.90","93.00"
"MCCARTHY","SEAN","08B","sean.p.mccarthy3","2024-03-05 15:47:25","Yes","A","287.8732","99.875","93.9982","94.00"
"MCDONALD","MITCHELL","08A","mitchell.d.mcdonald","2024-03-07 08:15:24","Yes","A-","281.9975","91.498","90.4995","100.00"
"MOTOFELEA","GRIGORE-DAN","08C","grigoremotofelea@gmail.com","2024-03-12 12:14:48","Yes","A-","281.50","95.00","93.50","93.00"
"MYERS","KYLE","08D","kyle.a.myers","2024-03-12 10:30:48","Yes","A","286.70","97.50","93.20","96.00"
"OSMAN","ABIGAIL","08B","abigail.osman","2024-01-08 11:49:20","Yes","A-","273.3683","95.874","83.4943","94.00"
"PARCHERT","LINCOLN","08A","lincoln.parchert","2024-02-28 14:12:41","Yes","A","284.7495","95.2495","94.50","95.00"
"PETERSON","CODY","08B","cody.a.peterson","2024-05-29 20:07:11","Yes","A-","281.26812","94.87262","90.3955","96.00"
"RALSTON","ELLIOTT","08C","elliott.ralston","2024-03-04 17:36:52","Yes","A-","278.325","92.125","94.20","92.00"
"SERVIN","MILTHON","08B","milthon.a.servin","2024-03-07 09:35:24","Yes","A-","279.01797","96.62387","87.3941","95.00"
"SHINEGO","GREGORY","08D","gregory.m.shinego","2024-02-13 11:05:15","Yes","A-","278.74113","91.24813","90.493","97.00"
"SITTERLEY","NATHAN","08A","nathan.sitterley","2024-03-08 11:03:25","Yes","A","285.75","94.75","92.00","99.00"
"STAFFORD","SCOTT","08A","scott.stafford1","","Yes","","","","",""
"STRIBRNY","JOSEPH","08D","joseph.m.stribrny","2024-03-06 17:01:34","Yes","A+","291.6225","96.6225","98.00","97.00"
"THOMPSON","WILLIAM","08C","william.a.thompson348","2024-03-08 19:54:25","Yes","A","287.00","95.00","99.00","93.00"
"TILLEY","VICTORIA","08B","victoria.e.tilley","2024-03-31 19:42:22","Yes","A","285.34713","95.24813","95.099","95.00"
"TIO","MOSES","08C","moses.tio","2024-01-24 10:09:08","Yes","A","283.325","95.125","95.20","93.00"
"YASHINSKI","STEPHEN","08A","stephen.a.yashinski","2024-06-05 10:50:58","Yes","A-","278.25","91.25","94.00","93.00"
"ZAREK","MATTHEW","08C","matthew.v.zarek","2023-12-15 08:59:58","Yes","A-","277.70","92.00","91.70","94.00"
