﻿"Last Name","First Name","Learner ID","Username","Last Access","Availability","Weighted Total [Total Pts: up to 100 Letter] |421259","Total [Total Pts: up to 300 Score] |421260","M000A1 Individual Staff Product Running Estimate [Total Pts: 100 Score] |421262","M000A2 Field Grade Officer Argumentative Essay [Total Pts: 100 Score] |421285","M000P CTGL [Total Pts: 100 Score] |421287"
"ADAMS","JOSEPH","07A","joseph.r.adams2","2024-05-09 08:41:06","Yes","A-","275.1968","90.00","95.1968","90.00"
"ADAMS","SARA","07A","sara.c.peters","2024-05-03 11:08:24","Yes","A","287.30","92.50","96.80","98.00"
"AGUAS","RAMON","07B","ramon.aguas","2024-05-20 09:38:16","Yes","A-","281.04913","94.24913","94.80","92.00"
"BALES","JACOB","07A","jacob.d.bales","2024-02-01 10:54:16","Yes","A","284.39712","89.49772","94.8994","100.00"
"BLIZARD","JUSTIN","07A","justin.p.blizard","2024-03-06 12:49:33","Yes","A-","277.69586","87.49906","92.1968","98.00"
"BORDELON","ANDREW","07A","andrew.w.bordelon","2024-03-29 12:07:04","Yes","A+","296.25","96.25","100.00","100.00"
"BURRIS","JESSICA","07D","jessica.burris","2023-12-21 15:29:24","Yes","A","290.70","97.50","96.20","97.00"
"CAMPBELL","STEPHEN","07D","stephen.p.campbell2","2024-03-12 14:38:27","Yes","A","287.54887","94.74887","93.80","99.00"
"CARABALLO","JONATHAN","07A","jonathan.a.caraballo","2024-03-08 10:58:30","Yes","A","284.17405","91.37405","92.80","100.00"
"CHISHOLM","SCOTT","07C","scott.c.chisholm","2024-02-01 14:49:17","Yes","A","284.3158","96.125","89.1908","99.00"
"CHRISTOPHER","KIENTZ","07D","christopher.m.kientz","2024-02-09 09:31:24","Yes","A","282.972","95.375","91.597","96.00"
"COLON","ERA-PAULINE","07C","era-pauline.m.colon","2024-05-30 17:47:10","Yes","A-","272.79245","92.49875","86.2937","94.00"
"COX","WILLIAM","07A","peary.cox","2024-03-18 15:36:49","Yes","A-","275.31982","78.12102","97.1988","100.00"
"CUSTER","BRIAN","07C","brian.custer","2024-03-07 10:05:24","Yes","A","285.123","97.125","90.998","97.00"
"DUPRE","NICHOLAS","07A","nicholas.w.dupre","2024-04-29 16:25:29","Yes","A+","293.00","95.00","100.00","98.00"
"EAKER","JORDAN","07B","jordan.b.eaker","2024-03-18 08:51:49","Yes","A","282.4995","92.4995","95.00","95.00"
"EDGERSON","JAMILA","07C","jamila.c.edgerson","2024-01-26 11:52:36","Yes","A-","280.0206","96.125","88.8956","95.00"
"EHMEYDA","AHMED","07A","ahmedhameida2@gmail.com","2024-05-04 08:21:12","Yes","B+","260.44477","81.24797","89.1968","90.00"
"ESCAY","BRENT","07D","brent.l.escay","2024-03-04 11:32:30","Yes","A+","292.20","97.50","98.70","96.00"
"FUJINAKA","SAMUEL","07B","samuel.fujinaka","2024-02-06 11:18:55","Yes","A+","294.65","96.75","97.90","100.00"
"HEINSOHN","MATTHEW","07C","matthew.heinsohn","2024-05-09 11:21:15","Yes","A+","291.625","94.625","98.00","99.00"
"HORSWILL","ROSANNE","07D","rosanne.m.horswill","2024-02-08 12:57:11","Yes","A+","295.225","99.625","98.60","97.00"
"HWANG","JAE","07D","jae.s.hwang","2024-02-20 11:28:10","Yes","A-","278.34875","94.74875","92.60","91.00"
"JOHNSTONE","SIMON","07D","simon.a.johnstone","2023-12-14 13:50:16","Yes","A+","291.825","97.125","98.70","96.00"
"KEITH","CRAIG","07C","craig.w.keith","2024-01-11 09:40:09","Yes","A+","292.50","99.50","96.00","97.00"
"LAWRENCE","KEVIN","07C","kevin.m.lawrence","2024-05-29 12:06:56","Yes","A-","282.9235","98.125","90.7985","94.00"
"MALDONADO","GENEVIEVE","07B","genevieve.n.pena2","2024-03-28 13:44:03","Yes","A","281.99938","92.49938","95.50","94.00"
"MCGOWEN","DERREK","07D","derrek.t.mcgowen","2024-01-12 08:55:28","Yes","A","285.1949","95.50","90.6949","99.00"
"MCQUILLAN","IAN","07B","ian.j.mcquillan","2024-01-03 08:39:23","Yes","A+","291.975","96.375","96.60","99.00"
"MILLER","CONNOR","07B","connor.w.miller","2024-03-21 15:58:28","Yes","A+","295.80","98.00","97.80","100.00"
"MILLER","ROBERT","07C","robert.e.miller12","2024-02-11 10:43:25","Yes","A","287.70","97.00","92.70","98.00"
"MINICK","DESTINY","07A","destiny.j.minick","2024-02-13 23:46:16","Yes","A","281.37405","91.37405","100.00","90.00"
"MOHD ZULKIPLI","AHMAD SHAFIQ IKMAR BIN","07D","shafiqzulkipli@yahoo.com","2024-02-10 22:57:20","Yes","A","285.825","96.125","98.70","91.00"
"MOSCOSO","ISAAC","07B","isaac.r.moscoso","2024-03-08 09:24:28","Yes","A-","281.85","94.75","94.10","93.00"
"MURPHY","LANCE","07B","lance.r.murphy","2024-01-12 08:41:10","Yes","A-","280.275","93.875","92.40","94.00"
"O'BRIEN","COLIN","07B","colin.j.obrien1","2024-03-30 11:16:21","Yes","A","284.80","96.50","94.30","94.00"
"OSBORNE","MATTHEW","07C","matthew.j.osborne2","2024-04-24 12:03:31","Yes","A-","281.498","94.50","90.998","96.00"
"PAYNTER","ANDREW","07B","andrew.f.paynter","2024-03-08 16:22:35","Yes","A","287.75","95.25","95.50","97.00"
"RAMIREZ","ANTHONY","07A","anthony.ramirez14","2024-01-16 10:29:29","Yes","A+","296.25","96.25","100.00","100.00"
"Randolph","Antonio","07A","antonio.randolph","2024-05-21 22:38:10","Yes","A","284.25","91.25","98.00","95.00"
"RANDOLPH","JERRYL","07D","jerryl.d.randolph","2024-03-13 13:04:28","Yes","A+","294.875","98.875","99.00","97.00"
"RICHARDSON","WILLIAM","07A","william.m.richardson2","2024-04-12 09:57:41","Yes","A","286.25","91.25","97.00","98.00"
"ROZITIS","ANDRIS","07D","andris@zzk.lv","2023-12-15 18:20:47","Yes","A+","292.725","98.125","95.60","99.00"
"SAMPLER","KEVIN","07D","kevin.sampler","2024-03-29 05:17:03","Yes","A","289.05","96.75","95.30","97.00"
"SANDERS","ALEXIS","07B","alexis.k.billo","2024-05-09 08:37:25","Yes","A-","279.8475","97.25","87.5975","95.00"
"SEARS","SAMUEL","07B","samuel.sears","2023-12-29 17:23:08","Yes","A","282.324","94.624","94.70","93.00"
"SHEPHERD","DOMINIC A","07C","dshepherddas@gmail.com","2024-01-12 11:24:22","Yes","A","289.125","96.125","97.00","96.00"
"SHUMAKER","RYAN","07C","ryan.shumaker","2024-05-16 09:20:18","Yes","A+","292.725","98.125","94.60","100.00"
"SMALL","DELANA","07C","delana.i.small","2024-02-09 10:44:24","Yes","A","288.4985","100.00","90.4985","98.00"
"STONECYPHER","DANIEL","07B","daniel.e.stonecypher2","2024-03-16 13:54:06","Yes","A","283.05","93.75","93.30","96.00"
"SWEENEY","PATRICK","07C","patrick.sweeney4","2024-01-11 09:50:21","Yes","A-","279.1441","97.25","81.8941","100.00"
"THOMAS","ANDREW","07C","andrew.thomas18","2024-03-29 14:33:21","Yes","A-","277.87375","92.87375","90.00","95.00"
"TORGERSEN","BENJAMIN","07D","benjamin.h.torgersen","2024-04-04 11:14:06","Yes","A+","292.975","98.875","96.10","98.00"
"TREFAS","DANIEL-CATALIN","07C","trefas.daniel@forter.ro","2024-03-07 13:15:24","Yes","A","286.74813","91.24813","98.50","97.00"
"VAUGHN","KATHRYN","07D","kathryn.a.vaughn","2024-02-13 10:23:14","Yes","A+","292.00","98.00","99.00","95.00"
"YI","CASPAR","07A","caspar.yi","2024-02-13 12:46:16","Yes","A","282.72326","89.12386","93.5994","100.00"
"ZOUGHANA","TAYMOUR SAMI","07A","zoughanat@gmail.com","2024-03-26 12:31:35","Yes","B","256.71988","85.62398","76.0959","95.00"
