﻿"Last Name","First Name","Learner ID","Username","Last Access","Availability","Weighted Total [Total Pts: up to 100 Letter] |421346","Total [Total Pts: up to 300 Score] |421347","M000A1 Individual Staff Product Running Estimate [Total Pts: 100 Score] |421349","M000A2 Field Grade Officer Argumentative Essay [Total Pts: 100 Score] |421372","M000P CTGL [Total Pts: 100 Score] |421374"
"ADAMS","AARON","09C","aaron.a.adams1","2024-02-22 20:58:46","Yes","A-","275.1988","95.00","88.1988","92.00"
"ALEXIS","GRANT","09D","grant.t.alexis","2024-01-11 10:54:21","Yes","A","282.24813","91.24813","97.00","94.00"
"ALGHAREEB","MOHAMMAD A M KHI","09A","q8trip89@gmail.com","2024-03-05 17:50:53","Yes","A-","278.125","92.125","95.00","91.00"
"ALPERT","ALEXANDER","09B","alexander.alpert","2024-05-06 07:01:26","Yes","A","289.20","97.00","95.20","97.00"
"BITCA","SIMION","09C","bitcasimion@gmail.com","2024-02-27 09:07:46","Yes","A","284.975","96.875","96.10","92.00"
"BLAIR","T.","09A","taylor.blair","2024-02-22 06:49:11","Yes","A","284.125","94.125","95.00","95.00"
"CLAYPOOL","EUGENE","09D","ej.claypool","2024-03-08 08:02:25","Yes","A","289.825","95.625","96.20","98.00"
"CRISE","ADAM","09A","adam.m.crise","2024-03-07 22:50:30","Yes","A","285.95","94.75","95.20","96.00"
"DRAKE","CHAD","09B","chad.jamison.drake","2024-03-07 11:50:30","Yes","A-","280.20","94.00","94.20","92.00"
"DUBOSE","GREGORY","09D","gregory.f.dubose","2024-01-10 15:47:28","Yes","A","283.75","93.75","95.00","95.00"
"EGERTON","GAVIN","09B","gav_egerton@hotmail.com","2024-04-30 00:02:37","Yes","A","290.875","96.875","97.00","97.00"
"ENGEL","JESSICA","09C","jessica.letarte","2024-03-06 11:12:33","Yes","A","289.00","97.00","98.00","94.00"
"FAIRCHILD","SKYLAR","09B","skylar.a.fairchild","2024-01-11 08:34:54","Yes","A","286.25","94.25","94.00","98.00"
"FELICIANO-VELTZE","ALEXANDRA","09B","alexandra.c.feliciano","2024-03-06 16:57:29","Yes","A-","280.324","91.124","94.20","95.00"
"FERGUSON","AARON","09A","aaron.ferguson1","2024-02-20 09:07:57","Yes","A","283.00","94.50","93.50","95.00"
"FRAZIER","LUKE","09C","luke.frazier","2024-03-08 10:54:29","Yes","A","283.00","97.00","91.00","95.00"
"FRAZIER","SALENA","09A","salena.vang","2024-02-22 18:56:21","Yes","A","282.19813","92.49813","95.70","94.00"
"GERDES","TYSON","09A","tyson.gerdes","2024-03-08 10:19:29","Yes","A","283.275","94.875","93.40","95.00"
"GRANT","PHILIP","09A","philip.n.grant","2024-03-05 12:58:32","Yes","A","284.625","94.625","95.00","95.00"
"HEIDEMAN","DUSTIN","09A","dustin.g.heideman","2024-01-10 21:43:58","Yes","A","284.05","93.75","96.30","94.00"
"HORNING","STEPHEN","09D","stephen.horning","2024-05-23 10:39:06","Yes","A+","293.125","98.125","95.00","100.00"
"HORRELL","ALEXANDER","09B","alexander.c.horrell","2024-03-07 11:15:24","Yes","A","285.00","94.50","95.50","95.00"
"HUMPHREY","ROBBIE","09C","robbie.humphrey","2024-03-05 12:53:28","Yes","A-","278.99887","92.99887","92.00","94.00"
"JACKSON","JORDAN","09C","jordan.l.jackson","2024-02-28 13:12:38","Yes","A-","280.75","94.75","94.00","92.00"
"KEARNEY","ROBERT","09A","robert.a.kearney2","2024-03-05 13:02:35","Yes","A","282.30","93.50","93.80","95.00"
"KELLY","AMANDA","09D","amanda.l.oleary","2024-01-04 20:08:42","Yes","A","286.125","95.625","96.50","94.00"
"KIM","TAE HYUN","09B","c15962@gmail.com","2024-03-04 12:16:27","Yes","A","285.10","95.00","96.10","94.00"
"KOVITCH","TREVOR","09B","trevor.kovitch","2024-03-19 10:39:50","Yes","A","287.50","97.00","94.50","96.00"
"KRAEMER","DOUGLAS","09B","douglas.p.kraemer","2024-03-06 13:03:28","Yes","A","285.8745","90.8745","97.00","98.00"
"LACHGAR","ABDELHADI","09A","imadilaf84@gmail.com","2024-01-23 20:13:47","Yes","A-","281.275","92.875","94.40","94.00"
"LEE","JESSICA","09C","jessica.h.lee","2024-04-11 12:32:55","Yes","A-","281.00","95.00","92.00","94.00"
"LIKES","MATTHEW","09D","matt.likes","2024-04-01 13:29:27","Yes","A","287.50","97.50","95.00","95.00"
"LILLEY","DANIEL","09B","daniel.d.lilley","2024-02-28 14:09:41","Yes","A","286.10","98.00","95.10","93.00"
"LINDER","MICHAEL","09D","micha.linder@gmx.de","2024-05-09 08:07:06","Yes","A","285.625","95.625","95.00","95.00"
"MARSHALL","NATASHA","09D","natasha.krupsky","2024-03-06 11:04:38","Yes","A","290.70","97.50","96.20","97.00"
"MATHEWS","MITCHELL","09D","mitchell.mathews","2024-05-15 12:08:16","Yes","A-","279.99475","92.49875","94.496","93.00"
"MCCREARY","STEVEN","09C","steven.v.mccreary","2024-03-06 18:56:29","Yes","A","287.00","96.00","93.00","98.00"
"MCKNIGHT","IAN","09C","ian.e.mcknight","2024-05-15 11:55:25","Yes","A-","280.02375","92.12375","92.90","95.00"
"MILLS","RICHARD","09A","richard.m.mills","2024-01-11 11:09:54","Yes","A","285.125","95.125","95.00","95.00"
"MONTGOMERY","JESSE","09D","jesse.i.montgomery","2024-01-10 13:32:56","Yes","A","291.425","98.125","95.30","98.00"
"PARK","NICHOLAS","09A","nicholas.e.park","2024-02-20 09:19:09","Yes","A","284.70","94.50","94.20","96.00"
"RENO","BRYAN","09D","bryan.s.reno","2024-03-22 16:12:33","Yes","A","286.225","95.625","94.60","96.00"
"RICHARDS","PAUL","09D","paul.d.richards","2024-01-04 12:06:25","Yes","A","287.00","95.00","95.00","97.00"
"RODRIGUEZ","SERGIO","09B","sergio.r.rodriguez","2024-04-11 15:09:41","Yes","A-","282.296","96.00","92.296","94.00"
"RUHL","JOHN","09C","john.f.ruhl","2024-03-08 11:36:31","Yes","A","289.10","97.00","94.10","98.00"
"SA","MINH NGOC","09D","sangoc.vndpko@gmail.com","2024-05-15 16:48:09","Yes","A-","281.49875","92.49875","95.00","94.00"
"STRECK","KELLY","09D","kelly.t.streck","2024-01-22 10:56:43","Yes","A","289.50","97.50","95.00","97.00"
"TAYLOR","LAMAREN","09C","lamaren.q.taylor","2024-03-04 18:02:31","Yes","A","283.20","95.00","94.20","94.00"
"TINDALL","PAUL","09C","paul.n.tindall","2024-03-19 05:38:08","Yes","A","288.0959","100.00","90.0959","98.00"
"TRESNAK","MAX","09B","max.j.tresnak","2024-01-10 17:16:58","Yes","A-","280.25","93.25","94.00","93.00"
"TURPIN","ANDREW","09D","andrew.turpin","2024-03-08 08:29:25","Yes","A","284.00","95.00","95.00","94.00"
"VASILIAUSKAS","EDVARDAS","09C","edvardas.vasiliauskas@gmail.com","2024-03-01 20:44:40","Yes","A","288.0984","97.00","93.0984","98.00"
"WALSH","JOSHUA","09A","joshua.l.walsh","2024-03-06 08:33:28","Yes","A","283.225","94.625","94.60","94.00"
"WALTERS","ALEXANDER","09C","alexander.m.walters","2024-01-10 18:17:58","Yes","A","288.10","97.00","93.10","98.00"
"WILSON","CARDIA","09B","cardia.wilson","2024-03-07 19:08:25","Yes","B+","262.59786","76.49786","95.10","91.00"
"WOLFGANG","DUSTIN","09C","dustin.wolfgang","2024-05-03 21:02:12","Yes","A-","281.90","96.00","91.90","94.00"
