﻿"Last Name","First Name","Learner ID","Username","Last Access","Availability","Weighted Total [Total Pts: up to 100 Letter] |421085","Total [Total Pts: up to 300 Score] |421086","M000A1 Individual Staff Product Running Estimate [Total Pts: 100 Score] |421088","M000A2 Field Grade Officer Argumentative Essay [Total Pts: 100 Score] |421111","M000P CTGL [Total Pts: 100 Score] |421113"
"ACOSTA","MITCHELL","01C","mitch.f.acosta","2024-02-13 07:21:15","Yes","A","289.70","96.50","97.20","96.00"
"ALLEN","JUSTIN","01A","justin.lee.allen","2024-05-22 19:36:08","Yes","A","283.868","98.875","88.993","96.00"
"ALLISON","KEVIN","01A","kevin.e.allison","2024-01-11 13:46:09","Yes","A-","270.41641","86.12341","90.293","94.00"
"ALSUWAIDI","AHMED SAIF ABDULLA AHMED","01D","alsuwaidi@hotmail.fr","2024-06-03 20:25:59","Yes","A-","279.37438","94.37438","93.00","92.00"
"ANDERSON","ALEX","01C","alex.r.anderson","2024-03-06 09:52:28","Yes","A-","276.22053","92.12313","90.0974","94.00"
"ANDERSON","ANTHONY","01B","anthony.s.anderson2","2024-01-10 20:35:58","Yes","A+","291.80","97.00","97.80","97.00"
"ANDERSON","ROBERT","01D","robert.edwin.anderson","2024-06-04 13:29:58","Yes","A","285.875","96.375","92.50","97.00"
"ANDERSON","STACEY","01C","stacey.c.anderson","2024-03-08 07:48:25","Yes","A-","277.74675","94.24875","89.498","94.00"
"ANDERSON","STEPHEN","01B","stephen.anderson8","2024-01-10 18:27:21","Yes","A","288.075","97.875","94.20","96.00"
"ANDRADE LAZO","JOSE ARMANDO","01C","joseaal@hotmail.com","2024-06-06 19:56:22","Yes","A-","275.12088","91.12288","90.998","93.00"
"ARNOLD","MICHAEL","01D","michael.a.arnold36","2024-03-29 13:50:03","Yes","A+","292.375","99.375","100.00","93.00"
"ARVIN","STRAFER","01C","strafer.arvin","2024-02-22 21:15:21","Yes","A","288.70","96.50","97.20","95.00"
"BARRETT","ADAM","01A","adam.r.barrett","2024-04-16 13:02:54","Yes","A-","272.8966","94.50","89.3966","89.00"
"BEBO","STEVEN","01B","steven.bebo","2024-05-30 20:08:10","Yes","A+","290.75","96.25","98.50","96.00"
"BRENC","JOSHUA","01B","joshua.d.brenc.mil","2023-12-13 05:52:02","Yes","A","282.8742","95.375","92.4992","95.00"
"BROWN","LINDA","01D","linda.d.brown","2024-03-07 18:51:27","Yes","A","281.62375","91.62375","98.00","92.00"
"BURK","BENJAMIN","01B","benjamin.m.burk","2024-03-07 22:35:25","Yes","A","290.00","100.00","95.00","95.00"
"CASE","NIKKOLE","01C","nikkole.l.case","2024-01-10 07:54:21","Yes","A-","273.24588","93.24938","87.9965","92.00"
"CAVERLY","DAVID","01A","david.a.caverly","2024-01-11 22:17:10","Yes","A+","291.625","97.125","98.50","96.00"
"CLAASSEN","GRANT","01B","grant.claassen","2024-04-04 19:09:07","Yes","A","290.025","96.625","97.40","96.00"
"DAVIS","ALFRANZO","01B","alfranzo.davis","2024-03-07 11:47:24","Yes","A-","281.09825","91.49825","94.60","95.00"
"DEARBORN","STEVEN","01A","steven.dearborn","2024-02-28 19:32:38","Yes","A","290.45","97.25","98.20","95.00"
"ENGELBRECHT","ERIC","01C","eric.e.engelbrecht","2024-01-23 09:38:56","Yes","A-","279.54875","94.24875","89.30","96.00"
"ERICKSON","LILY","01D","lily.a.erickson","2024-01-22 08:30:10","Yes","A+","293.85","98.75","99.10","96.00"
"FELKER","JOHN","01A","john.felker1","2024-03-06 13:20:33","Yes","A","286.70","98.50","91.20","97.00"
"GRAHAM","MICHAEL","01D","michael.a.graham3","2024-01-22 08:22:43","Yes","A+","295.375","98.375","100.00","97.00"
"GRISWOULD","GORDON","01A","gordon.griswould","2024-01-30 18:13:42","Yes","A","284.874","96.875","91.999","96.00"
"HENRIQUEZ","JORGE","01B","jorge.a.henriquez","2024-02-13 22:09:16","Yes","A","287.325","98.625","95.70","93.00"
"HOOD","HAYWARD","01D","hayward.hood","2024-03-25 11:36:31","Yes","A+","292.725","97.125","99.60","96.00"
"KAMBERAJ","MIRFILE","01B","kmirfila@gmail.com","2024-01-30 08:50:24","Yes","A","290.35","97.75","98.60","94.00"
"KHAN","MOHAMMED","01A","mohammed.khan5","2024-03-18 09:48:07","Yes","A","289.073","98.375","93.698","97.00"
"KOEHN","KEVIN","01C","kevin.s.koehn","2024-05-21 08:32:07","Yes","A-","271.37175","86.37175","93.00","92.00"
"LECLERC","JAYME","01C","jayme105@live.com","2024-05-12 09:36:13","Yes","A","287.675","94.375","97.30","96.00"
"MCCONVILLE","BRIAN","01C","brian.mcconville","2024-05-05 16:07:55","Yes","A","283.125","96.125","93.00","94.00"
"MCLAUGHLIN","MARK","01C","mark.c.mclaughlin3","2024-02-13 13:49:15","Yes","A","289.975","96.875","97.10","96.00"
"MEDINA","KENNETH","01A","kenny.medina","2024-02-18 21:11:57","Yes","A+","297.375","99.375","98.00","100.00"
"MEIDENBAUER","MARY","01B","mary.r.meidenbauer","2024-05-02 14:53:22","Yes","A+","294.35","99.75","98.60","96.00"
"MENDOUA","JEAN","01A","jeanyvesmendoua@gmail.com","2024-03-06 00:49:53","Yes","A","283.85","95.75","99.10","89.00"
"METCALFE","KERRY","01D","kerry.metcalfe","2024-03-07 09:54:26","Yes","A-","279.24588","92.24888","93.997","93.00"
"MOCK","JEFFREY","01A","jeffrey.m.mock","2024-01-09 11:29:20","Yes","A-","278.2712","94.875","89.3962","94.00"
"NEWSOME","HENIAN","01C","henian.newsome","2024-01-09 11:06:20","Yes","A-","275.81838","93.62438","88.194","94.00"
"OLSON","JERRED","01B","jerred.olson","2024-03-12 00:33:48","Yes","A","290.60","96.50","95.10","99.00"
"PERKINS","BRANDON","01B","brandon.p.perkins","2024-03-06 10:29:36","Yes","A","283.69775","93.49775","96.20","94.00"
"REASONOVER","WILLIAM","01C","william.b.reasonover","2024-05-02 18:47:53","Yes","A+","293.75","96.75","99.00","98.00"
"SEGGEL","PETER","01D","peter.j.seggel","2024-06-05 06:24:14","Yes","A","288.50","100.00","92.50","96.00"
"SEGUIN","DANIEL","01D","daniel.seguin","2024-03-16 22:39:06","Yes","A","285.67438","94.37438","98.30","93.00"
"SINAN","HUSSAIN","01A","6290hussainsinan@gmail.com","2024-06-03 21:51:32","Yes","A","281.75","94.75","98.00","89.00"
"SINCLAIR","EWAN ANTHONY","01B","sinclairewan14@gmail.com","2024-03-20 09:37:50","Yes","A+","298.00","100.00","100.00","98.00"
"TROXELL","MARGARET-ELIZABETH","01A","margaretelizabeth.s.troxell","2024-04-04 08:10:16","Yes","A","289.692","99.50","90.192","100.00"
"WARD","LAUREN","01A","lauren.a.ward2","2024-04-04 19:13:17","Yes","A","290.50","99.50","95.00","96.00"
"WESSEWANE-DESYEYE ZATO","FABRICE","01D","22.wessewane.desyeye.fabrice.esam2@gmail.com","2024-01-02 08:24:08","Yes","A-","273.3645","91.3715","90.993","91.00"
"WILCOX","JOSHUA","01D","joshua.g.wilcox","2023-12-19 09:02:26","Yes","A","286.52288","95.62438","93.8985","97.00"
"WILLIAMS","CODY","01D","cody.andre.williams","2024-03-08 09:25:28","Yes","A","288.625","98.625","95.00","95.00"
"WILSON","ROGER","01B","roger.dale.wilson","2024-03-22 08:27:28","Yes","A","286.55","94.25","95.30","97.00"
"WITT","PHILIP","01C","philip.witt","2024-03-28 14:38:14","Yes","A","283.125","93.125","95.00","95.00"
"WOOLFORD","ADAM","01B","adam.c.woolford","2024-03-07 11:27:24","Yes","A","289.275","97.875","96.40","95.00"
"WU","ANSON","01D","anson.wu","2024-02-20 11:26:09","Yes","B+","259.12187","75.62187","93.50","90.00"
"YATES","MAXWELL","01A","maxwell.yates","2024-03-26 10:16:31","Yes","A","287.615","97.625","89.99","100.00"
"ZAMBRANA GONZALEZ","FRANKLIN","01C","f.zambranagonzalez","2024-03-05 09:22:35","Yes","A","283.3475","91.2475","97.10","95.00"
