﻿"Last Name","First Name","Learner ID","Username","Last Access","Availability","Weighted Total [Total Pts: up to 100 Letter] |421433","Total [Total Pts: up to 300 Score] |421434","M000A1 Individual Staff Product Running Estimate [Total Pts: 100 Score] |421436","M000A2 Field Grade Officer Argumentative Essay [Total Pts: 100 Score] |421459","M000P CTGL [Total Pts: 100 Score] |421461"
"ALLGOOD","WILLIAM","13B","william.allgood","2024-05-03 10:38:24","Yes","A+","299.475","99.875","99.60","100.00"
"ARSHAD","SYED JAWWAD ALI","13A","sjawwad.pk@gmail.com","2024-02-01 10:12:16","Yes","A","290.475","97.875","95.60","97.00"
"AYALA","MOISES","13A","moises.ayala2","2023-12-15 09:46:47","Yes","A","284.3228","97.125","95.1978","92.00"
"BAER","JOHN","13A","john.baer2","2023-12-15 09:42:29","Yes","A+","291.625","97.625","99.00","95.00"
"BELCHER","MATTHEW","13A","matthew.r.belcher","2024-03-29 16:24:21","Yes","A+","294.225","98.625","98.60","97.00"
"BROOKS","MICHAEL","13B","michael.brooks28","2024-05-30 10:28:58","Yes","A+","293.5725","96.8725","96.70","100.00"
"BUCKLEY","WILLIAM","13D","william.r.buckley2","2024-02-13 19:53:16","Yes","B+","271.3705","94.375","82.9955","94.00"
"CHANDLER","KENESHA","13C","kenesha.chandler","2024-05-29 09:35:56","Yes","A-","279.7957","95.9995","87.7962","96.00"
"CHASE","JEROME","13C","jerome.k.chase","2024-03-04 20:12:27","Yes","A","286.699","100.00","89.699","97.00"
"CRAWFORD","GEOFFREY","13C","geoffrey.k.crawford","2024-02-29 11:57:36","Yes","A-","282.49075","98.49875","87.992","96.00"
"DESTEFANO","ANDREW","13C","andrew.destefano","2024-05-06 13:14:55","Yes","A","290.35","99.75","94.60","96.00"
"DOLCI","ADAM","13A","adam.dolci","2024-03-06 17:38:36","Yes","A+","295.40","99.50","96.90","99.00"
"DOZIER","CHRISTOPHER","13B","christopher.dozier1","2023-12-13 04:33:11","Yes","A+","296.25","98.75","97.50","100.00"
"FINLEY","ANDREW","13D","andrew.r.finley","2024-01-02 18:41:27","Yes","A-","275.0958","95.00","90.0958","90.00"
"Fischbach","Markus","13B","markus.w.fischbach","2023-12-13 08:31:02","Yes","A+","292.10","98.50","96.60","97.00"
"GALLAGHER","JAMES","13C","james.e.gallagher2","2024-03-05 22:14:25","Yes","A","287.19925","93.99925","95.20","98.00"
"Hale","Robert","13A","robert.a.hale","2023-12-13 10:49:02","Yes","A+","292.3972","99.00","95.3972","98.00"
"HARRISON","AMANDA","13D","amanda.m.harrison2","2024-04-27 12:35:43","Yes","A-","275.325","93.625","91.70","90.00"
"HEISS","MICHAEL","13D","michael.heiss1","2024-02-27 08:26:46","Yes","A","287.025","95.125","94.90","97.00"
"HEPFL","HOLLY","13A","holly.n.hepfl","2024-04-03 20:45:58","Yes","A+","296.75","99.75","98.00","99.00"
"HUGHES","MEGAN","13B","megan.m.hughes","2024-01-09 09:24:34","Yes","A","287.325","95.125","96.20","96.00"
"HUNTSMAN","KAI","13A","kai.huntsman","2024-04-02 05:34:56","Yes","A","289.1973","97.00","95.1973","97.00"
"JOHNSON","BRIAN","13A","brian.johnson60","2024-04-22 07:54:22","Yes","A","290.575","95.375","95.20","100.00"
"KILIKISSA","BRAVE MAJESTE","13A","kilikissa92@gmail.com","2024-01-01 13:45:43","Yes","A","284.575","95.875","96.70","92.00"
"Kranz","Nelson","13D","nelson.a.kranz","2023-12-12 11:15:01","Yes","A","282.449","93.249","96.20","93.00"
"LAYER","JACOB","13D","jacob.layer","2023-12-17 20:12:48","Yes","A+","291.625","96.625","97.00","98.00"
"LEGRAND","ROBERT","13C","robert.legrand","2024-05-04 13:38:13","Yes","A+","295.50","98.50","99.00","98.00"
"LEONARD","LEVI","13C","levi.d.leonard","2024-03-07 10:31:24","Yes","A","290.69925","97.49925","95.20","98.00"
"LUNDBERG","MATTHEW","13D","matthew.m.lundberg","2024-05-29 06:05:10","Yes","A-","277.47338","90.37338","94.10","93.00"
"MACDONALD","IAN","13D","ian.t.macdonald","2024-02-20 16:46:58","Yes","B+","269.3198","94.125","85.1948","90.00"
"MARTIN","DREXEL","13C","drexel.martin","2024-03-10 17:39:41","Yes","A","289.4985","99.50","91.9985","98.00"
"MCNELLEY","JOSHUA","13A","joshua.p.mcnelley","2023-12-15 09:42:47","Yes","A+","293.20","98.50","98.70","96.00"
"MEYBAUM","MARC","13D","marc.meybaum","2024-02-20 16:48:10","Yes","A","285.94618","94.74938","92.1968","99.00"
"MINA","ABRAAM","13B","abraam.r.mina","2024-04-03 06:15:57","Yes","A","289.19762","94.99762","97.20","97.00"
"MIRANDA","JOHNATHAN","13B","johnathan.j.miranda","2024-02-13 18:35:32","Yes","A","285.47125","90.37125","98.10","97.00"
"Moore","Nichole","13D","nichole.l.moore7","2024-02-12 08:27:25","Yes","A-","278.375","94.375","93.00","91.00"
"MULLER","ANDREA","13B","andrea.l.johnson","2024-05-30 07:04:30","Yes","A","285.6215","92.6215","100.00","93.00"
"Nunkoosing","Aaron","13C","aaron_nunkoosing@hotmail.co.uk","2024-05-17 10:49:22","Yes","A+","296.025","99.625","99.40","97.00"
"PANTANO","JONATHAN","13D","jonathan.d.pantano","2024-01-02 08:17:43","Yes","A-","274.0735","93.875","91.1985","89.00"
"PETERSON","MARK","13C","mark.g.peterson","2024-02-05 09:35:46","Yes","A-","279.7234","98.125","88.5984","93.00"
"PHILLIPS","JOHN","13A","john.m.phillips1","2024-03-07 06:57:24","Yes","A+","295.25","98.25","99.00","98.00"
"POULSEN","MICHAEL AXEL","13B","michaelkarstadpoulsen@gmail.com","2024-03-28 15:27:03","Yes","A+","296.475","98.875","97.60","100.00"
"PRIOR","DANIEL","13C","daniel.e.prior","2024-01-20 11:17:32","Yes","A","290.8488","99.75","94.0988","97.00"
"ROBERSON","MICHAEL","13C","michael.w.roberson","2024-01-07 11:06:34","Yes","A","283.499","99.00","92.499","92.00"
"ROJEK","JUSTIN","13C","justin.j.rojek","2024-02-15 11:29:12","Yes","A+","291.475","99.375","96.10","96.00"
"ROLLS","CHASE","13D","chase.c.rolls","2024-03-18 08:28:07","Yes","A","285.75","92.75","98.00","95.00"
"ROPER","DENNIS","13B","dennis.roper","2024-03-27 11:49:30","Yes","A+","292.375","98.875","96.50","97.00"
"SARAFIMOV","IVAN","13B","ivansarafimov@gmail.com","2024-04-08 02:48:37","Yes","A","290.375","94.375","97.00","99.00"
"SCHMID","JOSEPH","13B","joseph.schmid","2023-12-13 08:31:03","Yes","A+","296.425","98.625","98.80","99.00"
"SEMIDEY","ELIZABETH","13C","elizabeth.zaragoza","2024-03-18 08:34:50","Yes","A+","292.625","97.625","98.00","97.00"
"SMITH","MARIE","13A","marie.r.smith","2024-05-08 17:17:35","Yes","A","284.2471","96.75","95.4971","92.00"
"THOMAS","JUSTIN","13A","justin.t.thomas","2024-01-26 12:38:22","Yes","A+","294.75","98.75","99.00","97.00"
"TISDALE","HERMAN","13B","herman.t.tisdale","2024-02-24 09:46:48","Yes","A","281.895","92.495","95.40","94.00"
"TRIPP","JORDAN","13D","jordan.w.tripp","2023-12-26 14:31:07","Yes","A-","276.72387","92.12387","94.60","90.00"
"WATHUDURA","KASUN THARANGA","13D","wathu67@gmail.com","2024-03-05 07:25:31","Yes","A-","281.12","94.625","92.495","94.00"
"WILLIAMS","ASHLEY","13A","ashley.williams29","2024-02-13 18:09:28","Yes","A+","293.123","97.625","95.498","100.00"
"WILLIAMS","STEPHEN","13D","stephen.k.williams2","2024-01-23 11:49:56","Yes","A","286.00","96.00","94.00","96.00"
"WILSON","STEVEN","13B","steven.m.wilson4","2023-12-13 08:37:02","Yes","A+","297.09875","98.49875","98.60","100.00"
