﻿"Last Name","First Name","Learner ID","Username","Last Access","Availability","Weighted Total [Total Pts: up to 100 Letter] |421230","Total [Total Pts: up to 300 Score] |421231","M000A1 Individual Staff Product Running Estimate [Total Pts: 100 Score] |421233","M000A2 Field Grade Officer Argumentative Essay [Total Pts: 100 Score] |421256","M000P CTGL [Total Pts: 100 Score] |421258"
"ACOSTAMATOS","MELVIN","06A","melvin.acostamatos","2024-05-22 14:02:10","Yes","A","283.523","94.625","93.898","95.00"
"ALDERMAN","JULIE","06D","julie.alderman","2024-02-23 08:26:48","Yes","A","287.62125","95.62125","97.00","95.00"
"ALDINGER","RUSSELL","06C","russell.p.aldinger","2024-04-29 08:33:31","Yes","A","286.725","96.625","97.10","93.00"
"ALNAJEM","EBRAHIM","06D","ealnajem86@outlook.com","2024-06-05 21:53:58","Yes","A-","272.92027","94.12287","89.7974","89.00"
"ARNOYS","MANUEL","06B","manuel_arnoys@hotmail.com","2024-06-01 15:52:12","Yes","A","287.9985","97.00","91.9985","99.00"
"BARCOMB","THOMAS","06D","thomas.barcomb","2023-12-14 16:15:21","Yes","A-","282.871","96.375","90.496","96.00"
"BAWA'NEH","SHADI ADBELHALIM ABDALLA","06A","shaddoy84@gmail.com","2024-06-04 11:53:14","Yes","A-","272.26747","92.87237","92.3951","87.00"
"BERRY","SHAWN","06A","shawn.e.berry2","2024-05-15 12:02:18","Yes","A+","294.20","99.50","97.70","97.00"
"BERZINA","IVETA","06D","iveta79.il@gmail.com","2023-12-28 17:51:26","Yes","B+","264.6341","91.2425","85.3916","88.00"
"Bliley","Mitch","06D","mitchell.bliley","2023-12-16 13:01:29","Yes","A","289.74375","93.74375","100.00","96.00"
"BOLDEN","JILL","06C","jill.m.bolden","2024-02-08 07:00:24","Yes","B+","261.49","85.4945","85.9955","90.00"
"BORGSTROEM","DANIEL C U","06C","daniel.borgstroem@gmail.com","2024-04-11 17:34:55","Yes","A-","273.14638","89.24638","92.90","91.00"
"BOURDEAU","MATTHEW","06A","matthew.bourdeau","2024-03-07 13:28:24","Yes","A+","294.74875","97.24875","97.50","100.00"
"BROWNJOHNSON","COTRENA","06B","cotrena.y.brown","2024-03-03 21:12:52","Yes","A-","278.50","93.00","93.50","92.00"
"CASTONGUAY","MORGAN","06A","morgan.castonguay","2024-03-05 11:46:35","Yes","A+","293.175","99.875","98.30","95.00"
"CORNELL","ROBERT","06C","robert.b.cornell","2024-01-26 06:24:23","Yes","A","288.147","92.247","96.90","99.00"
"CRESCENCIO JUNIOR","ARMANDO","06B","armecav@hotmail.com","2024-02-01 20:35:37","Yes","A","283.40","95.00","94.40","94.00"
"CUTLIP","SHANE","06A","shane.cutlip","2024-03-04 16:35:35","Yes","A","290.50","99.00","97.50","94.00"
"DAIGLE","PETER","06B","peter.m.daigle3","2024-03-17 15:25:49","Yes","A-","280.00","93.00","95.00","92.00"
"DANG","HOANG ""DATA""","06C","hoang.h.dang","2024-04-02 16:02:04","Yes","A+","295.025","97.625","98.40","99.00"
"DE LA CRUZ","RONALD","06C","ronald.delacruz1","2024-05-09 16:04:15","Yes","A-","276.9715","90.8715","93.10","93.00"
"DEETER","CATHERINE","06D","catherine.deeter","2024-04-03 14:15:53","Yes","A","290.34875","97.24875","96.10","97.00"
"DEROSA","MATTHEW","06D","matthew.m.derosa2","2024-02-12 08:55:25","Yes","A","289.52285","94.62375","94.8991","100.00"
"GALLAGHER","MATTHEW","06C","matthew.gallagher6","2024-05-16 06:12:20","Yes","A+","295.50","98.00","97.50","100.00"
"GLUTTING","NEAL","06D","neal.f.glutting","2024-02-21 19:27:50","Yes","A+","292.37125","94.37125","100.00","98.00"
"HAYNES","MICHAEL","06D","michael.haynes6","2023-12-15 08:17:29","Yes","A","283.3685","94.3725","91.996","97.00"
"HOOKS","CHRISTOPHER","06B","christopher.i.hooks","2024-01-11 09:06:54","Yes","A","289.20","97.00","96.20","96.00"
"HUSSEY","MICHAEL","06C","michael.d.hussey","2024-05-09 15:21:06","Yes","A","284.50","96.00","93.50","95.00"
"HUSTED","CHAUNCEY","06B","chauncey.husted","2024-02-27 08:54:46","Yes","A","284.00","95.00","97.00","92.00"
"JONES","SCOTT","06C","scott.r.jones","2024-01-11 12:57:09","Yes","A","290.50","98.00","95.50","97.00"
"LAMPEN","JOSHUA","06D","joshua.v.lampen","2024-02-13 12:17:15","Yes","A+","292.40","97.50","97.90","97.00"
"LANE","WILLIAM","06D","william.t.lane","2024-03-18 11:48:07","Yes","A","289.70","95.00","97.70","97.00"
"LOCKARD","PATRICK","06A","patrick.lockard","2024-03-08 12:42:25","Yes","A+","296.79875","97.99875","98.80","100.00"
"LUBINSKI","MICHAEL","06B","michael.lubinski1","2024-06-03 09:25:13","Yes","A","283.20","95.00","96.20","92.00"
"MCLELLAN","JACOB","06D","jacob.mclellan","2024-04-05 16:26:37","Yes","A+","297.25","97.25","100.00","100.00"
"MEHR","JAMES","06D","james.edward.mehr","2023-12-12 20:07:03","Yes","A","286.77025","90.37025","96.40","100.00"
"MEYER","BENJAMIN","06B","benjamin.a.meyer","2024-03-06 17:45:34","Yes","A-","278.95","92.75","94.20","92.00"
"MOORE","PAUL","06B","paul.a.moore3","2024-05-16 06:50:20","Yes","A","290.00","97.00","97.00","96.00"
"NJEWA","JIMMY JIM","06A","jimmynjewa@gmail.com","2024-03-24 22:43:29","Yes","A-","279.09813","92.49813","95.60","91.00"
"NOLAND","JOEL","06B","joel.p.noland","2024-01-11 08:30:09","Yes","A","283.25","94.25","95.00","94.00"
"OSTWALD","ABIGAIL","06A","abigail.ostwald","2024-03-04 18:49:35","Yes","A","283.72188","93.12188","96.60","94.00"
"RIDDICK","JULIA","06C","julia.k.steele","2024-05-13 16:54:14","Yes","A+","292.30","95.00","98.30","99.00"
"RITNOPPAKUN","CHRISTOPHER","06A","c.ritnoppakun","2024-03-21 19:22:28","Yes","B","254.36712","82.37212","77.995","94.00"
"RYAN","KEVIN","06A","kevin.ryan13","2024-03-08 14:00:33","Yes","A","281.475","98.875","97.60","85.00"
"SCHERER","LUCAS","06D","lucas.s.scherer","2023-12-13 08:48:03","Yes","A-","278.6215","91.6225","90.999","96.00"
"SCHWARTZ","DEREK","06B","derek.ryan.schwartz","2024-03-07 20:23:30","Yes","A","284.00","95.00","95.00","94.00"
"SPICKARD","MICHAEL","06C","michael.spickard","2024-04-03 06:24:57","Yes","A","286.70","99.00","92.70","95.00"
"Stavros","DJay","06A","djay.t.stavros","2024-06-01 16:00:56","Yes","A+","292.75","99.75","98.00","95.00"
"STOUT","AARON","06A","aaron.j.stout","2024-01-23 08:27:06","Yes","A+","295.50","99.50","98.00","98.00"
"SWETT","ANDREA","06B","andrea.l.swett","2024-02-06 14:42:55","Yes","A","283.25","94.25","95.00","94.00"
"TILLEY","SHARLENE","06A","sharlene.i.tilley","2024-06-05 08:18:14","Yes","A-","273.3105","90.874","87.4365","95.00"
"TOLAND","MICHAEL","06B","michael.p.toland","2024-05-06 18:26:57","Yes","A","285.20","95.00","94.20","96.00"
"VANDERVORT","MAX","06A","max.vandervort","2024-03-06 21:38:29","Yes","A","291.873","99.875","93.998","98.00"
"VANENGEL","JOANNA","06B","joanna.m.vanengel","2024-01-11 20:22:28","Yes","A-","278.95","92.75","94.20","92.00"
"WINGARD","JAMES","06C","james.h.wingard","2024-05-09 23:13:26","Yes","A-","276.7445","93.75","88.9945","94.00"
"WITKOWSKI","TOM","06C","thomas.witkowski2","2024-03-06 12:25:28","Yes","A+","294.90","98.50","96.40","100.00"
"WITTMEYER","COLLIN","06B","collin.wittmeyer","2024-02-01 15:08:37","Yes","A-","281.30","90.00","95.30","96.00"
"WOODS","STEVEN","06C","steven.woods8","2024-05-21 19:52:10","Yes","A+","292.00","96.00","96.00","100.00"
