﻿"Last Name","First Name","Learner ID","Username","Last Access","Availability","Weighted Total [Total Pts: up to 100 Letter] |421114","Total [Total Pts: up to 300 Score] |421115","M000A1 Individual Staff Product Running Estimate [Total Pts: 100 Score] |421117","M000A2 Field Grade Officer Argumentative Essay [Total Pts: 100 Score] |421140","M000P CTGL [Total Pts: 100 Score] |421142"
"AARON","BURDT","02A","aaron.r.burdt","2024-02-13 14:28:27","Yes","A-","276.4975","89.9975","97.50","89.00"
"ABLES","MITCHELL","02C","mitchell.ables","2024-02-07 08:48:47","Yes","A","285.40","94.00","93.40","98.00"
"ABNEY","JAMES","02C","james.h.abney","2024-06-03 06:15:32","Yes","A","283.9686","94.8745","90.0941","99.00"
"ANDRADE","DERRICK","02B","derrick.r.andrade","2024-01-03 08:41:27","Yes","A-","273.12238","90.12338","88.999","94.00"
"BAIERLEIN","MICHAEL","02A","michael.j.baierlein","2024-04-17 12:18:55","Yes","A","290.125","96.125","95.00","99.00"
"BARLEY","MICAH","02D","micah.barley","2024-01-12 08:39:10","Yes","A","286.5229","98.125","91.3979","97.00"
"BEARD","LEVI","02A","levi.t.beard","2024-02-13 19:19:32","Yes","A","285.60","96.00","92.60","97.00"
"BEDEL","JOSHUA","02B","joshua.r.bedel","2024-04-06 08:22:44","Yes","A-","277.19913","93.99913","94.20","89.00"
"BENSON","GATES","02B","gates.b.benson","2024-05-01 08:08:31","Yes","A-","275.16808","92.87338","89.2947","93.00"
"BLONIARZ","MARK","02D","mark.bloniarz","2024-01-23 20:31:06","Yes","A-","272.60637","88.61637","89.99","94.00"
"BROOKS","QUINTON","02C","quinton.k.brooks","2023-12-11 14:17:25","Yes","A+","298.10","98.50","99.60","100.00"
"BUCKLEY","JOHN","02C","john.buckley7","2024-01-02 08:38:23","Yes","A-","274.19373","91.99813","89.1956","93.00"
"BURDICK","JANA","02B","jana.m.burdick","2024-05-30 14:45:30","Yes","A-","280.0979","95.00","90.0979","95.00"
"CLINTON","MELLORIE","02D","mellorie.clinton","2024-02-22 19:46:48","Yes","A-","281.4975","99.00","87.4975","95.00"
"COLEMAN","JOSHUA","02A","joshua.a.coleman","2024-04-05 18:04:34","Yes","A","283.00","96.00","93.00","94.00"
"COLLOT d' ESCURY","LOUIS-HENRI","02B","lh.collotdescury@gmail.com","2024-01-04 22:42:25","Yes","A","284.099","97.00","93.099","94.00"
"CRUSSELLE","CHRISTOPHER","02A","chris.crusselle","2024-02-13 22:43:32","Yes","A-","278.1948","96.00","85.1948","97.00"
"CUTSINGER","DAVID","02C","david.cutsinger","2024-02-13 17:57:15","Yes","A-","278.5196","97.125","85.3946","96.00"
"DE LA O","ALEXANDRA","02D","alexandra.delao","2024-05-29 16:07:56","Yes","B+","268.6115","88.119","87.4925","93.00"
"FLESHER","ANDREW","02C","andrew.d.flesher2","2023-12-28 10:49:42","Yes","A+","299.475","99.875","99.60","100.00"
"GROTELUESCHEN","LUKE","02B","luke.grotelueschen","2024-01-02 08:10:43","Yes","A","284.4468","94.25","95.1968","95.00"
"GUTIERREZ","MELANIE","02D","melanie.e.flege","2024-03-05 11:48:35","Yes","A","290.173","97.375","95.798","97.00"
"HEYWARD","CHRISTOPHER","02C","christopher.t.heyward","2024-01-11 12:23:09","Yes","A","283.62288","91.62288","99.00","93.00"
"HILEMAN","HARRY","02B","harry.hileman","2024-03-06 16:37:34","Yes","B+","267.4147","90.12","85.2947","92.00"
"HOYING","PHILLIP","02C","phillip.hoying","2024-05-13 07:02:13","Yes","A+","296.60","100.00","98.60","98.00"
"HUGHES","MATTHEW","02A","matthew.t.hughes2","2024-06-02 13:36:31","Yes","A","287.65","97.25","95.40","95.00"
"IVAS","JEFFREY","02D","jeffrey.ivas","2024-03-17 20:29:49","Yes","A","287.646","98.25","92.396","97.00"
"KENNEDY","HEATH","02D","heath.a.kennedy","2024-01-02 12:08:44","Yes","A-","282.3725","96.375","90.9975","95.00"
"KERR","ALAN","02B","alan.k.kerr","2024-02-14 09:13:32","Yes","A-","279.32438","93.12438","92.20","94.00"
"KROLICKI","ANDREW","02C","andrew.j.krolicki","2024-04-13 08:49:55","Yes","A","289.10","97.50","97.60","94.00"
"LANKFORD","ZACHARY","02A","zachary.p.lankford","2023-12-29 16:24:26","Yes","B+","267.59315","92.99775","81.5954","93.00"
"LUGO","MANUEL","02B","manuel.lugo","2024-04-08 06:36:37","Yes","A-","277.97338","91.87438","91.099","95.00"
"MAIN","RICHARD","02D","clint.main","2024-04-19 09:52:45","Yes","A","290.748","99.75","93.998","97.00"
"MAZZOLA","MARISSA","02C","marissa.l.mazzola","2024-03-28 10:51:19","Yes","A-","274.5968","91.00","92.5968","91.00"
"MCCANN","MICHAEL","02A","michael.mccann1","2024-02-26 10:52:42","Yes","B+","269.5151","89.1225","87.3926","93.00"
"MOOREHOUSE","MELISSA","02A","melissa.a.moorehouse","2024-05-01 22:33:32","Yes","A","289.50","96.00","98.50","95.00"
"MOUHKTAR","MOHAMED","02B","mohamed.f.mouhktar","2024-03-29 18:22:15","Yes","A-","280.79875","93.49875","91.30","96.00"
"OECHSEL","MATTHEW","02B","matthew.c.oechsel","2024-05-06 19:24:55","Yes","A-","278.85","93.75","92.10","93.00"
"OMAR","MAHAMOUD HOUSSEIN","02D","mahamoudpom25@hotmail.com","2024-03-20 08:22:08","Yes","A-","272.86362","88.36662","93.497","91.00"
"PARKER","WILLIAM","02C","william.parkeriv","2024-05-31 12:26:05","Yes","A-","282.81655","97.62375","89.1928","96.00"
"PHAM","ANNE","02C","anne.m.pham@gmail.com","2024-02-20 12:20:58","Yes","A","291.5985","100.00","92.5985","99.00"
"POST","TOBIAS","02D","tobiaspost1@gmail.com","2024-02-02 06:23:39","Yes","A","288.244","97.75","93.494","97.00"
"QUINTANA","DENISE","02C","denise.y.quintana","2024-01-18 11:44:25","Yes","A","285.27438","94.37438","97.90","93.00"
"RAGEH","MOSTAFA ELDESOKEY MAHMOUD","02A","mostafarageh28@yahoo.com","2024-01-24 09:52:57","Yes","A-","277.54887","94.74887","92.80","90.00"
"RAMOS","CHRISTINA","02A","christina.l.ramos","2024-04-07 17:39:32","Yes","A-","274.69775","93.49775","92.20","89.00"
"ROBERTS","ANDREW","02C","andrew.roberts14","2024-01-09 12:10:07","Yes","A+","292.075","98.875","98.20","95.00"
"ROBISHAW","SEAN","02B","sean.robishaw","2024-03-07 12:05:24","Yes","A-","275.224","92.125","90.099","93.00"
"SANDOVAL","JULIA","02B","julia.k.sandoval","2024-03-07 09:04:24","Yes","A","284.47438","94.37438","95.10","95.00"
"SHEPARD","CAREY","02B","carey.w.shepard","2024-01-16 10:20:11","Yes","B+","268.7465","88.7475","88.999","91.00"
"TARRIO","ARNALDO","02D","arnaldo.tarrio","2024-02-28 08:35:37","Yes","A","290.10","96.50","96.60","97.00"
"TAYLOR","CORNELIUS","02A","cornelius.taylor2","2024-05-14 08:38:18","Yes","B+","269.64525","93.24775","88.3975","88.00"
"THOMAS","SEAN","02D","sean.r.thomas","2024-01-03 12:43:09","Yes","A+","292.00","100.00","95.00","97.00"
"VASILEV","RADOSLAV","02A","vasilev326@gmail.com","2024-03-27 08:44:30","Yes","B+","265.04357","93.74887","81.2947","90.00"
"WATERMAN","SAMUEL","02C","samuel.h.waterman","2024-03-01 06:03:36","Yes","A+","294.80","100.00","94.80","100.00"
"YARDLEY","CONOR MCEWAN","02B","conor.yardley@gmail.com","2024-02-29 22:11:36","Yes","A-","274.0958","95.00","89.0958","90.00"
