﻿"Last Name","First Name","Learner ID","Username","Last Access","Availability","Weighted Total [Total Pts: up to 100 Letter] |421549","Total [Total Pts: up to 300 Score] |421550","M000A1 Individual Staff Product Running Estimate [Total Pts: 100 Score] |421552","M000A2 Field Grade Officer Argumentative Essay [Total Pts: 100 Score] |421581","M000P CTGL [Total Pts: 100 Score] |421586"
"BIGGERSTAFF","TERRI","17C","terri.a.biggerstaff","2024-04-11 14:30:46","Yes","A-","280.049","93.75","92.299","94.00"
"BOND","JAMES","17D","james.m.bond1","2024-05-02 09:47:10","Yes","A","286.925","96.125","95.80","95.00"
"Buchanan","Leon","17A","leon.buchanan","2024-02-12 12:00:08","Yes","A","282.3974","95.00","93.3974","94.00"
"CHAMBERS","JAMES","17C","james.chambers12","2024-04-25 12:54:31","Yes","A-","272.4198","92.625","89.7948","90.00"
"DANIEL","TERESA","17D","teresa.dennis","2024-05-30 08:46:30","Yes","A-","279.12038","93.12438","92.996","93.00"
"DIETZEN","AMANDA","17A","amanda.dietzen","2024-04-08 10:38:35","Yes","A+","291.00","98.00","99.00","94.00"
"DYER","PAUL","17A","paul.d.dyer","2024-05-16 09:01:18","Yes","A","287.346","96.25","94.096","97.00"
"ELLIOTT","BRIAN","17C","brian.k.elliott","2024-02-29 11:35:33","Yes","A-","280.54708","94.24888","94.2982","92.00"
"ERICKSON","BRENT","17D","brent.t.erickson","2024-05-23 11:49:17","Yes","A","285.624","96.125","94.499","95.00"
"GALDO","GENEVIEVE","17B","genevieve.afan","2024-03-05 20:00:53","Yes","A-","270.943","91.25","90.693","89.00"
"GAUGHAN","ERICA","17D","erica.gaughan","2024-03-06 09:39:38","Yes","A","283.624","96.125","94.499","93.00"
"GIBBONS","GREG","17B","gregory.e.gibbons","2024-03-05 19:44:53","Yes","A","285.775","94.375","93.40","98.00"
"GOOLD","PATRICK","17A","patrick.s.goold","2023-12-31 10:59:08","Yes","A-","281.21813","93.12313","92.095","96.00"
"GRAF","JASON","17A","jason.graf","2024-04-03 08:39:04","Yes","A","282.00","95.00","96.00","91.00"
"GUTHRIE","DARRELL","17A","darrell.j.guthrie","2024-04-01 17:50:03","Yes","A+","291.25","96.25","98.00","97.00"
"HART","ALAN","17D","alan.hart1","2024-05-30 14:18:58","Yes","A-","281.1235","96.125","91.9985","93.00"
"HERRIDGE","KELSEY","17B","kelsey.j.herridge","2024-03-04 14:48:30","Yes","A","288.90","96.00","95.90","97.00"
"HERRINGTON","WILLIAM","17B","brad.herrington","2024-03-31 14:34:05","Yes","A-","281.70","95.00","92.70","94.00"
"HIGGINS","CHRISTOPHER","17A","christopher.higgins5","2024-05-08 13:15:32","Yes","A","283.00","94.00","95.00","94.00"
"HOAR","STEPHEN","17B","stephen.hoar","2024-02-29 12:48:39","Yes","B+","267.48908","89.49688","88.9922","89.00"
"HOLZHEIMER","ANDREW","17D","andrew.holzheimer","2024-01-07 18:12:34","Yes","A-","279.496","93.50","92.996","93.00"
"JAY","JONATHAN","17A","jonathan.jay","2024-03-04 14:55:27","Yes","A-","275.1988","92.00","91.1988","92.00"
"KAUFMAN","DAVID","17C","david.a.kaufman2","2024-01-02 08:34:26","Yes","A-","280.90","94.50","94.40","92.00"
"Kearney","Jada","17A","jada.n.salahuddin","2024-06-09 20:26:09","Yes","A-","277.97375","92.87375","93.10","92.00"
"KETCHUM","MARK","17C","mark.ketchum1","2024-03-01 10:40:33","Yes","A-","281.674","94.375","93.299","94.00"
"KNOWLTON","KARL","17A","karl.knowlton","2024-02-14 11:10:15","Yes","A","287.00","94.00","97.00","96.00"
"LANCIANO","JOSEPH","17C","joe.lanciano","2024-01-16 10:57:11","Yes","A-","280.95","93.75","94.20","93.00"
"LANE","CURT","17C","curt.lane","2024-01-08 08:26:34","Yes","A","283.275","94.875","93.40","95.00"
"LEE","BRANDON","17A","brandon.lee11","2024-04-25 10:27:30","Yes","A-","281.099","95.00","93.099","93.00"
"LOVAN","MICHAEL","17D","michael.s.lovan","2024-03-04 15:20:30","Yes","A","282.874","95.375","94.499","93.00"
"MADRIGAL","BRETT","17D","brett.i.madrigal","2024-03-06 12:18:33","Yes","A","282.50","94.50","95.00","93.00"
"MAKAR","STEPHEN","17A","stephen.c.makar","2024-03-19 10:45:06","Yes","A-","272.33415","90.24125","90.0929","92.00"
"MCGUINE","AUSTIN","17C","austin.j.mcguine","2024-03-04 11:58:27","Yes","A-","277.7475","93.75","89.9975","94.00"
"MEYER","STEFANIE","17C","stefanie.c.meyer","2024-03-06 13:04:36","Yes","A","282.575","94.375","94.20","94.00"
"MILLER","KEVIN","17D","kevin.slayton.miller","2024-04-05 15:21:34","Yes","A","290.675","96.875","95.80","98.00"
"MUNOZ ESPARZA","BORIS NICOLAS","17C","boris.munoz1@gmail.com","2024-05-16 10:52:02","Yes","A-","278.70","93.50","94.20","91.00"
"NOVO","ADAM","17C","adam.novo","2024-02-28 10:52:41","Yes","A","283.375","94.375","94.00","95.00"
"O'CONNELL","JONATHAN","17B","jonathan.j.oconnell","2024-04-02 10:27:27","Yes","A","288.025","95.125","96.90","96.00"
"PENA","NICHOLAS","17C","nick.pena","2024-03-06 13:04:33","Yes","A","284.575","94.375","96.20","94.00"
"PERIC","SINISA","17D","pericnino@gmail.com","2024-02-11 13:06:12","Yes","A-","277.42275","93.62275","93.80","90.00"
"POWERS","JEREMIAH","17B","jeremiah.j.powers","2024-03-06 09:34:28","Yes","A","287.40","95.00","97.40","95.00"
"RICH","GREGORY","17C","gregory.n.rich","2024-04-08 14:12:44","Yes","A-","277.32438","93.12438","93.20","91.00"
"RIDLEY","RUSTY","17A","rusty.s.ridley","2024-01-16 19:41:57","Yes","A-","277.6951","92.4975","93.1976","92.00"
"RINE","STEPHEN","17B","stephen.rine","2024-05-20 13:18:06","Yes","A","283.675","94.375","95.30","94.00"
"RISNER","DAKOTA","17B","dakota.m.risner","2024-04-11 13:47:46","Yes","A-","281.50","92.50","93.00","96.00"
"RIVERA","FRANKLIN","17C","franklin.rivera","2024-03-05 11:09:28","Yes","A-","275.3488","91.25","92.0988","92.00"
"Robinson","Christopher","17B","chris.m.robinson","2024-03-25 10:01:34","Yes","A-","274.218","91.625","90.593","92.00"
"ROBINSON","TRISTAN","17D","tristan.a.robinson","2024-04-16 14:47:31","Yes","A-","281.872","95.375","93.497","93.00"
"ROSALES","FRANCIS DE GUZMAN","17B","ironman175me@gmail.com","2024-03-14 14:31:48","Yes","A","284.35","95.75","96.60","92.00"
"SALCEDO","LEMUEL","17B","lemuel.l.salcedohernandez","2024-01-07 19:30:07","Yes","A","286.00","96.00","95.00","95.00"
"SARGEANT","DANIEL","17D","daniel.g.sargeant","2024-01-29 12:55:21","Yes","A","290.55","96.75","95.80","98.00"
"SERRATO","PATRICK","17C","patrick.serrato","2024-03-07 08:09:30","Yes","A-","281.50","92.50","95.00","94.00"
"SHEEHY","CAMERON","17B","cameron.n.sheehy","2024-01-23 10:27:06","Yes","A","281.775","92.875","94.90","94.00"
"SIWINGWA","ALINANI","17A","alinanisiwingwa@gmail.com","2023-12-27 14:33:25","Yes","B","254.61725","75.62125","92.996","86.00"
"TREMBLAY","MELISSA","17B","melissa.b.tremblay","2024-03-04 08:49:30","Yes","A","289.175","95.875","97.30","96.00"
"VELASCO","NATALIE","17D","natalie.velasco","2024-02-28 14:54:38","Yes","B+","268.11662","88.12062","88.996","91.00"
"Waheed","Ryan","17D","khalid.r.waheed","2024-04-17 13:33:55","Yes","A","283.30","94.50","95.80","93.00"
"WAINER","ERICK","17B","erick.wainer","2024-04-11 13:41:43","Yes","B+","264.32012","82.12012","93.20","89.00"
