﻿"Last Name","First Name","Learner ID","Username","Last Access","Availability","Weighted Total [Total Pts: up to 100 Letter] |421561","Total [Total Pts: up to 300 Score] |421566","M000A1 Individual Staff Product Running Estimate [Total Pts: 100 Score] |421573","M000A2 Field Grade Officer Argumentative Essay [Total Pts: 100 Score] |421604","M000P CTGL [Total Pts: 100 Score] |421606"
"ACERO DE LA PARRA","DIETRICH","18C","ditreck@hotmail.com","2024-05-16 13:06:21","Yes","A+","290.40","97.50","98.90","94.00"
"ALQHTANI","MOTEB FAHAD","18A","motebalqhtani0@gmail.com","2024-01-16 15:00:11","Yes","B+","263.86787","86.87187","84.996","92.00"
"BEAUDOIN","MORGHAN","18C","morghan.e.beaudoin","2024-03-27 14:18:30","Yes","A","285.375","96.375","97.00","92.00"
"BEIDARI MAMOUDOU","MOCTAR","18B","moctarbeidarimamoudou@gmail.com","2024-03-07 23:22:25","Yes","A-","274.00","93.00","93.00","88.00"
"BOSTICK","JOSEPH","18A","joseph.bostick","2024-03-16 10:53:49","Yes","A","283.8479","99.25","91.5979","93.00"
"BOYD","JUSTIN","18D","justin.n.boyd","2024-04-29 14:04:31","Yes","A","282.00","95.00","94.00","93.00"
"BUJOLD","JEAN-JAQUES","18C","jjb_104@hotmail.com","2024-02-01 14:01:37","Yes","A","283.50","95.50","96.00","92.00"
"CANCEL","GUSTAVO","18D","gustavo.j.cancel","2024-01-11 09:22:21","Yes","A","281.7972","94.00","94.7972","93.00"
"CONSER","DAVID","18C","david.conser","2023-12-13 10:57:02","Yes","A","284.90","96.00","93.90","95.00"
"COUGHLIN","NEAL","18D","neal.coughlin","2024-01-11 11:06:09","Yes","A","281.7972","94.00","94.7972","93.00"
"DEGRISTINA","ANTHONY","18D","anthony.p.degristina","2024-03-06 08:25:36","Yes","A","282.00","95.00","94.00","93.00"
"DENNIS","GEOFFREY","18A","geoffrey.dennis1","2024-01-16 14:54:56","Yes","A-","280.2149","93.12","91.0949","96.00"
"DODD","ZEKE","18A","zeke.dodd","2024-04-24 11:22:30","Yes","A","290.75","98.75","95.00","97.00"
"DUNN","ANDREW","18D","andrew.c.dunn14","2024-03-22 20:21:28","Yes","A-","271.2972","91.50","94.7972","85.00"
"DUVIELLA","ERIC","18C","eric.duviella","2024-01-04 13:32:42","Yes","A","284.10","96.00","94.10","94.00"
"FISCHER","BETHANY","18D","bethany.fischer","2024-05-06 18:52:57","Yes","A-","273.5984","95.00","93.5984","85.00"
"FITRAWAN","YUSFI","18B","yusfi.fitrawan@gmail.com","2024-04-02 22:59:53","Yes","A-","272.00","93.00","93.00","86.00"
"GRIEDER","LUKE","18D","luke.j.grieder","2024-04-23 18:38:29","Yes","A+","291.00","97.00","97.00","97.00"
"HARDEE","KATHLEEN","18C","kathleen.hardee1","2024-05-30 12:52:10","Yes","A-","273.1225","93.1225","92.00","88.00"
"HAVER","SHAYE","18D","shaye.haver","2024-05-16 09:07:02","Yes","A+","291.00","97.00","97.00","97.00"
"HOOVER","JASON","18A","jason.d.hoover","2024-04-04 11:44:06","Yes","A","287.3479","99.25","92.0979","96.00"
"JONES","VICTORIA","18D","victoria.a.jones2","2023-12-15 08:37:21","Yes","A","282.00","95.00","94.00","93.00"
"JORDAN","PARKER","18D","parker.jordan","2024-04-14 13:42:52","Yes","A+","291.00","97.00","97.00","97.00"
"LEE","UNNA","18A","unna.r.lee","2024-04-26 12:43:28","Yes","A-","273.91695","93.12375","85.7932","95.00"
"LEWIS","BRETT","18D","brett.g.lewis","2024-04-23 20:17:29","Yes","A","281.7972","94.00","94.7972","93.00"
"LYNCH","MEGAN","18A","megan.m.lynch","2024-04-25 11:05:31","Yes","A","286.75","98.75","95.00","93.00"
"MARSH","THOMAS","18C","thomas.j.marsh2","2024-05-23 21:50:06","Yes","A","283.00","95.00","95.00","93.00"
"MATTESON","CHRISTOPHER","18B","c.matteson","2024-01-11 10:52:09","Yes","A","283.00","95.00","95.00","93.00"
"MCDONALD","CHRISTOPHER","18B","chris.mcdonald1","2024-03-06 10:43:36","Yes","A-","275.09262","90.99762","90.095","94.00"
"MCGEE","IAN","18C","gee.ian.mc","2024-04-05 22:02:37","Yes","A+","292.325","97.125","97.20","98.00"
"MINNIE","CALEB","18C","caleb.minnie","2024-03-08 09:08:25","Yes","A","282.325","95.625","93.70","93.00"
"MOONEY","JAMES","18C","james.mooney7","2024-03-05 08:37:53","Yes","A-","279.0976","94.00","93.0976","92.00"
"NELSON","THOMAS","18B","thomas.d.nelson2","2024-04-28 21:29:29","Yes","A-","279.098","94.00","93.098","92.00"
"OKADA","LAUREN","18B","lauren.okada","2024-03-05 10:20:28","Yes","A","282.00","94.00","95.00","93.00"
"OLIVEIRA","TADEU","18D","tadeuppo@gmail.com","2024-04-09 10:04:37","Yes","A+","291.00","97.00","97.00","97.00"
"OLSON","MICHAEL","18B","michael.j.olson3","2024-04-28 23:26:29","Yes","A+","291.00","97.00","97.00","97.00"
"PARENTI","PHILIP","18A","philip.parenti","2024-05-03 07:16:23","Yes","A","286.4719","99.375","91.0969","96.00"
"PERDIGAO","JOHN","18B","john.a.perdigao","2024-01-11 16:19:10","Yes","A","284.00","96.00","94.00","94.00"
"ROBINSON","DANIEL","18D","daniel.robinson12","2024-03-07 19:49:30","Yes","A","282.00","95.00","94.00","93.00"
"RUSSELL","KENNETH","18B","kenneth.russell5","2024-04-29 08:53:29","Yes","A","289.00","97.00","97.00","95.00"
"RUTHERFORD","KEVIN","18B","kevin.r.rutherford","2023-12-12 16:23:03","Yes","A-","281.00","96.00","95.00","90.00"
"SCHMIDT","CARL","18B","carl.j.schmidt","2024-03-05 12:42:35","Yes","A+","292.50","98.00","97.50","97.00"
"SCHMITZ","JOSHUA","18D","joshua.l.schmitz","2024-05-17 14:54:03","Yes","A","281.7972","94.00","94.7972","93.00"
"SHIELDS","TERRENCE","18A","terrence.shields1","2024-05-17 11:03:07","Yes","A+","295.12438","98.12438","100.00","97.00"
"SHOPTAUGH","BENJAMIN","18A","benjamin.r.shoptaugh","2024-03-08 07:44:30","Yes","A-","273.547","95.75","84.797","93.00"
"SIMON","JACK","18C","jack.e.simon","2024-05-22 16:37:10","Yes","A","286.1245","95.1245","96.00","95.00"
"THOMPSON","JONATHON","18A","jonathon.thompson","2024-05-05 17:55:14","Yes","A-","277.875","95.875","93.00","89.00"
"THORNTON","AMANDA","18B","amanda.n.thornton","2024-03-07 18:32:25","Yes","A","283.00","94.00","95.00","94.00"
"TORRES","NICOLE","18C","nicole.m.torres8","2024-05-01 12:09:32","Yes","A-","274.125","93.125","93.00","88.00"
"TRAVERS","THOMAS","18B","thomas.j.travers","2024-04-29 23:24:31","Yes","A","285.00","95.00","98.00","92.00"
"TURI","MARIO","18C","mario.d.turi","2024-01-31 09:36:27","Yes","A","288.124","95.124","95.00","98.00"
"VALENZUELA","JOSEPH","18B","joseph.valenzuela1","2024-01-11 11:00:09","Yes","A","290.00","97.00","96.00","97.00"
"WAKIYOU","ALAKI","18A","willalaki123@gmail.com","2024-05-06 20:34:55","Yes","A-","276.49938","92.49938","95.00","89.00"
"WARD","ADAM","18D","adam.k.ward","2023-12-12 19:25:03","Yes","A","281.7972","94.00","94.7972","93.00"
"Workman","James","18A","james.c.workman2","2024-02-21 16:03:58","Yes","A","288.00","97.50","98.50","92.00"
"WU","DI","18C","di.n.wu","2024-02-21 09:48:50","Yes","A-","279.625","94.625","95.00","90.00"
"YOUNG","MARQUISE","18C","quise.young","2024-06-02 14:33:13","Yes","A-","279.00","94.00","95.00","90.00"
