﻿"Last Name","First Name","Learner ID","Username","Last Access","Availability","Weighted Total [Total Pts: up to 100 Letter] |421375","Total [Total Pts: up to 300 Score] |421376","M000A1 Individual Staff Product Running Estimate [Total Pts: 100 Score] |421378","M000A2 Field Grade Officer Argumentative Essay [Total Pts: 100 Score] |421401","M000P CTGL [Total Pts: 100 Score] |421403"
"ANDERSEN","NATHAN","11D","nathan.l.andersen","2024-03-21 08:39:27","Yes","A-","272.61939","90.12389","88.4955","94.00"
"Archuleta","Michael","11B","michael.a.archuleta","2024-04-07 18:50:32","Yes","A","282.998","94.498","98.50","90.00"
"BARNHOUSE","TERRY","11A","terry.barnhouse","2024-04-16 08:55:56","Yes","A","284.40","96.00","94.40","94.00"
"BENTON","JOHN","11B","john.benton1","2024-06-03 04:14:32","Yes","A+","293.25","97.25","96.50","99.50"
"BLOOM","MICHAEL","11B","michael.c.bloom","2024-04-12 09:20:55","Yes","A-","272.7495","96.75","92.4995","83.50"
"BRYSON","RYAN","11C","ryan.bryson","2024-05-21 11:24:22","Yes","A","284.3139","93.12","91.1939","100.00"
"BUNCH","CHRISTOPHER","11D","christopher.j.bunch","2024-02-21 11:16:09","Yes","A-","274.22278","93.12488","92.0979","89.00"
"BYE","EMILY","11C","emily.n.bye","2024-03-05 20:54:35","Yes","A","285.075","95.875","94.20","95.00"
"CASTAGNO","FACUNDO","11D","castagnof@hotmail.com","2024-01-22 20:29:46","Yes","B","260.16875","88.87405","88.2947","83.00"
"CHILDERS","MATTHEW","11C","matthew.d.childers","2024-05-28 20:52:10","Yes","B","251.06918","85.87038","81.1988","84.00"
"CLARK","JOHN","11C","john.james.clark","2024-04-07 12:34:35","Yes","A","290.496","99.50","91.996","99.00"
"CSONTOS","ZOLTAN","11A","csontili@gmail.com","2024-03-05 13:52:53","Yes","A-","276.61388","93.12288","90.491","93.00"
"DEANGELIS-CABAN","AURORA","11A","aurora.caban","2024-01-02 10:29:43","Yes","A","286.67313","94.87313","93.80","98.00"
"DELGADO","CHRISTOPHER","11D","topher.delgado","2024-05-29 09:16:10","Yes","B+","263.09713","90.00","82.09713","91.00"
"DIFFLEY","BRYAN","11D","bryan.diffley","2024-06-03 01:59:58","Yes","B+","266.07239","80.87239","93.20","92.00"
"DROWN","THOMAS","11C","thomas.drown","2024-03-06 08:55:28","Yes","A-","279.09165","94.99625","88.0954","96.00"
"FALKENBERG","TOMAS","11A","tomas.falkenberg","2024-01-30 11:48:21","Yes","A","290.875","97.875","95.00","98.00"
"FISHER","HALEY","11B","haley.c.fisher","2024-04-25 10:58:29","Yes","A-","280.15","93.75","95.40","91.00"
"GIBSON","ROBERT","11B","robert.g.gibson4","2024-03-07 21:24:27","Yes","B+","266.1468","94.75","87.3968","84.00"
"GUTIERREZ","KELLY","11A","kelly.gutierrez","2024-04-04 15:34:16","Yes","A+","291.975","98.375","97.60","96.00"
"HAVEN","KAYLA","11B","kayla.m.haven","2024-06-03 06:07:13","Yes","A","281.00","96.00","98.00","87.00"
"HERINA","JOHN","11D","john.herina","2024-03-08 12:32:25","Yes","A","289.05","98.75","91.30","99.00"
"HUDELSON","PETER","11A","peter.hudelson","2024-06-02 09:41:13","Yes","A+","299.275","99.875","99.40","100.00"
"HURLEY","BENJAMIN","11B","benjamin.hurley","2024-05-30 21:24:58","Yes","A-","277.349","90.749","94.60","92.00"
"Jackson","Janaire","11A","janaire.r.brown","2024-02-07 10:01:41","Yes","A+","296.75","98.75","99.00","99.00"
"KEARCHER","KONRAD","11B","konrad.kearcher","2024-03-21 09:43:27","Yes","A-","278.24937","90.24937","95.00","93.00"
"KUNCIW","SABRINA","11C","sabrina.e.kunciw","2024-02-10 15:45:29","Yes","A","290.25","97.75","97.50","95.00"
"KUYKENDALL","JEREMY","11C","jeremy.d.kuykendall","2024-05-02 11:49:53","Yes","A+","292.049","96.75","98.299","97.00"
"LEE","SCOTT","11D","scott.lee13","2024-01-09 08:39:34","Yes","A-","278.70","97.50","97.20","84.00"
"LEONE","VINCENT","11A","vincent.s.leone","2024-01-12 10:26:55","Yes","B","253.2892","82.997","88.7922","81.50"
"LERO","MARK JULIUS","11C","markjulius.lero","2024-05-22 22:40:23","Yes","A-","270.76337","90.87037","90.893","89.00"
"LUMEN","JUSTIN","11A","justin.r.lumen","2024-02-09 10:59:28","Yes","A","281.00","94.50","100.00","86.50"
"MARKLEY","TIMOTHY","11A","timothy.d.markley","2024-03-07 14:37:24","Yes","A-","269.99662","90.49662","94.00","85.50"
"MCCARVILLE","WILLIAM","11B","william.mccarville1","2024-01-09 08:58:43","Yes","A","287.749","93.749","95.00","99.00"
"MCKIDDY","TIMOTHY","11D","timothy.mckiddy","2024-03-18 10:54:06","Yes","A-","275.74809","87.74809","96.00","92.00"
"MCLEAN","MARISHA","11D","marisha.mclean","2024-03-08 12:36:25","Yes","A-","280.95","93.75","92.20","95.00"
"MIYAKAWA","ALEXANDER","11C","alexander.s.miyakawa","2024-03-06 11:15:33","Yes","A+","292.475","98.875","99.60","94.00"
"Monczynski","Timothy","11D","timothy.j.monczynski","2024-01-27 16:17:22","Yes","A-","274.5979","87.50","89.0979","98.00"
"MONTESCLAROS","CHRISTOPHER","11A","c.montesclaros","2024-01-12 08:22:28","Yes","A-","280.75","98.75","95.00","87.00"
"MORTENSEN","RYAN","11C","ryan.mortensen","2024-03-25 11:14:31","Yes","A-","279.3698","95.875","91.4948","92.00"
"MOUAWAD","GEORGES","11A","georges.mou.104@gmail.com","2024-04-12 09:46:41","Yes","A","283.74575","94.24875","95.497","94.00"
"MRKAIC","ISAK","11B","isak.mrkaic@gmail.com","2024-03-07 06:10:25","Yes","A-","277.747","90.747","96.00","91.00"
"NAGY","ANDREW","11B","andrew.nagy","2024-04-11 17:07:46","Yes","A","284.70","95.50","95.20","94.00"
"NESRSTA","BRANDON","11B","brandon.nesrsta","2024-04-21 21:27:22","Yes","A-","272.4975","89.9975","95.50","87.00"
"NISA","CHRISTOPHER","11B","christopher.nisa","2024-02-26 08:39:00","Yes","A+","294.00","98.00","96.00","100.00"
"PAPADIMITRIS","DIMITRIS","11B","papadimitris.dimitris@gmail.com","2024-01-16 08:28:29","Yes","A","284.60","95.50","93.10","96.00"
"POSPISIL","ROBERT","11A","robert.c.pospisil","2024-05-29 11:02:53","Yes","A+","294.275","97.875","98.40","98.00"
"PRABOWO","PETRUS PARAMAYUDO","11C","yudoprabowo@gmail.com","2024-04-09 17:46:54","Yes","A-","277.07275","93.87375","90.199","93.00"
"REINHARDT","JASON","11C","jason.reinhardt1","2024-03-06 16:55:29","Yes","A","284.22175","95.12275","94.099","95.00"
"RUPP","TIFFANY","11D","tiffany.rupp","2024-02-28 09:18:47","Yes","A","285.25","96.25","94.00","95.00"
"SCHWITZGEBEL","MATTHEW","11D","matthew.schwitzgebel","2024-02-21 15:07:09","Yes","A-","283.4955","95.00","88.4955","100.00"
"Shimandle","Tyler","11C","tyler.j.shimandle","2024-03-05 09:58:53","Yes","A","286.724","95.625","96.099","95.00"
"STONE","BENJAMIN","11D","benjamin.t.stone","2024-02-01 08:01:44","Yes","A-","281.25","96.25","91.00","94.00"
"TRAVIS","JACOB","11A","jacob.d.travis","2024-03-18 09:19:49","Yes","A","290.175","98.875","98.80","92.50"
"TUCCI","MICHAEL","11D","michael.tucci1","2024-02-28 18:32:38","Yes","A-","271.22245","86.12455","92.0979","93.00"
"VERBARENDSE","STEVEN","11D","steven.e.verbarendse2","2024-03-05 08:01:31","Yes","A","286.75","93.75","97.00","96.00"
"WICINSKI","BRANDON","11A","brandon.c.wicinski","2024-01-09 10:25:43","Yes","A","286.15","93.75","98.90","93.50"
"WILLIAMS","MARCUS","11C","marcus.l.williams98","2024-03-19 08:32:50","Yes","A","286.7242","96.125","96.5992","94.00"
"YANT","ROGER","11B","roger.yantjr","2024-04-16 12:27:54","Yes","A-","273.49725","85.49725","98.00","90.00"
