﻿last_name,first_name,username,learner_id,last_access,availability,c300_wt_ttl,c300_ttl,c300_ctgl,c300_test_us,c300_test_ims,c300_test2
ACOSTA,MITCHELL,mitch.f.acosta,01C,4/30/2024 9:09,Yes,97.33901,290.59683,93.198,100,,97.39883
ALLEN,JUSTIN,justin.lee.allen,01A,5/16/2024 14:42,Yes,97.2,292,96,100,,96
ALLISON,KEVIN,kevin.e.allison,01A,10/18/2023 8:43,Yes,93.601,281.67,93,96.67,,92
ALSUWAIDI,AHMED SAIF ABDULLA AHMED,alsuwaidi@hotmail.fr,01D,5/18/2024 8:48,Yes,94.64722,283.63825,92.793,,96.67,94.17525
ANDERSON,ALEX,alex.r.anderson,01C,4/12/2024 10:24,Yes,96.55813,288.07627,91.6,100,,96.47627
ANDERSON,ANTHONY,anthony.s.anderson2,01B,5/24/2024 9:46,Yes,97.8,292,94,100,,98
ANDERSON,ROBERT,robert.edwin.anderson,01D,4/5/2024 13:24,Yes,91.24071,272.82923,92.793,86.68,,93.35623
ANDERSON,STACEY,stacey.c.anderson,01C,5/27/2024 19:54,Yes,96.4594,289.0644,95.796,96.67,,96.5984
ANDERSON,STEPHEN,stephen.anderson8,01B,12/27/2023 7:16,Yes,91.102,275.34,93,93.34,,89
ANDRADE LAZO,JOSE ARMANDO,joseaal@hotmail.com,01C,4/30/2024 7:52,Yes,92.22771,279.75983,94.394,,96.67,88.69583
ARNOLD,MICHAEL,michael.a.arnold36,01D,6/1/2024 17:00,Yes,96.82786,289.33153,92.793,100,,96.53853
ARVIN,STRAFER,strafer.arvin,01C,5/1/2024 15:57,Yes,96.62895,290.7379,95.8,100,,94.9379
BARRETT,ADAM,adam.r.barrett,01A,4/16/2024 13:02,Yes,98.6,293,93,100,,100
BEBO,STEVEN,steven.bebo,01B,4/4/2024 19:23,Yes,96.801,288.67,94,96.67,,98
BRENC,JOSHUA,joshua.d.brenc.mil,01B,3/20/2024 21:49,Yes,93.203,280.01,96,90.01,,94
BROWN,LINDA,linda.d.brown,01D,11/16/2023 22:55,Yes,93.1678,280.6794,92.793,96.67,,91.2164
BURK,BENJAMIN,benjamin.m.burk,01B,5/13/2024 8:55,Yes,89.807,266.69,94,76.69,,96
CASE,NIKKOLE,nikkole.l.case,01C,4/12/2024 11:21,Yes,90.67136,271.22594,89.79867,90.01,,91.41727
CAVERLY,DAVID,david.a.caverly,01A,4/4/2024 20:27,Yes,97.6,291,93,100,,98
CLAASSEN,GRANT,grant.claassen,01B,4/4/2024 19:09,Yes,93.802,281.34,94,93.34,,94
DAVIS,ALFRANZO,alfranzo.davis,01B,4/24/2024 16:30,Yes,92.604,275.68,93,86.68,,96
DEARBORN,STEVEN,steven.dearborn,01A,2/14/2024 8:20,Yes,96.6,289,93,100,,96
ENGELBRECHT,ERIC,eric.e.engelbrecht,01C,10/11/2023 11:50,Yes,97.15026,291.16853,97,96.67,,97.49853
ERICKSON,LILY,lily.a.erickson,01D,11/12/2023 12:27,Yes,93.288,280.91981,92.793,96.67,,91.45681
FELKER,JOHN,john.felker1,01A,2/17/2024 13:39,Yes,95.101,284.67,93,96.67,,95
GRAHAM,MICHAEL,michael.a.graham3,01D,3/26/2024 16:42,Yes,93.26966,278.21913,92.793,90.01,,95.41613
GRISWOULD,GORDON,gordon.griswould,01A,3/20/2024 17:19,Yes,92.604,275.68,93,86.68,,96
HENRIQUEZ,JORGE,jorge.a.henriquez,01B,10/1/2023 18:30,Yes,93.601,281.67,93,96.67,,92
HOOD,HAYWARD,hayward.hood,01D,4/22/2024 9:46,Yes,93.92809,282.92419,94,96.67,,92.25419
KAMBERAJ,MIRFILE,kmirfila@gmail.com,01B,11/3/2023 13:51,Yes,97.6,291,93,,100,98
KHAN,MOHAMMED,mohammed.khan5,01A,3/25/2024 21:35,Yes,96.6,289,93,100,,96
KOEHN,KEVIN,kevin.s.koehn,01C,12/13/2023 11:43,Yes,89.4828,266.6094,92.793,79.92,,93.8964
LECLERC,JAYME,jayme105@live.com,01C,5/6/2024 11:53,Yes,96.4495,287.9646,93.996,,96.67,97.2986
MCCONVILLE,BRIAN,brian.mcconville,01C,5/1/2024 18:44,Yes,97.42786,291.37293,94.19533,100,,97.1776
MCLAUGHLIN,MARK,mark.c.mclaughlin3,01C,4/24/2024 8:39,Yes,96.39643,288.70807,93.192,100,,95.51607
MEDINA,KENNETH,kenny.medina,01A,4/4/2024 19:26,Yes,95.101,284.67,93,96.67,,95
MEIDENBAUER,MARY,mary.r.meidenbauer,01B,2/9/2024 8:31,Yes,95.602,284.34,93,93.34,,98
MENDOUA,JEAN,jeanyvesmendoua@gmail.com,01A,3/6/2024 0:51,Yes,94.601,283.67,93,,96.67,94
METCALFE,KERRY,kerry.metcalfe,01D,2/22/2024 14:10,Yes,89.5915,269.5308,92.793,86.68,,90.0578
MOCK,JEFFREY,jeffrey.m.mock,01A,5/11/2024 13:17,Yes,93.602,280.34,93,93.34,,94
NEWSOME,HENIAN,henian.newsome,01C,10/17/2023 17:04,Yes,94.6668,281.9956,89.99,96.67,,95.3356
OLSON,JERRED,jerred.olson,01B,2/13/2024 12:49,Yes,91.905,272.35,92,83.35,,97
PERKINS,BRANDON,brandon.p.perkins,01B,5/30/2024 8:45,Yes,87.876,262.92,92,79.92,,91
REASONOVER,WILLIAM,william.b.reasonover,01C,5/7/2024 7:14,Yes,97.661,292.19,97,96.67,,98.52
SEGGEL,PETER,peter.j.seggel,01D,6/5/2024 6:26,Yes,95.42801,285.19983,92.793,96.67,,95.73683
SEGUIN,DANIEL,daniel.seguin,01D,3/16/2024 22:38,Yes,94.25938,282.25477,94,93.34,,94.91477
SINAN,HUSSAIN,6290hussainsinan@gmail.com,01A,5/2/2024 12:28,Yes,91.605,272.35,93,,83.35,96
SINCLAIR,EWAN ANTHONY,sinclairewan14@gmail.com,01B,1/30/2024 11:36,Yes,98.8,294,94,,100,100
TROXELL,MARGARET-ELIZABETH,margaretelizabeth.s.troxell,01A,4/4/2024 10:21,Yes,96.6,289,93,100,,96
WARD,LAUREN,lauren.a.ward2,01A,4/4/2024 19:13,Yes,96.7,291,96,100,,95
WESSEWANE-DESYEYE ZATO,FABRICE,22.wessewane.desyeye.fabrice.esam2@gmail.com,01D,10/13/2023 14:29,Yes,89.67961,271.03903,92.793,,90.01,88.23603
WILCOX,JOSHUA,joshua.g.wilcox,01D,4/26/2024 11:10,Yes,89.94898,272.90976,92.793,93.34,,86.77676
WILLIAMS,CODY,cody.andre.williams,01D,10/26/2023 12:04,Yes,95.56018,286.18837,94,96.67,,95.51837
WILSON,ROGER,roger.dale.wilson,01B,5/2/2024 10:34,Yes,88.905,266.35,92,83.35,,91
WITT,PHILIP,philip.witt,01C,5/30/2024 15:08,Yes,97.0584,290.0344,93.196,100,,96.8384
WOOLFORD,ADAM,adam.c.woolford,01B,5/27/2024 20:40,Yes,98.4,292,92,100,,100
WU,ANSON,anson.wu,01D,1/25/2024 10:58,Yes,94.15666,283.98912,92.793,100,,91.19612
YATES,MAXWELL,maxwell.yates,01A,5/6/2024 15:39,Yes,98.1,292,93,100,,99
ZAMBRANA GONZALEZ,FRANKLIN,f.zambranagonzalez,01C,12/12/2023 22:25,Yes,95.8172,287.5508,93.194,100,,94.3568
