﻿"Last Name","First Name","Username","Learner ID","Last Access","Availability","Weighted Total [Total Pts: up to 100 Percentage] |422037","Total [Total Pts: up to 400 Score] |422038","Mid-Point Individual Contribution to Group Learning (CTGL) (0%) [Total Pts: 100 Score] |422040","L400A1 Art of Command Essay Exam (Base) [Total Pts: 100 Score] |422054","L400A1 Art of Command Essay Exam (Non-MOS Option) [Total Pts: 100 Score] |422058","L400P Contribution to Group Learning [Total Pts: 100 Score] |422059"
"ANDERSEN","NATHAN","nathan.l.andersen","11D","2024-04-09 12:56:44","Yes","91.81","184.30","Needs Evaluation","91.30","","93.00"
"Archuleta","Michael","michael.a.archuleta","11B","2024-04-11 15:37:43","Yes","95.135","189.05","","96.05","","93.00"
"BARNHOUSE","TERRY","terry.barnhouse","11A","2024-04-12 05:15:47","Yes","92.27","186.10","","","91.10","95.00"
"BENTON","JOHN","john.benton1","11B","2024-04-11 16:28:43","Yes","97.74","196.20","Needs Evaluation","97.20","","99.00"
"BLOOM","MICHAEL","michael.c.bloom","11B","2024-04-11 08:52:54","Yes","91.285","183.55","","90.55","","93.00"
"BRYSON","RYAN","ryan.bryson","11C","2024-04-12 13:03:47","Yes","88.245","180.35","","85.35","","95.00"
"BUNCH","CHRISTOPHER","christopher.j.bunch","11D","2024-04-11 10:53:42","Yes","95.555","189.65","Needs Evaluation","96.65","","93.00"
"BYE","EMILY","emily.n.bye","11C","2024-04-18 10:00:11","Yes","93.55","188.50","","92.50","","96.00"
"CASTAGNO","FACUNDO","castagnof@hotmail.com","11D","2024-04-09 19:34:44","Yes","87.07","174.10","","87.10","","87.00"
"CHILDERS","MATTHEW","matthew.d.childers","11C","2024-05-28 20:52:10","Yes","91.02","182.60","","90.60","","92.00"
"CLARK","JOHN","john.james.clark","11C","2024-04-11 14:18:46","Yes","95.555","189.65","","96.65","","93.00"
"CSONTOS","ZOLTAN","csontili@gmail.com","11A","2024-04-24 15:37:31","Yes","87.21","174.30","","87.30","","87.00"
"DEANGELIS-CABAN","AURORA","aurora.caban","11A","2024-04-09 12:17:49","Yes","93.04","187.20","","92.20","","95.00"
"DELGADO","CHRISTOPHER","topher.delgado","11D","2024-05-29 09:15:10","Yes","93.34","188.20","","92.20","","96.00"
"DIFFLEY","BRYAN","bryan.diffley","11D","2024-05-02 18:42:55","Yes","91.58","183.40","Needs Evaluation","91.40","","92.00"
"DROWN","THOMAS","thomas.drown","11C","2024-04-09 14:29:54","Yes","88.56","180.80","","85.80","","95.00"
"FALKENBERG","TOMAS","tomas.falkenberg","11A","2024-04-11 13:17:46","Yes","94.60","190.00","","94.00","","96.00"
"FISHER","HALEY","haley.c.fisher","11B","2024-05-23 09:40:55","Yes","97.06","193.80","Needs Evaluation","97.30","","96.50"
"GIBSON","ROBERT","robert.g.gibson4","11B","2024-06-03 05:15:58","Yes","84.60","174.00","","81.00","","93.00"
"GUTIERREZ","KELLY","kelly.gutierrez","11A","2024-04-29 11:20:37","Yes","92.055","184.65","","91.65","","93.00"
"HAVEN","KAYLA","kayla.m.haven","11B","2024-06-03 06:07:13","Yes","91.20","184.00","","90.00","","94.00"
"HERINA","JOHN","john.herina","11D","2024-04-17 11:33:31","Yes","97.26","193.80","","97.80","","96.00"
"HUDELSON","PETER","peter.hudelson","11A","2024-05-01 10:36:39","Yes","99.965","199.95","Needs Evaluation","99.95","","100.00"
"HURLEY","BENJAMIN","benjamin.hurley","11B","2024-04-12 16:15:55","Yes","92.055","184.65","","91.65","","93.00"
"Jackson","Janaire","janaire.r.brown","11A","2024-04-11 13:07:41","Yes","95.09","190.70","Needs Evaluation","94.70","","96.00"
"KEARCHER","KONRAD","konrad.kearcher","11B","2024-04-09 14:27:54","Yes","86.86","173.80","Needs Evaluation","86.80","","87.00"
"KUNCIW","SABRINA","sabrina.e.kunciw","11C","2024-04-22 10:37:53","Yes","97.07","194.10","","97.10","","97.00"
"KUYKENDALL","JEREMY","jeremy.d.kuykendall","11C","2024-05-02 11:48:53","Yes","92.69","186.70","","91.70","","95.00"
"LEE","SCOTT","scott.lee13","11D","2024-04-09 12:26:49","Yes","93.085","181.55","Needs Evaluation","96.55","","85.00"
"LEONE","VINCENT","vincent.s.leone","11A","2024-04-14 07:05:54","Yes","89.655","180.65","","88.65","","92.00"
"LERO","MARK JULIUS","markjulius.lero","11C","2024-05-24 21:57:50","Yes","91.135","181.05","","92.05","","89.00"
"LUMEN","JUSTIN","justin.r.lumen","11A","2024-05-01 15:46:34","Yes","90.41","178.30","","92.30","","86.00"
"MARKLEY","TIMOTHY","timothy.d.markley","11A","2024-04-10 13:00:44","Yes","86.00","176.00","","83.00","","93.00"
"MCCARVILLE","WILLIAM","william.mccarville1","11B","2024-04-12 06:57:55","Yes","90.34","182.20","Needs Evaluation","89.20","","93.00"
"MCKIDDY","TIMOTHY","timothy.mckiddy","11D","2024-04-22 16:14:53","Yes","90.955","183.65","","89.65","","94.00"
"MCLEAN","MARISHA","marisha.mclean","11D","2024-04-12 05:46:47","Yes","93.20","188.00","","92.00","","96.00"
"MIYAKAWA","ALEXANDER","alexander.s.miyakawa","11C","2024-04-29 15:31:37","Yes","97.04","195.20","","96.20","","99.00"
"Monczynski","Timothy","timothy.j.monczynski","11D","2024-05-13 10:34:08","Yes","92.865","186.95","Needs Evaluation","91.95","","95.00"
"MONTESCLAROS","CHRISTOPHER","c.montesclaros","11A","2024-04-11 12:32:42","Yes","94.11","189.30","","93.30","","96.00"
"MORTENSEN","RYAN","ryan.mortensen","11C","2024-04-12 12:10:41","Yes","94.25","189.50","","93.50","","96.00"
"MOUAWAD","GEORGES","georges.mou.104@gmail.com","11A","2024-04-12 09:45:41","Yes","90.14","184.20","","87.20","","97.00"
"MRKAIC","ISAK","isak.mrkaic@gmail.com","11B","2024-05-10 06:14:16","Yes","95.325","188.75","","96.75","","92.00"
"NAGY","ANDREW","andrew.nagy","11B","2024-04-10 07:15:44","Yes","95.615","191.45","","95.45","","96.00"
"NESRSTA","BRANDON","brandon.nesrsta","11B","2024-04-25 20:55:30","Yes","82.325","170.75","","77.75","","93.00"
"NISA","CHRISTOPHER","christopher.nisa","11B","2024-04-18 12:26:51","Yes","92.30","187.00","","90.50","","96.50"
"PAPADIMITRIS","DIMITRIS","papadimitris.dimitris@gmail.com","11B","2024-04-11 13:01:46","Yes","97.40","194.00","Needs Evaluation","","98.00","96.00"
"POSPISIL","ROBERT","robert.c.pospisil","11A","2024-05-23 14:54:06","Yes","90.375","182.25","Needs Evaluation","89.25","","93.00"
"PRABOWO","PETRUS PARAMAYUDO","yudoprabowo@gmail.com","11C","2024-04-28 17:43:33","Yes","90.225","183.75","","","87.75","96.00"
"REINHARDT","JASON","jason.reinhardt1","11C","2024-05-28 11:32:56","Yes","90.635","182.05","","90.05","","92.00"
"RUPP","TIFFANY","tiffany.rupp","11D","2024-04-11 13:52:43","Yes","91.845","184.35","Needs Evaluation","91.35","","93.00"
"SCHWITZGEBEL","MATTHEW","matthew.schwitzgebel","11D","2024-04-17 13:58:39","Yes","92.36","186.80","Needs Evaluation","90.80","","96.00"
"Shimandle","Tyler","tyler.j.shimandle","11C","2024-04-22 10:37:53","Yes","94.475","189.25","","94.25","","95.00"
"STONE","BENJAMIN","benjamin.t.stone","11D","2024-04-09 17:18:37","Yes","86.78","179.40","Needs Evaluation","82.40","","97.00"
"TRAVIS","JACOB","jacob.d.travis","11A","2024-05-22 11:37:22","Yes","92.53","185.90","","91.90","","94.00"
"TUCCI","MICHAEL","michael.tucci1","11D","2024-04-09 12:32:49","Yes","92.04","185.20","","91.20","","94.00"
"VERBARENDSE","STEVEN","steven.e.verbarendse2","11D","2024-04-20 10:21:46","Yes","92.655","186.65","Needs Evaluation","91.65","","95.00"
"WICINSKI","BRANDON","brandon.c.wicinski","11A","2024-04-11 08:12:46","Yes","92.115","186.45","","90.45","","96.00"
"WILLIAMS","MARCUS","marcus.l.williams98","11C","2024-04-30 05:04:33","Yes","94.015","187.45","Needs Evaluation","94.45","","93.00"
"YANT","ROGER","roger.yantjr","11B","2024-05-17 13:44:22","Yes","87.075","175.25","Needs Evaluation","86.25","","89.00"
