﻿"Last Name","First Name","Username","Learner ID","Last Access","Availability","Weighted Total [Total Pts: up to 100 Percentage] |421968","Total [Total Pts: up to 400 Score] |421969","Mid-Point Individual Contribution to Group Learning (CTGL) (0%) [Total Pts: 100 Score] |421971","L400A1 Art of Command Essay Exam (Base) [Total Pts: 100 Score] |421985","L400A1 Art of Command Essay Exam (Non-MOS Option) [Total Pts: 100 Score] |421989","L400P Contribution to Group Learning [Total Pts: 100 Score] |421990"
"ARMIJO","AMANDA","amanda.l.armijo","08A","2024-03-31 20:16:15","Yes","87.30","175.00","","87.00","","88.00"
"BANGERT","JONATHAN","jonathan.bangert","08A","2024-03-30 21:05:21","Yes","95.74","192.20","","95.20","","97.00"
"BAXTER","CHRISTOPHER","christopher.w.baxter","08B","2024-05-20 11:03:08","Yes","93.50","189.00","","92.00","","97.00"
"BEAK","ALEXANDER","alex.beak","08B","2024-03-29 11:27:14","Yes","94.845","186.35","","97.35","","89.00"
"BEITZ","ADAM","adam.beitz","08C","2024-03-30 18:42:04","Yes","93.00","186.00","","93.00","","93.00"
"BOWLING","JOHN","john.b.bowling","08D","2024-03-31 21:19:04","Yes","89.28","178.40","","89.40","","89.00"
"BRAMER","MICHAEL","michael.bramer1","08C","2024-03-30 16:04:03","Yes","88.415","179.45","","86.45","","93.00"
"BROWN","STEVE","steve.brown18","08A","2024-04-03 06:25:28","Yes","93.14","186.20","","93.20","","93.00"
"BURNETT","DEJAUN","dejaun.j.burnett","08D","2024-03-31 12:51:05","Yes","95.45","189.50","","96.50","","93.00"
"CETIN","METIN","cetinmetin2010@hotmail.com","08C","2024-04-01 22:57:52","Yes","88.015","175.45","","88.45","","87.00"
"CHAMBERS","KYLE","kyle.f.chambers","08D","2024-03-31 14:53:15","Yes","93.34","188.20","","92.20","","96.00"
"COX","ALAN","alan.james.cox","08D","2024-04-02 09:22:03","Yes","89.60","180.00","","89.00","","91.00"
"DEEGAN","MICHELE","michele.r.deegan","08B","2024-04-30 06:24:38","Yes","94.245","188.35","","94.35","","94.00"
"DELGADO","STEVEN","steven.p.delgado","08A","2024-04-02 20:33:28","Yes","97.08","192.40","","98.40","","94.00"
"DICK","JACKSON","jackson.dick","08B","2024-06-03 05:40:13","Yes","95.44","191.20","","95.20","","96.00"
"EDSON","JUSTIN","justin.m.edson","08D","2024-03-31 20:37:05","Yes","96.54","192.20","","97.20","","95.00"
"EL HANSER","MOURAD","mourad.elhanser@gmail.com","08A","2024-03-30 10:40:03","Yes","92.57","183.10","","94.10","","89.00"
"FELIX","ROBERT","robert.r.felix","08C","2024-03-31 22:58:15","Yes","88.845","182.35","","85.35","","97.00"
"FERNANDEZ","ADRIEL","adriel.n.fernandez","08B","2024-03-28 20:52:19","Yes","94.11","189.30","","93.30","","96.00"
"FLATZ","JACOB","jacob.s.flatz","08A","2024-03-29 07:18:14","Yes","95.705","192.15","","95.15","","97.00"
"FLORI","ALEXANDER","alexander.d.flori","08B","2024-04-09 13:27:50","Yes","97.175","194.85","","96.80","","98.05"
"FONG","JONATHAN","jonathan.fong","08C","2024-04-25 13:39:31","Yes","97.12","193.60","","97.60","","96.00"
"FRUCI","DOMENIC","domenic.fruci","08D","2024-04-08 09:33:45","Yes","91.675","185.25","","90.25","","95.00"
"GARMOE","STEVEN","steven.garmoe","08B","2024-02-29 19:32:33","Yes","89.23","273.90","93.00","87.40","","93.50"
"GARRISON","BRYCE","bryce.s.garrison2","08C","2024-03-30 20:24:04","Yes","87.40","178.00","","85.00","","93.00"
"GARZA","SAMUEL","samuel.garza4","08C","2024-03-31 10:50:15","Yes","94.20","190.00","","93.00","","97.00"
"GENAO","ALYCIA","alycia.r.genao","08A","2024-05-11 15:24:20","Yes","89.745","181.35","","88.35","","93.00"
"GOLDEN","MICHAEL","michael.golden6","08C","2024-04-14 08:36:53","Yes","94.30","189.00","","94.00","","95.00"
"HANNA","DYLAN","dylan.cash.hanna","08D","2024-04-11 09:18:46","Yes","94.905","188.15","","96.15","","92.00"
"HEISER","JENNIFER","jennifer.l.bryer","08C","2024-04-01 11:40:16","Yes","96.00","192.00","","96.00","","96.00"
"HOLMES","ERIC","eric.j.holmes","08D","2024-04-10 11:26:50","Yes","87.94","178.20","","86.20","","92.00"
"JIEZNIENE","LINA","kievisaite@gmail.com","08D","2024-04-04 08:56:07","Yes","96.20","190.00","","98.00","","92.00"
"KASSENOV","BAUYZHAN","kassenovbaurzhan90@gmail.com","08A","2024-04-02 14:49:04","Yes","87.275","177.25","","85.25","","92.00"
"KIAMBU","TITI","kiambutiti@gmail.com","08B","2024-05-04 11:27:25","Yes","86.20","174.00","","","85.00","89.00"
"KIM","HYUN SIK","gustlrdl3000@gmail.com","08B","2024-03-29 09:31:03","Yes","89.00","178.00","","89.00","","89.00"
"KOEPPE","JOSHUA","joshua.koeppe","08A","2024-03-28 16:25:19","Yes","95.435","190.05","","96.05","","94.00"
"LANKFORD","CHRIS","christopher.lankford","08B","2024-03-31 09:56:22","Yes","88.145","177.35","","87.35","","90.00"
"LIJEWSKI","CATHERINE","catherine.c.lijewski","08D","2024-04-02 14:23:04","Yes","94.915","190.45","","94.45","","96.00"
"LOVEWELL","BLYTHE","blythe.schultz","08C","2024-04-08 19:18:44","Yes","90.80","184.00","","89.00","","95.00"
"MALONEY","KATRINA","katrina.m.maloney","08D","2024-03-31 12:59:04","Yes","89.54","178.20","","90.20","","88.00"
"MCCARTHY","SEAN","sean.p.mccarthy3","08B","2024-03-29 07:47:03","Yes","97.115","191.05","","99.50","","91.55"
"MCDONALD","MITCHELL","mitchell.d.mcdonald","08A","2024-02-29 23:54:39","Yes","92.45","189.10","","89.30","","99.80"
"MOTOFELEA","GRIGORE-DAN","grigoremotofelea@gmail.com","08C","2024-04-27 09:41:29","Yes","92.77","185.10","","93.10","","92.00"
"MYERS","KYLE","kyle.a.myers","08D","2024-04-03 21:47:05","Yes","98.20","194.00","","100.00","","94.00"
"OSMAN","ABIGAIL","abigail.osman","08B","2024-03-28 16:37:03","Yes","96.085","191.55","","96.55","","95.00"
"PARCHERT","LINCOLN","lincoln.parchert","08A","2024-03-28 17:11:14","Yes","94.955","187.65","","96.65","","91.00"
"PETERSON","CODY","cody.a.peterson","08B","2024-03-29 08:19:20","Yes","92.00","184.00","","92.00","","92.00"
"RALSTON","ELLIOTT","elliott.ralston","08C","2024-04-02 10:47:52","Yes","92.315","184.45","","92.45","","92.00"
"SERVIN","MILTHON","milthon.a.servin","08B","2024-03-29 08:59:20","Yes","94.15","186.50","","95.50","","91.00"
"SHINEGO","GREGORY","gregory.m.shinego","08D","2024-05-15 01:56:18","Yes","98.40","196.00","","99.00","","97.00"
"SITTERLEY","NATHAN","nathan.sitterley","08A","2024-05-01 06:40:34","Yes","96.275","191.25","","97.25","","94.00"
"STAFFORD","SCOTT","scott.stafford1","08A","","Yes","","","","","",""
"STRIBRNY","JOSEPH","joseph.m.stribrny","08D","2024-03-31 19:09:04","Yes","97.47","194.10","","98.10","","96.00"
"THOMPSON","WILLIAM","william.a.thompson348","08C","2024-04-04 00:41:05","Yes","91.67","184.10","","91.10","","93.00"
"TILLEY","VICTORIA","victoria.e.tilley","08B","2024-03-28 20:30:03","Yes","89.275","181.25","","87.25","","94.00"
"TIO","MOSES","moses.tio","08C","2024-03-30 20:37:15","Yes","88.60","178.00","","88.00","","90.00"
"YASHINSKI","STEPHEN","stephen.a.yashinski","08A","2024-03-28 16:33:14","Yes","91.62","184.60","","90.60","","94.00"
"ZAREK","MATTHEW","matthew.v.zarek","08C","2024-02-27 12:24:41","Yes","88.80","180.00","","87.00","","93.00"
