﻿"Last Name","First Name","Username","Learner ID","Last Access","Availability","Weighted Total [Total Pts: up to 100 Percentage] |421807","Total [Total Pts: up to 400 Score] |421808","Mid-Point Individual Contribution to Group Learning (CTGL) (0%) [Total Pts: 100 Score] |421810","L400A1 Art of Command Essay Exam (Base) [Total Pts: 100 Score] |421824","L400A1 Art of Command Essay Exam (Non-MOS Option) [Total Pts: 100 Score] |421828","L400P Contribution to Group Learning [Total Pts: 100 Score] |421829","AY24 CTGL Self-Assessment (Required) [Total Pts: 0 Complete/Incomplete] |425756"
"ACOSTA","MITCHELL","mitch.f.acosta","01C","2024-04-30 09:12:31","Yes","91.02","274.70","92.50","90.90","","91.30","Complete"
"ALLEN","JUSTIN","justin.lee.allen","01A","2024-05-31 09:01:31","Yes","90.09","274.40","92.50","88.80","","93.10",""
"ALLISON","KEVIN","kevin.e.allison","01A","2024-05-19 21:21:23","Yes","83.67","269.10","95.00","78.60","","95.50","Complete"
"ALSUWAIDI","AHMED SAIF ABDULLA AHMED","alsuwaidi@hotmail.fr","01D","2024-04-30 10:46:30","Yes","87.325","263.25","86.90","86.05","","90.30","Complete"
"ANDERSON","ALEX","alex.r.anderson","01C","2024-04-12 10:38:44","Yes","97.415","285.95","92.50","98.45","","95.00","Complete"
"ANDERSON","ANTHONY","anthony.s.anderson2","01B","2024-04-12 12:52:47","Yes","95.86","293.40","100.00","94.60","","98.80","Complete"
"ANDERSON","ROBERT","robert.edwin.anderson","01D","2024-04-08 19:40:49","Yes","84.035","259.75","88.10","81.35","","90.30","Complete"
"ANDERSON","STACEY","stacey.c.anderson","01C","2024-04-30 09:47:38","Yes","92.095","275.65","90.60","91.45","","93.60","Complete"
"ANDERSON","STEPHEN","stephen.anderson8","01B","2024-04-04 20:40:06","Yes","94.01","282.90","95.00","94.10","","93.80","Complete"
"ANDRADE LAZO","JOSE ARMANDO","joseaal@hotmail.com","01C","2024-04-30 07:54:30","Yes","85.285","263.15","88.80","82.45","","91.90","Complete"
"ARNOLD","MICHAEL","michael.a.arnold36","01D","2024-06-01 17:05:58","Yes","97.485","285.45","91.90","98.55","","95.00","Complete"
"ARVIN","STRAFER","strafer.arvin","01C","2024-05-01 15:03:47","Yes","90.235","273.35","91.30","89.05","","93.00","Complete"
"BARRETT","ADAM","adam.r.barrett","01A","2024-04-14 21:06:52","Yes","98.61","290.50","95.00","99.90","","95.60","Complete"
"BEBO","STEVEN","steven.bebo","01B","2024-04-05 09:32:11","Yes","91.345","277.15","93.80","90.85","","92.50","Complete"
"BRENC","JOSHUA","joshua.d.brenc.mil","01B","2024-04-04 21:14:06","Yes","82.82","258.10","87.50","79.10","","91.50","Complete"
"BROWN","LINDA","linda.d.brown","01D","2024-04-05 07:46:06","Yes","88.07","271.40","92.50","86.00","","92.90","Complete"
"BURK","BENJAMIN","benjamin.m.burk","01B","2024-04-11 11:47:46","Yes","97.255","290.95","97.50","98.05","","95.40","Complete"
"CASE","NIKKOLE","nikkole.l.case","01C","2024-04-16 09:06:56","Yes","91.515","274.55","91.30","91.35","","91.90","Complete"
"CAVERLY","DAVID","david.a.caverly","01A","2024-04-05 08:36:06","Yes","94.26","279.10","91.30","94.80","","93.00","Complete"
"CLAASSEN","GRANT","grant.claassen","01B","2024-04-04 22:25:06","Yes","90.24","275.70","92.50","88.20","","95.00","Complete"
"DAVIS","ALFRANZO","alfranzo.davis","01B","2024-04-04 19:51:06","Yes","87.01","261.80","87.50","86.80","","87.50","Complete"
"DEARBORN","STEVEN","steven.dearborn","01A","2024-05-12 13:14:07","Yes","83.635","258.85","88.80","81.55","","88.50","Complete"
"ENGELBRECHT","ERIC","eric.e.engelbrecht","01C","2024-04-09 08:14:49","Yes","85.875","267.95","91.90","82.65","","93.40","Complete"
"ERICKSON","LILY","lily.a.erickson","01D","2024-04-04 19:52:06","Yes","90.175","272.45","90.60","89.05","","92.80","Complete"
"FELKER","JOHN","john.felker1","01A","2024-04-04 20:43:07","Yes","90.31","274.60","91.30","88.30","","95.00","Complete"
"GRAHAM","MICHAEL","michael.a.graham3","01D","2024-05-21 14:06:22","Yes","98.06","286.90","93.10","99.80","","94.00","Complete"
"GRISWOULD","GORDON","gordon.griswould","01A","2024-04-24 07:35:27","Yes","82.505","259.15","89.00","78.65","","91.50","Complete"
"HENRIQUEZ","JORGE","jorge.a.henriquez","01B","2024-04-13 21:55:52","Yes","96.625","193.75","","96.25","","97.50",""
"HOOD","HAYWARD","hayward.hood","01D","2024-06-03 11:15:59","Yes","97.915","288.85","94.40","98.95","","95.50","Complete"
"KAMBERAJ","MIRFILE","kmirfila@gmail.com","01B","2024-04-04 22:31:06","Yes","94.37","270.10","85.00","97.10","","88.00","Complete"
"KHAN","MOHAMMED","mohammed.khan5","01A","2024-04-05 05:03:17","Yes","94.505","278.15","90.00","95.15","","93.00","Complete"
"KOEHN","KEVIN","kevin.s.koehn","01C","2024-04-25 12:00:31","Yes","90.22","276.60","94.00","88.60","","94.00","Complete"
"LECLERC","JAYME","jayme105@live.com","01C","2024-05-12 09:36:13","Yes","94.025","277.75","90.00","94.25","","93.50","Complete"
"MCCONVILLE","BRIAN","brian.mcconville","01C","2024-05-01 18:46:32","Yes","95.07","280.40","91.90","96.30","","92.20","Complete"
"MCLAUGHLIN","MARK","mark.c.mclaughlin3","01C","2024-04-24 08:51:31","Yes","94.70","279.90","90.50","94.70","","94.70","Complete"
"MEDINA","KENNETH","kenny.medina","01A","2024-04-22 21:27:15","Yes","98.50","290.00","95.00","100.00","","95.00","Complete"
"MEIDENBAUER","MARY","mary.r.meidenbauer","01B","2024-04-05 06:53:06","Yes","86.065","269.95","93.80","83.05","","93.10","Complete"
"MENDOUA","JEAN","jeanyvesmendoua@gmail.com","01A","2024-04-04 16:14:11","Yes","87.645","263.45","87.50","","87.15","88.80","Complete"
"METCALFE","KERRY","kerry.metcalfe","01D","2024-03-26 13:44:30","Yes","90.51","275.30","94.00","90.30","","91.00","In Progress"
"MOCK","JEFFREY","jeffrey.m.mock","01A","2024-04-05 11:29:17","Yes","94.465","276.95","90.00","95.95","","91.00","Complete"
"NEWSOME","HENIAN","henian.newsome","01C","2024-02-15 10:09:56","Yes","","88.80","88.80","","","","Complete"
"OLSON","JERRED","jerred.olson","01B","2024-04-05 07:24:06","Yes","82.37","255.80","86.70","79.10","","90.00","Complete"
"PERKINS","BRANDON","brandon.p.perkins","01B","2024-05-28 14:49:52","Yes","94.04","273.50","87.50","95.60","","90.40","Complete"
"REASONOVER","WILLIAM","william.b.reasonover","01C","2024-05-28 12:22:56","Yes","95.785","283.05","92.50","96.55","","94.00",""
"SEGGEL","PETER","peter.j.seggel","01D","2024-06-05 06:24:14","Yes","97.095","281.65","90.60","99.45","","91.60","Complete"
"SEGUIN","DANIEL","daniel.seguin","01D","2024-04-05 07:26:17","Yes","88.04","269.40","90.60","86.00","","92.80","Complete"
"SINAN","HUSSAIN","6290hussainsinan@gmail.com","01A","2024-05-15 22:50:20","Yes","93.26","273.40","88.00","94.10","","91.30","Complete"
"SINCLAIR","EWAN ANTHONY","sinclairewan14@gmail.com","01B","2024-04-05 08:19:06","Yes","95.775","289.35","97.50","95.55","","96.30","Complete"
"TROXELL","MARGARET-ELIZABETH","margaretelizabeth.s.troxell","01A","2024-04-09 15:22:37","Yes","91.72","272.80","90.00","92.20","","90.60","Complete"
"WARD","LAUREN","lauren.a.ward2","01A","2024-04-04 19:15:17","Yes","92.845","278.85","92.50","","92.35","94.00","Complete"
"WESSEWANE-DESYEYE ZATO","FABRICE","22.wessewane.desyeye.fabrice.esam2@gmail.com","01D","2024-04-04 21:13:17","Yes","84.03","254.70","85.00","82.80","","86.90","Complete"
"WILCOX","JOSHUA","joshua.g.wilcox","01D","2024-04-04 19:40:07","Yes","91.245","269.45","87.50","91.65","","90.30","Complete"
"WILLIAMS","CODY","cody.andre.williams","01D","2024-04-05 10:14:11","Yes","95.11","280.80","91.90","96.10","","92.80","Complete"
"WILSON","ROGER","roger.dale.wilson","01B","2024-04-08 07:02:35","Yes","86.755","261.15","87.50","86.65","","87.00","Complete"
"WITT","PHILIP","philip.witt","01C","2024-05-06 08:39:14","Yes","97.355","282.95","91.30","99.65","","92.00","Complete"
"WOOLFORD","ADAM","adam.c.woolford","01B","2024-04-05 06:07:08","Yes","91.23","272.50","90.00","91.20","","91.30","Complete"
"WU","ANSON","anson.wu","01D","2024-04-05 08:32:06","Yes","90.87","267.60","87.50","92.10","","88.00","Complete"
"YATES","MAXWELL","maxwell.yates","01A","2024-04-07 16:25:37","Yes","94.155","278.95","91.30","","94.65","93.00","Complete"
"ZAMBRANA GONZALEZ","FRANKLIN","f.zambranagonzalez","01C","2024-04-05 09:18:17","Yes","89.02","268.60","90.00","88.60","","90.00","Complete"
