﻿"Last Name","First Name","Username","Learner ID","Last Access","Availability","Weighted Total [Total Pts: up to 100 Percentage] |422014","Total [Total Pts: up to 400 Score] |422015","Mid-Point Individual Contribution to Group Learning (CTGL) (0%) [Total Pts: 100 Score] |422017","L400A1 Art of Command Essay Exam (Base) [Total Pts: 100 Score] |422031","L400A1 Art of Command Essay Exam (Non-MOS Option) [Total Pts: 100 Score] |422035","L400P Contribution to Group Learning [Total Pts: 100 Score] |422036"
"ADAEV","AZATBEK","aitmamatazatbek@gmail.com","10B","2024-04-19 07:17:12","Yes","86.87","176.10","Needs Evaluation","","85.10","91.00"
"BAIS","MARIA","maria.b.bais","10A","2024-04-19 09:01:52","Yes","87.40","178.00","","85.00","","93.00"
"BARNDT","DAVID","david.barndt","10D","2024-04-11 14:37:41","Yes","96.43","190.90","","97.90","","93.00"
"BARRY","NICOLAS","nicolas.y.barry","10B","2024-04-11 18:27:41","Yes","94.28","188.40","","94.40","","94.00"
"BEAUDOIN","MARC","marc.beaudoin","10D","2024-04-11 14:39:55","Yes","99.70","199.00","Needs Evaluation","100.00","","99.00"
"BERGMAN","JOHN","john.p.bergman","10B","2024-04-11 14:51:41","Yes","92.55","186.50","Needs Evaluation","91.50","","95.00"
"BLESS","JONATHON","jonathon.bless","10C","2024-04-14 12:28:54","Yes","94.77","189.10","Needs Evaluation","","95.10","94.00"
"BOOKER","DEMETRIST","demetrist.booker","10A","2024-04-30 09:03:31","Yes","84.475","173.25","Needs Evaluation","81.25","","92.00"
"BOSCH","TREVOR","trevor.w.bosch","10C","2024-04-11 14:42:46","Yes","90.74","182.20","Needs Evaluation","90.20","","92.00"
"BRINCKS","TIMOTHY","timothy.brincks","10D","2024-04-11 20:11:43","Yes","86.77","177.10","","84.10","","93.00"
"BURNETT","ERIC","eric.m.burnett","10A","2024-04-11 17:20:46","Yes","95.40","190.00","","96.00","","94.00"
"CHU","ERIC","eric.chu2","10D","2024-05-14 10:23:08","Yes","87.40","178.00","","85.00","","93.00"
"DAM","DUONG","duong.x.dam","10A","2024-04-11 18:25:43","Yes","84.815","175.45","Needs Evaluation","80.45","","95.00"
"DAWSON","LUKE","luke.dawson1","10C","2024-04-12 11:00:55","Yes","91.48","184.40","Needs Evaluation","90.40","","94.00"
"DIEPPA","EDWARD","edward.t.dieppa","10C","2024-03-07 18:12:27","Yes","98.54","196.20","Needs Evaluation","99.20","","97.00"
"DILLEY","ROBERT","robert.dilley","10D","2024-04-11 14:34:43","Yes","92.70","185.00","","93.00","","92.00"
"FATH","GRANT","grant.s.fath","10D","2024-04-15 10:10:56","Yes","91.445","184.35","","90.35","","94.00"
"FERGUSON","SHAISHA","shaisha.m.ferguson","10C","2024-04-12 09:57:47","Yes","83.97","173.10","Needs Evaluation","80.10","","93.00"
"GANNON","THOMAS","thomas.p.gannon","10B","2024-04-12 18:25:47","Yes","89.62","180.60","Needs Evaluation","88.60","","92.00"
"GOBER","GERALD","gerald.gober","10D","2024-04-30 19:31:38","Yes","91.375","184.25","","90.25","","94.00"
"GRIFFIN","CHARLES","charles.r.griffin2","10A","2024-04-11 15:02:46","Yes","96.24","191.20","","97.20","","94.00"
"HAPPEL","WILLIAM","willhappel@gmail.com","10C","2024-04-11 15:00:46","Yes","99.315","198.45","Needs Evaluation","99.45","","99.00"
"HEINEMAN","ALESHA","alesha.f.heineman","10C","2024-05-31 07:35:10","Yes","85.37","175.10","Needs Evaluation","82.10","","93.00"
"HERNANDEZ","KAITLYN","kaitlyn.m.hernandez","10B","2024-04-11 14:23:46","Yes","84.20","174.00","","80.00","","94.00"
"HORNING","TYLER","tyler.horning","10A","2024-04-11 20:27:41","Yes","91.09","182.70","","90.70","","92.00"
"HUBER","JACOB","jacob.w.huber","10B","2024-04-11 14:37:41","Yes","92.58","185.40","","92.40","","93.00"
"IVESON","MATTHEW","matthew.s.iveson","10A","2024-04-25 06:34:28","Yes","99.70","199.00","","100.00","","99.00"
"JEONG","MIN HYEONG","cpt.mhjeong@gmail.com","10A","2024-05-01 12:47:39","Yes","87.61","178.30","","85.30","","93.00"
"JOHNSON","DWAYNE","dwayne.a.johnson62","10B","2024-04-11 20:00:41","Yes","93.485","185.55","","94.55","","91.00"
"KARHALSKOV","TARAS","tarikprofff@gmail.com","10D","2024-04-11 15:11:41","Yes","92.795","186.85","","91.85","","95.00"
"KRANT","MICHAEL","michael.krant","10C","2024-05-14 09:37:18","Yes","96.66","191.80","","97.80","","94.00"
"LAND","KATE","katelyn.j.hickey","10C","2024-04-12 08:18:47","Yes","94.02","188.60","Needs Evaluation","93.60","","95.00"
"LARA","MARY","mary.c.archambeault","10D","2024-04-15 10:29:55","Yes","96.45","191.50","","97.50","","94.00"
"LAUGHTON","NATHAN","nathan.laughton","10C","2024-04-15 13:30:56","Yes","84.74","174.20","Needs Evaluation","81.20","","93.00"
"LEE","RYAN","ryan.m.lee6","10D","2024-04-11 15:17:43","Yes","97.315","194.45","","97.45","","97.00"
"LONG","CALEB","caleb.w.long","10B","2024-05-29 12:19:11","Yes","84.34","174.20","Needs Evaluation","80.20","","94.00"
"MAGGIO","CORY","cory.a.maggio","10C","2024-04-11 15:13:46","Yes","98.50","195.00","","100.00","","95.00"
"MAYER","DANIEL","daniel.j.mayer2","10A","2024-04-11 14:57:46","Yes","96.195","192.85","Needs Evaluation","95.85","","97.00"
"MCCARTHY","DENA","dena.dorsett","10B","2024-04-11 16:22:41","Yes","87.47","178.10","","85.10","","93.00"
"MCKEETH","KARL","karl.a.mckeeth","10B","2024-04-17 07:01:54","Yes","99.70","199.00","Needs Evaluation","100.00","","99.00"
"MULVIHILL","MATTHEW","matthew.j.mulvihill","10A","2024-05-30 14:45:10","Yes","96.925","192.75","","97.75","","95.00"
"Napoli","Amy","amy.swan","10A","2024-04-12 08:28:41","Yes","90.03","182.90","Needs Evaluation","87.90","","95.00"
"Putnam","Matthew","matthew.e.putnam","10D","2024-04-13 18:49:42","Yes","98.50","195.00","","100.00","","95.00"
"RESTITUYO MATOS","MARCOS RAMIRO","marcosrestituyo@gmail.com","10B","2024-04-11 16:47:55","Yes","83.97","173.10","","","80.10","93.00"
"ROSENHAN","ALAN","alan.n.rosenhan","10B","2024-05-08 21:44:32","Yes","96.65","193.50","","96.50","","97.00"
"SIMONS","BRETT","brett.simons1","10C","2024-04-16 11:52:54","Yes","95.26","189.80","Needs Evaluation","95.80","","94.00"
"SIMPKINS","JASON","jason.l.simpkins2","10A","2024-04-12 10:50:47","Yes","92.90","187.00","","92.00","","95.00"
"SMITH","TYLER","tyler.banks.smith","10D","2024-04-12 08:22:41","Yes","91.27","184.10","","90.10","","94.00"
"SOKIRKIN","ALEXANDER","alex.sokirkin","10D","2024-04-23 08:30:27","Yes","85.235","176.05","","81.05","","95.00"
"SOLONAR","ASHLEY","ashley.l.heltemes","10D","2024-04-11 21:38:55","Yes","95.315","190.45","","95.45","","95.00"
"STANKOVIC","MILOS","bmwnbc@hotmail.com","10A","2024-04-15 17:23:55","Yes","89.66","181.80","Needs Evaluation","87.80","","94.00"
"STATEN","ABRAM","abram.staten","10D","2024-04-11 14:33:55","Yes","83.97","173.10","","80.10","","93.00"
"STEEL","JONATHAN","jonathan.steel","10C","2024-04-23 17:58:27","Yes","91.515","184.45","Needs Evaluation","90.45","","94.00"
"SUCHOMSKI","KYLE","kyle.suchomski","10B","2024-04-11 19:54:46","Yes","97.675","193.25","Needs Evaluation","99.25","","94.00"
"WHITE","ZACHARIAH","zachariah.s.white","10B","2024-05-10 11:53:06","Yes","86.37","177.10","Needs Evaluation","83.10","","94.00"
"WHITELEY","ROBERT","robert.k.whiteley","10C","2024-04-11 15:38:55","Yes","93.14","186.20","Needs Evaluation","93.20","","93.00"
"WINEINGER","JON","jon.m.wineinger","10B","2024-05-22 09:47:07","Yes","95.00","190.00","Needs Evaluation","95.00","","95.00"
