﻿"Last Name","First Name","Username","Learner ID","Last Access","Availability","Weighted Total [Total Pts: up to 100 Percentage] |422198","Total [Total Pts: up to 400 Score] |422199","Mid-Point Individual Contribution to Group Learning (CTGL) (0%) [Total Pts: 100 Score] |422201","L400A1 Art of Command Essay Exam (Base) [Total Pts: 100 Score] |422215","L400A1 Art of Command Essay Exam (Non-MOS Option) [Total Pts: 100 Score] |422219","L400P Contribution to Group Learning [Total Pts: 100 Score] |422220"
"ACERO DE LA PARRA","DIETRICH","ditreck@hotmail.com","18C","2024-05-16 13:15:02","Yes","94.60","286.00","96.00","94.00","","96.00"
"ALQHTANI","MOTEB FAHAD","motebalqhtani0@gmail.com","18A","2024-04-29 08:25:33","Yes","87.20","176.00","","86.00","","90.00"
"BEAUDOIN","MORGHAN","morghan.e.beaudoin","18C","2024-03-27 14:18:30","Yes","93.40","276.00","90.00","94.00","","92.00"
"BEIDARI MAMOUDOU","MOCTAR","moctarbeidarimamoudou@gmail.com","18B","2024-04-30 23:01:34","Yes","87.80","174.00","","89.00","","85.00"
"BOSTICK","JOSEPH","joseph.bostick","18A","2024-04-24 13:17:30","Yes","92.40","184.00","","93.00","","91.00"
"BOYD","JUSTIN","justin.n.boyd","18D","2024-03-02 20:34:38","Yes","94.10","187.00","","95.00","","92.00"
"BUJOLD","JEAN-JAQUES","jjb_104@hotmail.com","18C","2024-05-13 12:50:17","Yes","93.30","278.50","91.50","93.00","","94.00"
"CANCEL","GUSTAVO","gustavo.j.cancel","18D","2024-03-06 20:20:39","Yes","91.50","185.00","","90.00","","95.00"
"CONSER","DAVID","david.conser","18C","2024-03-16 21:53:49","Yes","90.60","276.25","94.25","90.00","","92.00"
"COUGHLIN","NEAL","neal.coughlin","18D","2024-04-03 13:41:29","Yes","91.90","185.00","","91.00","","94.00"
"DEGRISTINA","ANTHONY","anthony.p.degristina","18D","2024-04-29 08:06:31","Yes","94.10","187.00","","95.00","","92.00"
"DENNIS","GEOFFREY","geoffrey.dennis1","18A","2024-04-24 13:17:30","Yes","91.70","183.00","","92.00","","91.00"
"DODD","ZEKE","zeke.dodd","18A","2024-05-10 11:38:19","Yes","94.20","190.00","","93.00","","97.00"
"DUNN","ANDREW","andrew.c.dunn14","18D","2024-04-28 17:33:33","Yes","90.20","182.00","","89.00","","93.00"
"DUVIELLA","ERIC","eric.duviella","18C","2024-03-06 09:23:33","Yes","92.90","279.75","92.75","92.00","","95.00"
"FISCHER","BETHANY","bethany.fischer","18D","2024-05-06 12:48:55","Yes","91.10","181.00","","92.00","","89.00"
"FITRAWAN","YUSFI","yusfi.fitrawan@gmail.com","18B","2024-04-02 22:56:53","Yes","88.10","175.00","","","89.00","86.00"
"GRIEDER","LUKE","luke.j.grieder","18D","2024-04-23 18:38:29","Yes","96.10","191.00","","97.00","","94.00"
"HARDEE","KATHLEEN","kathleen.hardee1","18C","2024-03-29 16:15:21","Yes","85.70","266.00","91.00","83.00","","92.00"
"HAVER","SHAYE","shaye.haver","18D","2024-03-06 22:02:29","Yes","95.00","190.00","","95.00","","95.00"
"HOOVER","JASON","jason.d.hoover","18A","2024-04-24 10:40:30","Yes","94.80","188.00","","96.00","","92.00"
"JONES","VICTORIA","victoria.a.jones2","18D","2024-05-07 07:31:57","Yes","90.20","182.00","","","89.00","93.00"
"JORDAN","PARKER","parker.jordan","18D","2024-05-02 06:18:10","Yes","94.60","190.00","","94.00","","96.00"
"LEE","UNNA","unna.r.lee","18A","2024-04-26 12:43:28","Yes","89.50","177.00","","91.00","","86.00"
"LEWIS","BRETT","brett.g.lewis","18D","2024-04-23 20:18:29","Yes","92.10","183.00","","93.00","","90.00"
"LYNCH","MEGAN","megan.m.lynch","18A","2024-04-25 11:03:31","Yes","91.30","183.00","","91.00","","92.00"
"MARSH","THOMAS","thomas.j.marsh2","18C","2024-03-06 20:46:36","Yes","92.20","270.00","88.00","94.00","","88.00"
"MATTESON","CHRISTOPHER","c.matteson","18B","2024-04-26 11:35:42","Yes","90.00","180.00","","90.00","","90.00"
"MCDONALD","CHRISTOPHER","chris.mcdonald1","18B","2024-04-28 16:29:30","Yes","87.10","177.00","","85.00","","92.00"
"MCGEE","IAN","gee.ian.mc","18C","2024-04-05 22:02:37","Yes","94.10","280.00","93.00","95.00","","92.00"
"MINNIE","CALEB","caleb.minnie","18C","2024-03-22 16:00:30","Yes","92.10","273.50","90.50","93.00","","90.00"
"MOONEY","JAMES","james.mooney7","18C","2024-03-06 23:39:29","Yes","94.20","277.75","91.75","96.00","","90.00"
"NELSON","THOMAS","thomas.d.nelson2","18B","2024-04-28 21:29:29","Yes","94.10","187.00","","95.00","","92.00"
"OKADA","LAUREN","lauren.okada","18B","2024-03-22 12:16:28","Yes","91.10","181.00","","","92.00","89.00"
"OLIVEIRA","TADEU","tadeuppo@gmail.com","18D","2024-04-15 11:18:56","Yes","93.20","188.00","","92.00","","96.00"
"OLSON","MICHAEL","michael.j.olson3","18B","2024-04-28 23:28:29","Yes","92.70","185.00","","","93.00","92.00"
"PARENTI","PHILIP","philip.parenti","18A","2024-04-26 06:10:31","Yes","95.00","190.00","","95.00","","95.00"
"PERDIGAO","JOHN","john.a.perdigao","18B","2024-05-06 14:01:57","Yes","92.70","185.00","","93.00","","92.00"
"ROBINSON","DANIEL","daniel.robinson12","18D","2024-03-22 14:58:33","Yes","87.90","177.00","","87.00","","90.00"
"RUSSELL","KENNETH","kenneth.russell5","18B","2024-04-29 08:20:33","Yes","94.10","187.00","","","95.00","92.00"
"RUTHERFORD","KEVIN","kevin.r.rutherford","18B","2024-03-06 07:46:33","Yes","94.30","189.00","","","94.00","95.00"
"SCHMIDT","CARL","carl.j.schmidt","18B","2024-03-25 09:23:29","Yes","94.00","188.00","","94.00","","94.00"
"SCHMITZ","JOSHUA","joshua.l.schmitz","18D","2024-05-03 11:27:56","Yes","86.30","173.00","","86.00","","87.00"
"SHIELDS","TERRENCE","terrence.shields1","18A","2024-05-09 06:40:15","Yes","95.10","189.00","","96.00","","93.00"
"SHOPTAUGH","BENJAMIN","benjamin.r.shoptaugh","18A","2024-05-30 11:31:58","Yes","88.40","180.00","","86.00","","94.00"
"SIMON","JACK","jack.e.simon","18C","2024-03-22 21:01:28","Yes","94.30","284.00","95.00","94.00","","95.00"
"THOMPSON","JONATHON","jonathon.thompson","18A","2024-04-02 13:17:56","Yes","90.80","180.00","","92.00","","88.00"
"THORNTON","AMANDA","amanda.n.thornton","18B","2024-03-23 09:55:29","Yes","94.80","188.00","","96.00","","92.00"
"TORRES","NICOLE","nicole.m.torres8","18C","2024-03-06 22:49:39","Yes","87.60","266.50","90.50","87.00","","89.00"
"TRAVERS","THOMAS","thomas.j.travers","18B","2024-05-08 15:04:34","Yes","94.40","188.00","","95.00","","93.00"
"TURI","MARIO","mario.d.turi","18C","2024-03-18 14:12:49","Yes","95.30","288.00","97.00","95.00","","96.00"
"VALENZUELA","JOSEPH","joseph.valenzuela1","18B","2024-06-02 20:55:13","Yes","90.20","182.00","","89.00","","93.00"
"WAKIYOU","ALAKI","willalaki123@gmail.com","18A","2024-05-14 09:28:14","Yes","90.00","180.00","","90.00","","90.00"
"WARD","ADAM","adam.k.ward","18D","2024-03-06 17:23:38","Yes","85.60","172.00","","85.00","","87.00"
"Workman","James","james.c.workman2","18A","2024-04-01 19:14:03","Yes","91.50","185.00","","90.00","","95.00"
"WU","DI","di.n.wu","18C","2024-04-10 14:31:12","Yes","89.00","268.50","90.50","89.00","","89.00"
"YOUNG","MARQUISE","quise.young","18C","2024-05-23 12:27:49","Yes","84.90","266.50","91.50","81.00","","94.00"
