﻿"Last Name","First Name","Username","Learner ID","Last Access","Availability","Weighted Total [Total Pts: up to 100 Percentage] |421922","Total [Total Pts: up to 400 Score] |421923","Mid-Point Individual Contribution to Group Learning (CTGL) (0%) [Total Pts: 100 Score] |421925","L400A1 Art of Command Essay Exam (Base) [Total Pts: 100 Score] |421939","L400A1 Art of Command Essay Exam (Non-MOS Option) [Total Pts: 100 Score] |421943","L400P Contribution to Group Learning [Total Pts: 100 Score] |421944"
"ACOSTAMATOS","MELVIN","melvin.acostamatos","06A","2024-03-28 13:46:03","Yes","92.305","281.15","95.00","91.15","","95.00"
"ALDERMAN","JULIE","julie.alderman","06D","2024-03-27 10:44:36","Yes","94.785","281.55","93.00","95.55","","93.00"
"ALDINGER","RUSSELL","russell.p.aldinger","06C","2024-04-29 08:28:31","Yes","92.555","274.35","90.70","93.65","","90.00"
"ALNAJEM","EBRAHIM","ealnajem86@outlook.com","06D","2024-06-05 21:53:58","Yes","95.85","281.50","92.00","97.50","","92.00"
"ARNOYS","MANUEL","manuel_arnoys@hotmail.com","06B","2024-06-01 15:53:12","Yes","98.33","291.90","96.00","98.90","","97.00"
"BARCOMB","THOMAS","thomas.barcomb","06D","2024-03-28 10:05:02","Yes","95.35","285.50","95.00","95.50","","95.00"
"BAWA'NEH","SHADI ADBELHALIM ABDALLA","shaddoy84@gmail.com","06A","2024-04-01 04:28:22","Yes","87.295","261.71","87.86","","87.85","86.00"
"BERRY","SHAWN","shawn.e.berry2","06A","2024-04-15 16:20:55","Yes","91.91","274.13","90.83","92.30","","91.00"
"BERZINA","IVETA","iveta79.il@gmail.com","06D","2024-03-27 10:49:30","Yes","92.965","277.95","92.00","92.95","","93.00"
"Bliley","Mitch","mitchell.bliley","06D","2024-03-28 10:42:19","Yes","95.61","284.30","94.00","96.30","","94.00"
"BOLDEN","JILL","jill.m.bolden","06C","2024-03-27 10:56:30","Yes","88.47","273.67","93.57","86.10","","94.00"
"BORGSTROEM","DANIEL C U","daniel.borgstroem@gmail.com","06C","2024-05-09 11:55:15","Yes","95.78","282.26","92.86","","97.40","92.00"
"BOURDEAU","MATTHEW","matthew.bourdeau","06A","2024-03-27 15:20:30","Yes","95.105","286.15","96.00","95.15","","95.00"
"BROWNJOHNSON","COTRENA","cotrena.y.brown","06B","2024-04-01 04:38:04","Yes","93.04","282.20","95.00","92.20","","95.00"
"CASTONGUAY","MORGAN","morgan.castonguay","06A","2024-04-13 20:51:56","Yes","99.10","293.00","96.00","100.00","","97.00"
"CORNELL","ROBERT","robert.b.cornell","06C","2024-04-29 11:37:31","Yes","92.535","272.34","89.29","94.05","","89.00"
"CRESCENCIO JUNIOR","ARMANDO","armecav@hotmail.com","06B","2024-03-27 10:26:36","Yes","94.47","283.10","95.00","95.10","","93.00"
"CUTLIP","SHANE","shane.cutlip","06A","2024-03-28 09:04:02","Yes","93.40","278.14","92.14","94.00","","92.00"
"DAIGLE","PETER","peter.m.daigle3","06B","2024-03-27 10:34:36","Yes","95.035","284.34","94.29","95.05","","95.00"
"DANG","HOANG ""DATA""","hoang.h.dang","06C","2024-04-02 16:07:56","Yes","97.975","289.25","95.00","99.25","","95.00"
"DE LA CRUZ","RONALD","ronald.delacruz1","06C","2024-05-09 15:56:15","Yes","92.40","274.70","90.70","93.00","","91.00"
"DEETER","CATHERINE","catherine.deeter","06D","2024-03-28 11:21:19","Yes","95.54","284.20","94.00","96.20","","94.00"
"DEROSA","MATTHEW","matthew.m.derosa2","06D","2024-03-28 09:36:19","Yes","95.92","280.60","91.00","97.60","","92.00"
"GALLAGHER","MATTHEW","matthew.gallagher6","06C","2024-03-29 11:20:14","Yes","95.275","282.39","93.14","","96.25","93.00"
"GLUTTING","NEAL","neal.f.glutting","06D","2024-03-27 10:55:32","Yes","93.985","283.55","95.00","93.55","","95.00"
"HAYNES","MICHAEL","michael.haynes6","06D","2024-03-28 10:02:19","Yes","90.48","275.40","93.00","89.40","","93.00"
"HOOKS","CHRISTOPHER","christopher.i.hooks","06B","2024-03-27 10:41:30","Yes","95.40","284.29","94.29","96.00","","94.00"
"HUSSEY","MICHAEL","michael.d.hussey","06C","2024-05-09 15:17:06","Yes","92.995","277.28","92.43","93.85","","91.00"
"HUSTED","CHAUNCEY","chauncey.husted","06B","2024-04-15 08:58:56","Yes","97.29","286.70","94.00","98.70","","94.00"
"JONES","SCOTT","scott.r.jones","06C","2024-04-30 14:56:32","Yes","96.015","286.45","95.00","96.45","","95.00"
"LAMPEN","JOSHUA","joshua.v.lampen","06D","2024-04-04 15:55:06","Yes","91.60","268.00","88.00","94.00","","86.00"
"LANE","WILLIAM","william.t.lane","06D","2024-05-16 06:46:20","Yes","96.085","286.55","95.00","96.55","","95.00"
"LOCKARD","PATRICK","patrick.lockard","06A","2024-03-28 10:38:03","Yes","95.47","283.67","93.57","96.10","","94.00"
"LUBINSKI","MICHAEL","michael.lubinski1","06B","2024-03-28 09:04:03","Yes","93.24","276.63","91.43","94.20","","91.00"
"MCLELLAN","JACOB","jacob.mclellan","06D","2024-04-04 15:33:06","Yes","94.30","284.00","95.00","94.00","","95.00"
"MEHR","JAMES","james.edward.mehr","06D","2024-04-03 14:36:53","Yes","95.575","285.25","95.00","96.25","","94.00"
"MEYER","BENJAMIN","benjamin.a.meyer","06B","2024-04-05 14:48:17","Yes","86.33","258.76","86.86","86.90","","85.00"
"MOORE","PAUL","paul.a.moore3","06B","2024-04-29 19:27:37","Yes","97.675","288.25","95.00","99.25","","94.00"
"NJEWA","JIMMY JIM","jimmynjewa@gmail.com","06A","2024-03-27 11:38:32","Yes","92.16","277.66","92.86","91.80","","93.00"
"NOLAND","JOEL","joel.p.noland","06B","2024-03-28 08:59:02","Yes","95.26","283.37","93.57","95.80","","94.00"
"OSTWALD","ABIGAIL","abigail.ostwald","06A","2024-05-30 07:03:30","Yes","92.11","278.30","93.00","91.30","","94.00"
"RIDDICK","JULIA","julia.k.steele","06C","2024-05-13 17:18:22","Yes","90.67","274.10","92.00","90.10","","92.00"
"RITNOPPAKUN","CHRISTOPHER","c.ritnoppakun","06A","2024-03-29 16:38:21","Yes","88.86","268.51","90.71","88.80","","89.00"
"RYAN","KEVIN","kevin.ryan13","06A","2024-04-16 21:42:57","Yes","88.385","265.84","89.29","88.55","","88.00"
"SCHERER","LUCAS","lucas.s.scherer","06D","2024-03-28 08:34:02","Yes","93.79","282.70","95.00","93.70","","94.00"
"SCHWARTZ","DEREK","derek.ryan.schwartz","06B","2024-03-27 12:19:32","Yes","92.67","280.10","94.00","92.10","","94.00"
"SPICKARD","MICHAEL","michael.spickard","06C","2024-04-17 13:21:55","Yes","91.265","275.75","92.80","90.95","","92.00"
"Stavros","DJay","djay.t.stavros","06A","2024-03-27 10:32:30","Yes","95.035","285.05","95.00","95.05","","95.00"
"STOUT","AARON","aaron.j.stout","06A","2024-03-27 10:24:30","Yes","94.70","283.00","94.00","95.00","","94.00"
"SWETT","ANDREA","andrea.l.swett","06B","2024-03-27 11:16:36","Yes","87.135","258.75","85.70","88.05","","85.00"
"TILLEY","SHARLENE","sharlene.i.tilley","06A","2024-06-05 08:18:14","Yes","91.60","266.00","86.00","94.00","","86.00"
"TOLAND","MICHAEL","michael.p.toland","06B","2024-05-06 18:26:57","Yes","94.825","283.75","94.00","94.75","","95.00"
"VANDERVORT","MAX","max.vandervort","06A","2024-03-28 17:10:03","Yes","93.98","280.40","93.00","94.40","","93.00"
"VANENGEL","JOANNA","joanna.m.vanengel","06B","2024-03-27 10:45:30","Yes","89.635","271.35","91.30","89.05","","91.00"
"WINGARD","JAMES","james.h.wingard","06C","2024-05-10 00:35:19","Yes","90.405","273.15","92.00","90.15","","91.00"
"WITKOWSKI","TOM","thomas.witkowski2","06C","2024-03-31 19:11:22","Yes","98.43","289.90","95.00","99.90","","95.00"
"WITTMEYER","COLLIN","collin.wittmeyer","06B","2024-03-30 22:42:04","Yes","92.39","279.99","94.29","91.70","","94.00"
"WOODS","STEVEN","steven.woods8","06C","2024-04-29 14:58:29","Yes","95.43","279.73","90.83","96.90","","92.00"
