﻿"Last Name","First Name","Username","Learner ID","Last Access","Availability","Weighted Total [Total Pts: up to 100 Percentage] |422175","Total [Total Pts: up to 400 Score] |422176","Mid-Point Individual Contribution to Group Learning (CTGL) (0%) [Total Pts: 100 Score] |422178","L400A1 Art of Command Essay Exam (Base) [Total Pts: 100 Score] |422192","L400A1 Art of Command Essay Exam (Non-MOS Option) [Total Pts: 100 Score] |422196","L400P Contribution to Group Learning [Total Pts: 100 Score] |422197"
"BIGGERSTAFF","TERRI","terri.a.biggerstaff","17C","2024-03-28 07:41:14","Yes","87.70","179.00","","","85.00","94.00"
"BOND","JAMES","james.m.bond1","17D","2024-05-02 09:47:10","Yes","98.50","195.00","","100.00","","95.00"
"Buchanan","Leon","leon.buchanan","17A","2024-03-31 14:04:04","Yes","95.30","191.00","","95.00","","96.00"
"CHAMBERS","JAMES","james.chambers12","17C","2024-05-16 04:53:20","Yes","88.50","179.00","","87.00","","92.00"
"DANIEL","TERESA","teresa.dennis","17D","2024-05-30 08:46:30","Yes","93.80","186.00","","95.00","","91.00"
"DIETZEN","AMANDA","amanda.dietzen","17A","2024-04-21 12:59:21","Yes","95.40","190.00","","96.00","","94.00"
"DYER","PAUL","paul.d.dyer","17A","2024-04-08 19:22:49","Yes","93.30","187.00","","93.00","","94.00"
"ELLIOTT","BRIAN","brian.k.elliott","17C","2024-03-27 19:41:31","Yes","87.80","178.00","","86.00","","92.00"
"ERICKSON","BRENT","brent.t.erickson","17D","2024-04-12 11:06:44","Yes","95.30","191.00","","95.00","","96.00"
"GALDO","GENEVIEVE","genevieve.afan","17B","2024-05-13 13:59:17","Yes","94.70","189.00","","95.00","","94.00"
"GAUGHAN","ERICA","erica.gaughan","17D","2024-04-26 13:39:32","Yes","91.30","183.00","","91.00","","92.00"
"GIBBONS","GREG","gregory.e.gibbons","17B","2024-03-27 20:41:32","Yes","97.10","193.00","","98.00","","95.00"
"GOOLD","PATRICK","patrick.s.goold","17A","2024-04-03 05:45:53","Yes","91.30","183.00","","91.00","","92.00"
"GRAF","JASON","jason.graf","17A","2024-03-27 19:26:32","Yes","92.70","185.00","","93.00","","92.00"
"GUTHRIE","DARRELL","darrell.j.guthrie","17A","2024-04-28 09:26:29","Yes","97.40","194.00","","98.00","","96.00"
"HART","ALAN","alan.hart1","17D","2024-05-30 14:18:58","Yes","97.90","193.00","","100.00","","93.00"
"HERRIDGE","KELSEY","kelsey.j.herridge","17B","2024-05-07 17:48:31","Yes","93.30","187.00","","93.00","","94.00"
"HERRINGTON","WILLIAM","brad.herrington","17B","2024-03-28 07:50:03","Yes","94.00","188.00","","94.00","","94.00"
"HIGGINS","CHRISTOPHER","christopher.higgins5","17A","2024-04-30 06:58:38","Yes","94.70","189.00","","95.00","","94.00"
"HOAR","STEPHEN","stephen.hoar","17B","2024-03-28 07:40:14","Yes","87.70","179.00","","85.00","","94.00"
"HOLZHEIMER","ANDREW","andrew.holzheimer","17D","2024-04-21 16:43:22","Yes","93.70","187.00","","94.00","","93.00"
"JAY","JONATHAN","jonathan.jay","17A","2024-03-28 07:35:14","Yes","88.80","180.00","","87.00","","93.00"
"KAUFMAN","DAVID","david.a.kaufman2","17C","2024-03-28 08:18:19","Yes","95.30","191.00","","95.00","","96.00"
"Kearney","Jada","jada.n.salahuddin","17A","2024-03-28 12:44:19","Yes","95.40","190.00","","96.00","","94.00"
"KETCHUM","MARK","mark.ketchum1","17C","2024-03-27 16:40:31","Yes","92.00","184.00","","92.00","","92.00"
"KNOWLTON","KARL","karl.knowlton","17A","2024-03-28 13:09:03","Yes","97.80","194.00","","99.00","","95.00"
"LANCIANO","JOSEPH","joe.lanciano","17C","2024-04-05 10:40:06","Yes","93.30","187.00","","93.00","","94.00"
"LANE","CURT","curt.lane","17C","2024-03-27 20:28:30","Yes","95.40","190.00","","96.00","","94.00"
"LEE","BRANDON","brandon.lee11","17A","2024-04-01 15:38:52","Yes","92.60","186.00","","92.00","","94.00"
"LOVAN","MICHAEL","michael.s.lovan","17D","2024-04-27 12:18:43","Yes","94.40","188.00","","95.00","","93.00"
"MADRIGAL","BRETT","brett.i.madrigal","17D","2024-04-19 09:44:12","Yes","94.00","188.00","","94.00","","94.00"
"MAKAR","STEPHEN","stephen.c.makar","17A","2024-03-27 10:43:36","Yes","87.10","177.00","","85.00","","92.00"
"MCGUINE","AUSTIN","austin.j.mcguine","17C","2024-03-27 19:47:31","Yes","92.60","186.00","","92.00","","94.00"
"MEYER","STEFANIE","stefanie.c.meyer","17C","2024-04-01 07:18:04","Yes","93.70","187.00","","94.00","","93.00"
"MILLER","KEVIN","kevin.slayton.miller","17D","2024-04-04 09:11:06","Yes","98.80","196.00","","100.00","","96.00"
"MUNOZ ESPARZA","BORIS NICOLAS","boris.munoz1@gmail.com","17C","2024-05-16 10:57:02","Yes","97.90","193.00","Needs Evaluation","100.00","","93.00"
"NOVO","ADAM","adam.novo","17C","2024-04-23 19:33:29","Yes","94.30","189.00","","94.00","","95.00"
"O'CONNELL","JONATHAN","jonathan.j.oconnell","17B","2024-04-02 10:27:27","Yes","94.80","188.00","","96.00","","92.00"
"PENA","NICHOLAS","nick.pena","17C","2024-05-19 17:50:08","Yes","96.50","191.00","","98.00","","93.00"
"PERIC","SINISA","pericnino@gmail.com","17D","2024-04-16 19:24:31","Yes","90.60","182.00","","","90.00","92.00"
"POWERS","JEREMIAH","jeremiah.j.powers","17B","2024-03-28 07:00:03","Yes","95.00","190.00","","95.00","","95.00"
"RICH","GREGORY","gregory.n.rich","17C","2024-04-04 18:19:06","Yes","90.50","183.00","Needs Evaluation","89.00","","94.00"
"RIDLEY","RUSTY","rusty.s.ridley","17A","2024-03-27 20:03:31","Yes","92.00","184.00","","92.00","","92.00"
"RINE","STEPHEN","stephen.rine","17B","2024-05-20 13:18:06","Yes","96.40","192.00","","97.00","","95.00"
"RISNER","DAKOTA","dakota.m.risner","17B","2024-04-11 13:45:46","Yes","94.70","189.00","","95.00","","94.00"
"RIVERA","FRANKLIN","franklin.rivera","17C","2024-03-27 19:24:30","Yes","92.30","185.00","Needs Evaluation","92.00","","93.00"
"Robinson","Christopher","chris.m.robinson","17B","2024-04-18 22:28:52","Yes","88.00","180.00","","85.00","","95.00"
"ROBINSON","TRISTAN","tristan.a.robinson","17D","2024-04-16 14:33:54","Yes","94.40","188.00","","95.00","","93.00"
"ROSALES","FRANCIS DE GUZMAN","ironman175me@gmail.com","17B","2024-03-27 16:32:36","Yes","92.80","184.00","","94.00","","90.00"
"SALCEDO","LEMUEL","lemuel.l.salcedohernandez","17B","2024-03-28 07:38:19","Yes","91.30","183.00","","91.00","","92.00"
"SARGEANT","DANIEL","daniel.g.sargeant","17D","2024-04-21 21:49:14","Yes","93.70","187.00","","94.00","","93.00"
"SERRATO","PATRICK","patrick.serrato","17C","2024-04-07 14:38:44","Yes","93.60","188.00","","93.00","","95.00"
"SHEEHY","CAMERON","cameron.n.sheehy","17B","2024-03-31 13:02:05","Yes","90.20","182.00","","89.00","","93.00"
"SIWINGWA","ALINANI","alinanisiwingwa@gmail.com","17A","2024-03-28 01:20:36","Yes","86.80","176.00","","85.00","","91.00"
"TREMBLAY","MELISSA","melissa.b.tremblay","17B","2024-05-31 19:19:05","Yes","97.40","194.00","","98.00","","96.00"
"VELASCO","NATALIE","natalie.velasco","17D","2024-04-26 11:00:42","Yes","88.80","180.00","","87.00","","93.00"
"Waheed","Ryan","khalid.r.waheed","17D","2024-04-21 21:33:14","Yes","94.30","189.00","","94.00","","95.00"
"WAINER","ERICK","erick.wainer","17B","2024-04-11 13:41:43","Yes","85.10","173.00","","83.00","","90.00"
