﻿"Last Name","First Name","Username","Learner ID","Last Access","Availability","Weighted Total [Total Pts: up to 100 Percentage] |421991","Total [Total Pts: up to 400 Score] |421992","Mid-Point Individual Contribution to Group Learning (CTGL) (0%) [Total Pts: 100 Score] |421994","L400A1 Art of Command Essay Exam (Base) [Total Pts: 100 Score] |422008","L400A1 Art of Command Essay Exam (Non-MOS Option) [Total Pts: 100 Score] |422012","L400P Contribution to Group Learning [Total Pts: 100 Score] |422013"
"ADAMS","AARON","aaron.a.adams1","09C","2024-03-07 11:37:24","Yes","87.935","177.05","","87.05","","90.00"
"ALEXIS","GRANT","grant.t.alexis","09D","2024-04-03 08:11:28","Yes","92.71","183.30","","94.30","","89.00"
"ALGHAREEB","MOHAMMAD A M KHI","q8trip89@gmail.com","09A","2024-04-01 21:13:56","Yes","82.745","168.55","","80.45","","88.10"
"ALPERT","ALEXANDER","alexander.alpert","09B","2024-04-25 10:40:31","Yes","87.00","178.00","","84.00","","94.00"
"BITCA","SIMION","bitcasimion@gmail.com","09C","2024-04-04 10:39:06","Yes","87.335","175.05","","87.05","","88.00"
"BLAIR","T.","taylor.blair","09A","2024-04-02 20:20:57","Yes","92.76","184.60","","93.45","","91.15"
"CLAYPOOL","EUGENE","ej.claypool","09D","2024-04-30 05:09:29","Yes","82.81","170.30","","79.30","","91.00"
"CRISE","ADAM","adam.m.crise","09A","2024-05-20 14:56:06","Yes","87.68","178.40","","85.40","","93.00"
"DRAKE","CHAD","chad.jamison.drake","09B","2024-04-25 10:43:31","Yes","84.19","171.10","","82.15","","88.95"
"DUBOSE","GREGORY","gregory.f.dubose","09D","2024-04-01 17:33:52","Yes","87.74","176.20","","87.20","","89.00"
"EGERTON","GAVIN","gav_egerton@hotmail.com","09B","2024-04-29 23:39:33","Yes","95.23","190.90","","94.90","","96.00"
"ENGEL","JESSICA","jessica.letarte","09C","2024-03-01 03:47:36","Yes","92.87","188.10","","91.10","","97.00"
"FAIRCHILD","SKYLAR","skylar.a.fairchild","09B","2024-04-01 18:43:03","Yes","86.58","177.40","","83.40","","94.00"
"FELICIANO-VELTZE","ALEXANDRA","alexandra.c.feliciano","09B","2024-04-02 06:13:52","Yes","83.85","173.50","","79.50","","94.00"
"FERGUSON","AARON","aaron.ferguson1","09A","2024-04-02 07:38:52","Yes","84.975","173.45","","82.35","","91.10"
"FRAZIER","LUKE","luke.frazier","09C","2024-04-02 07:41:52","Yes","85.90","173.00","","85.00","","88.00"
"FRAZIER","SALENA","salena.vang","09A","2024-04-08 08:33:45","Yes","80.45","163.50","","78.50","","85.00"
"GERDES","TYSON","tyson.gerdes","09A","2024-06-04 06:18:59","Yes","84.885","172.75","","82.65","","90.10"
"GRANT","PHILIP","philip.n.grant","09A","2024-02-28 11:20:41","Yes","82.755","170.25","Needs Evaluation","79.20","","91.05"
"HEIDEMAN","DUSTIN","dustin.g.heideman","09A","2024-03-28 10:47:14","Yes","89.62","179.00","","89.80","","89.20"
"HORNING","STEPHEN","stephen.horning","09D","2024-04-01 15:30:56","Yes","82.64","170.60","","78.65","","91.95"
"HORRELL","ALEXANDER","alexander.c.horrell","09B","2024-04-07 14:27:32","Yes","95.995","190.85","","96.85","","94.00"
"HUMPHREY","ROBBIE","robbie.humphrey","09C","2024-03-28 11:09:02","Yes","87.90","177.00","","87.00","","90.00"
"JACKSON","JORDAN","jordan.l.jackson","09C","2024-04-02 15:44:53","Yes","90.035","184.05","","87.05","","97.00"
"KEARNEY","ROBERT","robert.a.kearney2","09A","2024-04-01 16:25:02","Yes","87.035","175.85","","85.70","","90.15"
"KELLY","AMANDA","amanda.l.oleary","09D","2024-04-12 06:34:55","Yes","92.80","185.20","","93.10","","92.10"
"KIM","TAE HYUN","c15962@gmail.com","09B","2024-04-18 14:43:51","Yes","83.57","169.10","","82.10","","87.00"
"KOVITCH","TREVOR","trevor.kovitch","09B","2024-04-08 08:28:37","Yes","91.60","184.00","","91.00","","93.00"
"KRAEMER","DOUGLAS","douglas.p.kraemer","09B","2024-06-05 11:13:14","Yes","81.86","166.20","","80.00","","86.20"
"LACHGAR","ABDELHADI","imadilaf84@gmail.com","09A","2024-04-02 07:22:52","Yes","84.64","172.40","","82.30","","90.10"
"LEE","JESSICA","jessica.h.lee","09C","2024-04-19 00:28:12","Yes","87.335","175.05","","87.05","","88.00"
"LIKES","MATTHEW","matt.likes","09D","2024-04-01 13:35:27","Yes","86.01","175.50","","83.40","","92.10"
"LILLEY","DANIEL","daniel.d.lilley","09B","2024-04-02 07:47:52","Yes","87.10","177.00","","85.00","","92.00"
"LINDER","MICHAEL","micha.linder@gmx.de","09D","2024-04-16 17:31:31","Yes","89.035","178.65","","88.60","","90.05"
"MARSHALL","NATASHA","natasha.krupsky","09D","2024-04-02 10:28:52","Yes","86.31","175.90","","83.85","","92.05"
"MATHEWS","MITCHELL","mitchell.mathews","09D","2024-04-01 13:30:02","Yes","82.115","167.65","","79.55","","88.10"
"MCCREARY","STEVEN","steven.v.mccreary","09C","2024-05-07 15:15:33","Yes","88.035","180.05","","85.05","","95.00"
"MCKNIGHT","IAN","ian.e.mcknight","09C","2024-04-02 15:42:04","Yes","89.30","183.00","","86.00","","97.00"
"MILLS","RICHARD","richard.m.mills","09A","2024-04-02 07:50:03","Yes","94.365","185.35","Needs Evaluation","96.90","","88.45"
"MONTGOMERY","JESSE","jesse.i.montgomery","09D","2024-04-01 14:02:27","Yes","83.05","169.50","","80.50","","89.00"
"PARK","NICHOLAS","nicholas.e.park","09A","2024-04-17 11:37:31","Yes","86.24","175.20","","84.20","","91.00"
"RENO","BRYAN","bryan.s.reno","09D","2024-04-01 13:25:56","Yes","95.81","187.90","","98.60","","89.30"
"RICHARDS","PAUL","paul.d.richards","09D","2024-04-01 13:53:52","Yes","87.005","175.75","","85.70","","90.05"
"RODRIGUEZ","SERGIO","sergio.r.rodriguez","09B","2024-04-08 08:40:37","Yes","83.27","172.10","","79.10","","93.00"
"RUHL","JOHN","john.f.ruhl","09C","2024-04-05 08:27:06","Yes","86.90","175.00","","86.00","","89.00"
"SA","MINH NGOC","sangoc.vndpko@gmail.com","09D","2024-05-05 17:44:26","Yes","94.68","188.40","","95.40","","93.00"
"STRECK","KELLY","kelly.t.streck","09D","2024-04-01 13:33:27","Yes","85.615","175.45","","82.45","","93.00"
"TAYLOR","LAMAREN","lamaren.q.taylor","09C","2024-03-01 08:28:33","Yes","86.535","175.05","","85.05","","90.00"
"TINDALL","PAUL","paul.n.tindall","09C","2024-04-04 09:46:07","Yes","89.435","182.05","","87.05","","95.00"
"TRESNAK","MAX","max.j.tresnak","09B","2024-05-21 10:08:09","Yes","87.72","175.60","","87.60","","88.00"
"TURPIN","ANDREW","andrew.turpin","09D","2024-05-31 07:59:31","Yes","82.385","168.55","","79.55","","89.00"
"VASILIAUSKAS","EDVARDAS","edvardas.vasiliauskas@gmail.com","09C","2024-04-04 19:14:06","Yes","84.975","172.25","","83.25","","89.00"
"WALSH","JOSHUA","joshua.l.walsh","09A","2024-04-26 11:35:28","Yes","82.05","167.50","","79.50","","88.00"
"WALTERS","ALEXANDER","alexander.m.walters","09C","2024-04-04 13:08:07","Yes","86.27","174.10","","85.10","","89.00"
"WILSON","CARDIA","cardia.wilson","09B","2024-04-01 15:40:56","Yes","82.175","168.25","","79.25","","89.00"
"WOLFGANG","DUSTIN","dustin.wolfgang","09C","2024-05-03 21:02:12","Yes","87.635","176.05","","87.05","","89.00"
