﻿"Last Name","First Name","Username","Learner ID","Last Access","Availability","Weighted Total [Total Pts: up to 100 Percentage] |422060","Total [Total Pts: up to 400 Score] |422061","Mid-Point Individual Contribution to Group Learning (CTGL) (0%) [Total Pts: 100 Score] |422063","L400A1 Art of Command Essay Exam (Base) [Total Pts: 100 Score] |422077","L400A1 Art of Command Essay Exam (Non-MOS Option) [Total Pts: 100 Score] |422081","L400P Contribution to Group Learning [Total Pts: 100 Score] |422082"
"AL-HOUSNI","TARIQ ABDALLAH SALIM","tariqalhosnie84@gmail.com","12A","2024-04-02 14:19:53","Yes","83.00","170.00","","80.00","","90.00"
"AUGELLO","JOSEPH","joseph.augello","12C","2024-05-02 15:04:22","Yes","88.73","181.10","","86.00","","95.10"
"BARKER","JEFFREY","jeffrey.barker2","12C","2024-03-29 10:23:20","Yes","85.86","177.00","","81.90","","95.10"
"BEMENT","MICHELLE","susanne.bement","12B","2024-02-29 00:31:47","Yes","95.00","186.00","","98.00","","88.00"
"BOUVIER","MATTHEW","matthew.f.bouvier","12B","2024-02-29 06:25:48","Yes","90.04","182.40","Needs Evaluation","88.30","","94.10"
"BRINDLE","CLAIRE","claire.v.simpson","12A","2024-05-15 15:19:18","Yes","97.12","194.40","","97.00","","97.40"
"BUSS","BRADLEY","bradley.buss","12C","2024-03-29 18:54:04","Yes","93.75","188.50","","93.00","","95.50"
"CHANDLER","MELISSA","melissa.chandler3","12B","2024-04-29 16:27:29","Yes","87.85","177.50","Needs Evaluation","86.50","","91.00"
"CONLEY","JOHN","john.conley3","12A","2024-02-28 21:43:38","Yes","82.29","166.30","","81.00","","85.30"
"COPELAND","PATRICK","patrick.copeland","12A","2024-04-06 10:52:44","Yes","97.05","193.50","","97.50","","96.00"
"CORRIDAN","RYAN","ryan.p.corridan","12A","2024-04-01 14:18:27","Yes","88.51","178.50","","87.40","","91.10"
"COYNER","CATHERINE","catherine.a.wahlman","12D","2024-04-01 10:56:05","Yes","84.50","173.00","","81.50","","91.50"
"DAVIS","RACHEL","rachel.a.davis4","12C","2024-02-29 08:29:33","Yes","93.37","185.90","Needs Evaluation","94.00","","91.90"
"DOUGLAS","KYLE","kyle.raymond.douglas","12D","2024-04-02 12:35:56","Yes","92.74","183.80","","94.00","","89.80"
"Downing","David","david.c.downing","12A","2024-04-01 16:51:02","Yes","95.78","190.60","","96.50","","94.10"
"FATOOL","SAMUEL","samuel.fatool","12A","2024-04-22 07:11:47","Yes","95.90","191.00","","","96.50","94.50"
"Feldner","Jay","joseph.feldner","12D","2024-03-29 10:32:03","Yes","90.41","181.90","","89.60","","92.30"
"FOXWORTH","ANTHONY","anthony.l.foxworth","12B","2024-02-28 19:03:38","Yes","87.83","180.10","","84.50","","95.60"
"FREEMAN","VIDAL","vidal.l.freeman","12B","2024-04-30 09:25:34","Yes","94.59","187.30","","96.00","","91.30"
"GRIFFIN","BLAIRE","blaire.griffin","12C","2024-04-08 08:49:33","Yes","90.43","180.10","","91.00","","89.10"
"HAGGARD","KATHLEEN","kathleen.m.haggard","12B","2024-04-02 15:37:28","Yes","97.22","193.40","","98.00","","95.40"
"HIGGINS","SARA","sara.higgins","12A","2024-05-14 20:58:24","Yes","96.40","192.00","","97.00","","95.00"
"HUTTON","BRIAN","brian.j.hutton","12C","2024-04-23 19:57:29","Yes","91.89","184.30","Needs Evaluation","91.50","","92.80"
"IOTT","JUSTIN","justin.iott","12B","2024-04-28 15:51:29","Yes","95.39","191.30","","95.00","","96.30"
"LA GRAND","PIERRE","grandlapierre@gmail.com","12D","2024-04-02 12:21:56","Yes","95.61","189.90","","96.60","","93.30"
"LAWAL","SALMAN MOHAMMED","salmanlawal60rc@gmail.com","12A","2024-04-24 14:24:29","Yes","87.20","176.00","","86.00","","90.00"
"LEEMON","JAYNE","jayne.a.leemon","12D","2024-04-23 14:51:30","Yes","95.50","191.00","","95.50","","95.50"
"LIGON","JOHN","john.clayton.ligon","12A","2024-04-19 07:09:45","Yes","91.20","184.00","","90.00","","94.00"
"LIND","BRENDAN","brendan.lind","12B","2024-02-28 21:54:38","Yes","88.95","180.50","Needs Evaluation","87.00","","93.50"
"LYLE","ROBERT","robert.lyle1","12A","2024-03-30 19:23:04","Yes","91.97","183.90","","92.00","","91.90"
"LYNCH","DANIEL","daniel.c.lynch","12B","2024-04-16 13:50:54","Yes","93.67","186.90","","94.00","","92.90"
"MACH","JAKUB","mach.jakub@gmail.com","12B","2024-04-15 06:20:53","Yes","87.75","174.50","Needs Evaluation","88.50","","86.00"
"MANERA","GODFREY","godfrey.a.manera","12A","2024-05-14 15:35:08","Yes","80.45","165.50","","77.00","","88.50"
"MATECHIK","THOMAS","thomas.p.matechik","12B","2024-04-07 10:23:32","Yes","92.535","187.05","Needs Evaluation","91.05","","96.00"
"MATOCHA","GARY","gary.matocha","12C","2024-04-07 12:31:32","Yes","86.37","177.90","","82.50","","95.40"
"MCCARTHY","JAMES","james.j.mccarthy102","12C","2024-06-03 05:29:13","Yes","95.15","190.50","","95.00","","95.50"
"MCLANE","REBEKAH","rebekah.r.mclane","12D","2024-03-01 08:27:33","Yes","94.85","189.50","","95.00","","94.50"
"MIURA","KEN","kenmiurakm@gmail.com","12C","2024-06-03 21:37:59","Yes","97.24","192.80","","98.50","","94.30"
"OH","TIMOTHY","timothy.oh","12D","2024-04-13 10:28:56","Yes","89.07","176.90","","90.00","","86.90"
"OPP","BRIDGER","bridger.s.opp","12B","2024-04-29 09:17:29","Yes","94.30","189.00","Needs Evaluation","94.00","","95.00"
"PATTERSON","MATTHEW","matthew.e.patterson12","12D","2024-04-07 11:01:44","Yes","93.35","182.50","","96.50","","86.00"
"PHILLIPS","CASEY","casey.w.phillips","12D","2024-02-29 12:16:39","Yes","90.19","183.30","","88.00","","95.30"
"PITASSI","RYAN","ryan.j.pitassi","12A","2024-02-29 00:27:44","Yes","84.80","176.00","","80.00","","96.00"
"POLLARD","VAUGHN","vaughn.pollard","12C","2024-04-16 15:25:54","Yes","95.57","191.90","","95.00","","96.90"
"RISINGER","JACOB","jacob.risinger","12B","2024-04-22 09:31:53","Yes","93.88","187.60","","94.00","","93.60"
"RIVERA","JOSE","jose.rivera54","12A","2024-04-26 09:13:31","Yes","91.855","184.85","","91.00","","93.85"
"ROY","DANIEL","daniel.roy1","12C","2024-04-01 18:37:56","Yes","81.48","167.60","","78.00","","89.60"
"SAULNIER","STEPHEN","stephen.a.saulnier","12D","2024-04-02 16:05:28","Yes","83.57","171.90","","80.00","","91.90"
"SCALES","DONALD","donald.s.scales","12D","2024-04-02 23:26:28","Yes","82.59","171.30","Needs Evaluation","78.00","","93.30"
"SMITH","KENROY","kenroy.r.smith@gmail.com","12C","2024-05-29 08:53:10","Yes","91.25","181.50","","92.00","","89.50"
"SOPKIW","MARK","mark.sopkiw","12A","2024-04-01 11:02:05","Yes","93.35","186.50","","93.50","","93.00"
"THRASH","TIMOTHY","timothy.thrash","12D","2024-04-07 12:03:44","Yes","94.19","187.30","","95.00","","92.30"
"TRAVIS","HOWARD","travis.k.howard","12D","2024-04-03 06:33:28","Yes","88.89","178.30","","88.50","","89.80"
"VOGEL","JAKE","jacob.r.vogel","12C","2024-04-18 15:06:46","Yes","93.14","185.80","","93.50","","92.30"
"WALK","KOLIN","kolin.walk","12C","2024-04-02 12:27:04","Yes","91.77","183.90","","91.50","","92.40"
"WEBB","DAVID","david.webb16","12D","2024-04-21 10:26:14","Yes","97.72","194.40","","98.50","","95.90"
"WEST","ANDREW","andrew.p.west","12C","2024-04-20 12:11:13","Yes","88.275","178.85","Needs Evaluation","86.55","","92.30"
"WILLIS","BRANDON","brandon.j.willis2","12B","2024-04-15 08:51:56","Yes","91.48","183.60","Needs Evaluation","91.00","","92.60"
