﻿"Last Name","First Name","Username","Learner ID","Last Access","Availability","Weighted Total [Total Pts: up to 100 Percentage] |421865","Total [Total Pts: up to 400 Score] |421869","Mid-Point Individual Contribution to Group Learning (CTGL) (0%) [Total Pts: 100 Score] |421875","L400A1 Art of Command Essay Exam (Base) [Total Pts: 100 Score] |421893","L400A1 Art of Command Essay Exam (Non-MOS Option) [Total Pts: 100 Score] |421897","L400P Contribution to Group Learning [Total Pts: 100 Score] |421898"
"AFREH","PETER","affrehsika3606@gmail.com","04A","2024-04-04 20:53:06","Yes","91.80","178.00","","96.00","","82.00"
"AL-MAGSOOSI","ALHASAN MOHAMMED KADHIM","al1410@yahoo.com","04A","2024-05-13 10:17:08","Yes","88.34","178.20","","87.20","","91.00"
"ALDERMAN","NICHOLAS","nicholas.alderman","04B","2024-04-19 10:04:13","Yes","95.01","188.30","","96.30","","92.00"
"ANTHONY-HALL","JELESA","jelz.anthony","04B","2024-04-11 08:15:42","Yes","91.56","183.80","","91.05","","92.75"
"BAILEY","LANCE","lance.r.bailey","04A","2024-04-05 06:08:08","Yes","94.255","188.65","","94.15","","94.50"
"BAIN","JIMMY","james.bain1","04B","2024-04-04 15:31:06","Yes","87.82","174.60","","88.60","","86.00"
"BANCIC","KLEMEN","klemen.bancic@gmail.com","04C","2024-05-01 16:18:32","Yes","93.379","185.33","","94.45","","90.88"
"BERGEMAN","BRIAN","brian.m.bergeman","04C","2024-04-09 11:18:54","Yes","88.009","179.23","","85.60","","93.63"
"BERMAN","SHERLYN","sherlyn.alcoran","04C","2024-03-06 13:54:38","Yes","88.349","178.43","","87.05","","91.38"
"Biggs","Tone","tone.biggs","04C","2024-04-04 18:29:07","Yes","94.334","186.98","","95.60","","91.38"
"BROWN","MIA","mia.c.williams1","04C","2024-04-04 13:40:16","Yes","87.974","177.18","","87.05","","90.13"
"BURNSHIRE","KOBEE","kobee.burnshire","04B","2024-04-16 17:08:57","Yes","94.255","188.65","","94.15","","94.50"
"BURRILL WESTMAN","SAMANTHA","samantha.j.burrillwestman","04A","2024-06-03 15:37:59","Yes","80.71","165.30","","77.80","","87.50"
"CARLSON","ERIK","erik.h.carlson2","04C","2024-04-04 18:01:11","Yes","91.50","183.00","","91.50","","91.50"
"CASH","RYAN","ryan.d.cash","04D","2024-04-09 12:26:37","Yes","86.70","173.00","","87.00","","86.00"
"CASTILLO","JOE","joe.c.castillo","04B","2024-05-23 11:16:49","Yes","87.264","174.88","","87.00","","87.88"
"CHAPMAN","MATTHEW","matthew.b.chapman","04C","2024-04-07 15:55:35","Yes","95.385","189.55","","96.30","","93.25"
"CLEMENTS","JOHN (EDDIE)","john.e.clements8","04D","2024-04-04 14:24:07","Yes","90.024","181.68","","88.80","","92.88"
"CLODFELTER","WILLIAM","william.h.clodfelter3","04A","2024-04-09 11:00:54","Yes","94.404","187.08","Needs Evaluation","95.70","","91.38"
"CONNER","JUSTINE","justine.conner","04C","2024-05-30 11:03:30","Yes","92.969","186.03","","92.90","","93.13"
"DILLER","NATHAN","nathan.e.diller","04B","2024-04-04 18:26:06","Yes","92.824","186.68","","92.05","","94.63"
"DONOVAN","MICHAEL","michael.z.donovan","04B","2024-04-22 09:29:47","Yes","93.929","186.83","","94.70","","92.13"
"DORJGOTOV","DORJDAVAA","ddorjdavaa87@gmail.com","04D","2024-04-26 14:15:42","Yes","85.244","169.28","","86.15","","83.13"
"EASTMAN","PHILIPP","philipp.eastman","04A","2024-04-05 13:20:08","Yes","92.739","185.13","","93.00","","92.13"
"EVANS","ALLISON","allison.j.evans","04D","2024-04-18 13:55:45","Yes","95.27","190.10","","95.60","","94.50"
"FRANK","MATTHEW","matthew.r.frank2","04B","2024-04-05 10:43:06","Yes","90.66","181.80","","90.30","","91.50"
"FUREY","LYLA","lyla.a.furey","04B","2024-04-28 15:37:44","Yes","91.734","183.98","","91.35","","92.63"
"GATTIE","DAVID","david.j.gattie","04C","2024-05-21 17:24:22","Yes","90.16","181.80","","89.05","","92.75"
"GLEGHORN","KYLE","kyle.d.gleghorn","04C","2024-04-22 08:54:53","Yes","86.325","171.75","","87.00","","84.75"
"GOTAME","UJJWAL","5516ujjwal@gmail.com","04B","2024-04-27 16:45:30","Yes","95.894","189.78","","97.40","","92.38"
"HASANAJ","BLERAND","blerand@gmail.com","04D","2024-04-12 08:54:41","Yes","86.885","175.55","","85.55","","90.00"
"JONES","CODY","cody.m.jones","04B","2024-04-04 14:52:06","Yes","95.16","189.80","","95.55","","94.25"
"KAVA","ROBERT","robert.kava1","04D","2024-04-04 13:56:06","Yes","92.21","186.30","","90.80","","95.50"
"KLEIN","CHRISTOPHER","christopher.klein5","04D","2024-05-07 13:51:28","Yes","91.694","183.78","","91.40","","92.38"
"KNOTT","AARON","aaron.d.knott","04A","2024-04-05 12:54:17","Yes","88.639","178.13","Needs Evaluation","88.00","","90.13"
"LIBRANDE","JOSEPH","joseph.d.librande","04A","2024-04-10 12:37:12","Yes","92.515","185.45","","92.20","","93.25"
"LOFTUS","CASSONDRA","cassondra.dick","04A","2024-04-04 17:46:06","Yes","88.274","177.18","","87.80","","89.38"
"LOWE","ZACHARY","zachary.d.lowe","04B","2024-05-25 17:04:19","Yes","87.924","175.68","","88.05","","87.63"
"LOXSOM","JAMES","james.loxsom","04D","2024-04-21 13:31:21","Yes","90.054","179.58","","90.45","","89.13"
"MAGALLANES","ANTHONY","anthony.f.magallanes","04A","2024-04-05 08:11:08","Yes","82.405","167.15","Needs Evaluation","80.65","","86.50"
"MAKOSKI","CARSON","carson.a.makoski","04D","2024-04-04 14:05:07","Yes","94.069","188.03","","94.15","","93.88"
"MARCINIAK","ERWIN","erwin.marciniak","04A","2024-04-05 13:38:17","Yes","91.629","183.83","","91.20","","92.63"
"MCFADDEN","BRANDON","brandon.mcfadden","04A","2024-04-17 09:45:59","Yes","88.16","178.80","","86.30","","92.50"
"MEIER","JOSEPH","joseph.s.meier","04A","2024-06-02 00:06:57","Yes","94.475","188.25","","95.00","","93.25"
"MIZEAD","ABDULLA","abdulla.a.mizead","04A","2024-04-10 16:49:12","Yes","91.935","185.05","","91.05","","94.00"
"MUELLER","ANDREW","andrew.r.mueller","04C","2024-05-06 15:33:55","Yes","92.419","185.53","","91.90","","93.63"
"PETERSON","DAVID","david.meade.peterson","04D","2024-04-24 20:04:29","Yes","90.989","182.63","","90.50","","92.13"
"PORTO","FELICITY","felicity.a.porto","04B","2024-05-02 13:14:55","Yes","84.294","172.78","","81.15","","91.63"
"REYNOLDS","JEREMY","jeremy.j.reynolds2","04D","2024-06-03 05:34:13","Yes","92.929","186.83","","92.20","","94.63"
"SAHAGUN","DANIEL","daniel.j.sahagun","04A","2024-05-06 07:32:26","Yes","93.85","186.50","","94.75","","91.75"
"SERRANO","JEWLIANNA","jewlianna.m.serrano","04D","2024-04-29 10:40:31","Yes","95.634","189.98","","96.60","","93.38"
"SMAJD","ANDREW","andrew.smajd","04C","2024-04-09 14:12:50","Yes","93.844","187.28","","94.15","","93.13"
"SWINDELL","SCOTT","scott.h.swindell","04D","2024-05-21 16:18:18","Yes","81.275","168.25","","77.00","","91.25"
"TERTERYAN","ANDRANIK","andranikterteryan95@gmail.com","04B","2024-04-05 12:42:06","Yes","80.375","161.25","","80.00","","81.25"
"WALTERS","JOSEPH","joseph.walters5","04C","2024-04-09 12:03:37","Yes","94.009","188.23","","93.85","","94.38"
"WERNER","LUCAS","lucas.a.werner","04D","2024-04-05 10:52:17","Yes","94.084","188.48","","93.85","","94.63"
"YOUNG","RILEY","riley.young3","04D","2024-04-06 13:01:32","Yes","95.61","189.30","","97.05","","92.25"
"ZWEIFEL","MICHAEL","michael.a.zweifel","04C","2024-05-21 11:14:09","Yes","92.315","185.45","","91.70","","93.75"
