﻿"Last Name","First Name","Username","Learner ID","Last Access","Availability","Weighted Total [Total Pts: up to 100 Percentage] |421830","Total [Total Pts: up to 500 Score] |421831","Mid-Point Individual Contribution to Group Learning (CTGL) (0%) [Total Pts: 100 Score] |421833","L400A1 Art of Command Essay Exam (Base) [Total Pts: 100 Score] |421847","L400A1 Art of Command Essay Exam (Non-MOS Option) [Total Pts: 100 Score] |421851","L400P Contribution to Group Learning [Total Pts: 100 Score] |421852","L400 Remediation exam [Total Pts: 100 Score] |432954"
"AARON","BURDT","aaron.r.burdt","02A","2024-05-23 12:18:06","Yes","88.29","268.30","90.00","87.00","","91.30",""
"ABLES","MITCHELL","mitchell.ables","02C","2024-05-16 08:31:15","Yes","90.024","277.08","94.40","88.05","","94.63",""
"ABNEY","JAMES","james.h.abney","02C","2024-06-03 06:11:32","Yes","86.429","272.83","95.00","82.70","","95.13",""
"ANDRADE","DERRICK","derrick.r.andrade","02B","2024-04-02 14:48:53","Yes","91.27","184.10","","","90.10","94.00",""
"BAIERLEIN","MICHAEL","michael.j.baierlein","02A","2024-05-27 20:05:20","Yes","92.29","280.50","94.80","91.45","","94.25",""
"BARLEY","MICAH","micah.barley","02D","2024-04-02 15:51:04","Yes","90.205","183.15","","88.15","","95.00",""
"BEARD","LEVI","levi.t.beard","02A","2024-06-05 08:38:33","Yes","97.035","194.05","","97.05","","97.00",""
"BEDEL","JOSHUA","joshua.r.bedel","02B","2024-05-14 15:28:08","Yes","95.825","191.75","","95.75","","96.00",""
"BENSON","GATES","gates.b.benson","02B","2024-05-15 09:55:09","Yes","91.124","183.68","","90.05","","93.63",""
"BLONIARZ","MARK","mark.bloniarz","02D","2024-05-16 06:28:20","Yes","87.664","177.48","","86.05","","91.43",""
"BROOKS","QUINTON","quinton.k.brooks","02C","2024-05-27 14:09:20","Yes","95.684","285.48","96.00","97.10","","92.38",""
"BUCKLEY","JOHN","john.buckley7","02C","2024-03-06 19:40:36","Yes","86.09","270.10","92.40","81.95","","95.75",""
"BURDICK","JANA","jana.m.burdick","02B","2024-05-30 14:43:30","Yes","94.589","188.63","","95.00","","93.63",""
"CLINTON","MELLORIE","mellorie.clinton","02D","2024-05-14 22:37:18","Yes","91.079","185.33","Needs Evaluation","88.70","","96.63",""
"COLEMAN","JOSHUA","joshua.a.coleman","02A","2024-05-15 07:04:15","Yes","92.355","185.65","","91.65","","94.00",""
"COLLOT d' ESCURY","LOUIS-HENRI","lh.collotdescury@gmail.com","02B","2024-05-16 07:51:21","Yes","94.875","188.25","Needs Evaluation","96.00","","92.25",""
"CRUSSELLE","CHRISTOPHER","chris.crusselle","02A","2024-05-14 16:13:15","Yes","93.17","287.10","98.00","91.10","","98.00",""
"CUTSINGER","DAVID","david.cutsinger","02C","2024-04-02 16:15:28","Yes","84.24","258.80","88.60","82.95","","87.25",""
"DE LA O","ALEXANDRA","alexandra.delao","02D","2024-05-29 16:07:56","Yes","87.012","175.24","","86.10","","89.14",""
"FLESHER","ANDREW","andrew.d.flesher2","02C","2024-05-21 07:28:07","Yes","90.18","281.40","97.00","87.15","","97.25",""
"GROTELUESCHEN","LUKE","luke.grotelueschen","02B","2024-05-24 10:34:50","Yes","96.505","193.15","","96.40","","96.75",""
"GUTIERREZ","MELANIE","melanie.e.flege","02D","2024-04-02 15:27:04","Yes","87.35","176.50","","86.00","","90.50",""
"HEYWARD","CHRISTOPHER","christopher.t.heyward","02C","2024-05-21 08:04:09","Yes","82.334","262.48","92.50","78.35","","91.63",""
"HILEMAN","HARRY","harry.hileman","02B","2024-04-04 17:59:07","Yes","82.08","166.40","","80.40","","86.00",""
"HOYING","PHILLIP","phillip.hoying","02C","2024-05-28 17:48:21","Yes","96.81","289.30","96.00","97.05","","96.25",""
"HUGHES","MATTHEW","matthew.t.hughes2","02A","2024-05-28 17:51:21","Yes","88.539","179.13","","87.00","","92.13",""
"IVAS","JEFFREY","jeffrey.ivas","02D","2024-04-02 15:38:28","Yes","94.435","190.05","Needs Evaluation","93.55","","96.50",""
"KENNEDY","HEATH","heath.a.kennedy","02D","2024-04-02 15:15:56","Yes","84.141","173.67","Needs Evaluation","80.10","","93.57",""
"KERR","ALAN","alan.k.kerr","02B","2024-04-18 19:56:45","Yes","88.85","180.50","","86.75","","93.75",""
"KROLICKI","ANDREW","andrew.j.krolicki","02C","2024-04-23 08:21:30","Yes","94.785","284.55","96.00","95.55","","93.00",""
"LANKFORD","ZACHARY","zachary.p.lankford","02A","2024-05-21 16:41:18","Yes","90.114","181.38","","89.25","","92.13",""
"LUGO","MANUEL","manuel.lugo","02B","2024-05-29 13:11:56","Yes","84.01","173.30","Needs Evaluation","80.05","","93.25",""
"MAIN","RICHARD","clint.main","02D","2024-05-14 17:53:08","Yes","88.914","180.38","","87.00","","93.38",""
"MAZZOLA","MARISSA","marissa.l.mazzola","02C","2024-05-20 18:33:17","Yes","90.11","275.70","93.40","88.55","","93.75",""
"MCCANN","MICHAEL","michael.mccann1","02A","2024-04-02 14:47:53","Yes","92.43","186.90","","90.90","","96.00",""
"MOOREHOUSE","MELISSA","melissa.a.moorehouse","02A","2024-04-08 16:26:54","Yes","93.634","186.98","","93.85","","93.13",""
"MOUHKTAR","MOHAMED","mohamed.f.mouhktar","02B","2024-05-16 12:58:15","Yes","95.764","191.88","Needs Evaluation","95.50","","96.38",""
"OECHSEL","MATTHEW","matthew.c.oechsel","02B","2024-04-11 19:50:43","Yes","92.41","183.30","","93.55","","89.75",""
"OMAR","MAHAMOUD HOUSSEIN","mahamoudpom25@hotmail.com","02D","2024-04-02 18:01:28","Yes","82.505","168.15","","80.15","","88.00",""
"PARKER","WILLIAM","william.parkeriv","02C","2024-05-31 12:26:05","Yes","82.27","263.90","93.00","77.50","","93.40",""
"PHAM","ANNE","anne.m.pham@gmail.com","02C","2024-05-29 07:27:10","Yes","86.259","174.73","","84.60","","90.13",""
"POST","TOBIAS","tobiaspost1@gmail.com","02D","2024-06-05 07:10:58","Yes","96.295","192.85","Needs Evaluation","96.10","","96.75",""
"QUINTANA","DENISE","denise.y.quintana","02C","2024-05-17 06:49:03","Yes","94.491","283.67","94.30","94.20","","95.17",""
"RAGEH","MOSTAFA ELDESOKEY MAHMOUD","mostafarageh28@yahoo.com","02A","2024-06-02 10:01:57","Yes","26.439","168.33","","0.00","","88.13","80.20"
"RAMOS","CHRISTINA","christina.l.ramos","02A","2024-05-15 19:34:16","Yes","92.28","185.40","","91.65","","93.75",""
"ROBERTS","ANDREW","andrew.roberts14","02C","2024-04-02 16:13:28","Yes","85.28","266.40","92.00","82.40","","92.00",""
"ROBISHAW","SEAN","sean.robishaw","02B","2024-05-15 07:56:15","Yes","88.934","179.98","","87.35","","92.63",""
"SANDOVAL","JULIA","julia.k.sandoval","02B","2024-05-31 12:36:31","Yes","91.199","183.93","","90.05","","93.88",""
"SHEPARD","CAREY","carey.w.shepard","02B","2024-04-02 16:54:56","Yes","93.37","187.10","","","93.10","94.00",""
"TARRIO","ARNALDO","arnaldo.tarrio","02D","2024-05-14 22:57:15","Yes","86.095","174.85","Needs Evaluation","84.10","","90.75",""
"TAYLOR","CORNELIUS","cornelius.taylor2","02A","2024-05-16 08:30:02","Yes","83.785","169.55","","82.30","","87.25",""
"THOMAS","SEAN","sean.r.thomas","02D","2024-04-10 15:29:50","Yes","94.835","190.05","","94.55","","95.50",""
"VASILEV","RADOSLAV","vasilev326@gmail.com","02A","2024-05-17 02:11:03","Yes","87.894","268.78","91.00","86.40","","91.38",""
"WATERMAN","SAMUEL","samuel.h.waterman","02C","2024-05-16 12:06:02","Yes","90.934","281.58","96.00","88.15","","97.43",""
"YARDLEY","CONOR MCEWAN","conor.yardley@gmail.com","02B","2024-05-15 07:46:18","Yes","90.494","183.78","","88.40","","95.38",""
