﻿"Last Name","First Name","Username","Learner ID","Last Access","Availability","Total [Total Pts: up to 400 Score] |403730","Weighted Total [Total Pts: up to 100 Percentage] |403732","Mid-Point CTGL (0%) [Total Pts: 100 Score] |403734","L100A1 Take Home Essay Exam (60%) [Total Pts: 100 Score] |403745","L100A2 CTGL (30%) [Total Pts: 100 Score] |403758","L100A3 Critical Leadership Problem Identification (10%) [Total Pts: 100 Score] |403759"
"AARON","BURDT","aaron.r.burdt","02A","2023-12-12 08:35:03","Yes","264.45","85.65","","81.05","93.40","90.00"
"ABLES","MITCHELL","mitchell.ables","02C","2024-06-05 11:58:33","Yes","263.90","87.00","","84.70","91.30","87.90"
"ABNEY","JAMES","james.h.abney","02C","2023-12-01 07:33:32","Yes","275.00","88.86","Needs Evaluation","85.20","93.80","96.00"
"ANDRADE","DERRICK","derrick.r.andrade","02B","2024-06-03 05:57:57","Yes","262.08333","86.48333","","84.15","91.00","86.93333"
"BAIERLEIN","MICHAEL","michael.j.baierlein","02A","2024-03-01 21:06:40","Yes","280.78333","95.66333","","96.65","96.30","87.83333"
"BARLEY","MICAH","micah.barley","02D","2023-12-27 14:34:07","Yes","262.70","83.76","","78.50","91.20","93.00"
"BEARD","LEVI","levi.t.beard","02A","2024-05-08 08:29:34","Yes","283.75","93.05","","91.75","94.00","98.00"
"BEDEL","JOSHUA","joshua.r.bedel","02B","2024-03-02 10:12:40","Yes","281.70","92.01","","90.00","94.20","97.50"
"BENSON","GATES","gates.b.benson","02B","2023-12-01 10:51:32","Yes","275.90","88.55","","84.60","93.30","98.00"
"BLONIARZ","MARK","mark.bloniarz","02D","2024-05-28 06:01:09","Yes","251.58333","80.94833","","75.50","90.20","85.88333"
"BROOKS","QUINTON","quinton.k.brooks","02C","2024-02-26 13:53:50","Yes","278.80","90.07","","87.10","93.20","98.50"
"BRUNDIDGE","JOSEPH","joseph.g.brundidge","20A","2023-12-01 14:57:02","Yes","287.90","93.97","","92.00","95.90","100.00"
"BUCKLEY","JOHN","john.buckley7","02C","2023-12-01 08:59:32","Yes","277.25","89.76","Needs Evaluation","85.95","95.30","96.00"
"BURDICK","JANA","jana.m.burdick","02B","2024-05-30 14:43:30","Yes","280.45","90.06","","85.75","95.70","99.00"
"CLINTON","MELLORIE","mellorie.clinton","02D","2024-01-11 20:40:10","Yes","266.23333","88.55333","Needs Evaluation","87.10","91.90","87.23333"
"COLEMAN","JOSHUA","joshua.a.coleman","02A","2024-04-05 18:04:34","Yes","279.30","90.42","Needs Evaluation","88.10","92.20","99.00"
"COLLOT d' ESCURY","LOUIS-HENRI","lh.collotdescury@gmail.com","02B","2023-12-13 22:32:02","Yes","273.30","87.59","","84.00","91.30","98.00"
"CRUSSELLE","CHRISTOPHER","chris.crusselle","02A","2024-03-27 18:30:31","Yes","282.40","93.16","","91.40","96.10","94.90"
"CUTSINGER","DAVID","david.cutsinger","02C","2024-03-05 18:11:32","Yes","258.63333","82.15333","","76.50","90.20","91.93333"
"DE LA O","ALEXANDRA","alexandra.delao","02D","2024-03-07 18:18:25","Yes","259.65","86.055","","85.10","87.70","86.85"
"FLESHER","ANDREW","andrew.d.flesher2","02C","2023-12-01 08:16:32","Yes","266.23333","86.77333","Needs Evaluation","82.90","93.50","89.83333"
"GROTELUESCHEN","LUKE","luke.grotelueschen","02B","2024-03-05 15:15:53","Yes","286.05","95.17","","95.05","95.20","95.80"
"GUTIERREZ","MELANIE","melanie.e.flege","02D","2024-02-26 12:15:41","Yes","262.38333","87.74333","Needs Evaluation","87.05","89.90","85.43333"
"HAYWARD","COLLIN","collin.j.hayward","20A","2023-11-30 16:31:24","Yes","256.31458","84.56145","","80.10","94.40","81.81458"
"HEYWARD","CHRISTOPHER","christopher.t.heyward","02C","2023-12-01 10:15:32","Yes","269.90","84.77","","78.00","93.90","98.00"
"HILEMAN","HARRY","harry.hileman","02B","2024-03-17 15:29:06","Yes","256.78333","85.32833","","82.90","91.00","82.88333"
"HOYING","PHILLIP","phillip.hoying","02C","2024-04-04 15:25:06","Yes","276.95","93.22","","93.05","95.00","88.90"
"HUGHES","MATTHEW","matthew.t.hughes2","02A","2024-06-02 13:36:31","Yes","256.99792","85.69979","","83.20","92.00","81.79792"
"IVAS","JEFFREY","jeffrey.ivas","02D","2023-12-04 23:48:03","Yes","281.15","92.52","","92.25","91.40","97.50"
"KENNEDY","HEATH","heath.a.kennedy","02D","2024-03-06 12:03:38","Yes","273.20","88.30","Needs Evaluation","84.80","92.90","95.50"
"KERR","ALAN","alan.k.kerr","02B","2024-04-18 19:56:45","Yes","261.73583","86.72858","","83.95","92.90","84.88583"
"KROLICKI","ANDREW","andrew.j.krolicki","02C","2024-03-12 13:19:48","Yes","267.00","86.08","","81.80","92.40","92.80"
"LANKFORD","ZACHARY","zachary.p.lankford","02A","2023-12-03 14:50:33","Yes","255.02083","83.00208","","78.20","92.00","84.82083"
"LUGO","MANUEL","manuel.lugo","02B","2024-06-02 18:26:13","Yes","255.63333","81.04333","","73.80","92.90","88.93333"
"MAIN","RICHARD","clint.main","02D","2024-04-02 15:22:28","Yes","270.60","86.85","Needs Evaluation","82.50","92.70","95.40"
"MAZZOLA","MARISSA","marissa.l.mazzola","02C","2024-05-20 18:36:06","Yes","276.79","90.404","","88.25","93.00","95.54"
"MCCANN","MICHAEL","michael.mccann1","02A","2024-01-01 22:26:26","Yes","278.00","91.43","","90.10","92.90","95.00"
"Miller_PreviewUser","Billy","billy.miller1_previewuser",,"2023-10-28 14:52:55","Yes","","","","","",""
"MOOREHOUSE","MELISSA","melissa.a.moorehouse","02A","2024-05-01 22:32:32","Yes","265.05","83.67","Needs Evaluation","77.85","91.20","96.00"
"MOUHKTAR","MOHAMED","mohamed.f.mouhktar","02B","2024-04-10 17:15:12","Yes","288.65","96.59","","97.25","95.50","95.90"
"NIELSEN","JEFFREY","jeffrey.nielsen1","20A","2023-12-02 14:30:02","Yes","274.80","90.50","Needs Evaluation","88.20","94.60","92.00"
"OECHSEL","MATTHEW","matthew.c.oechsel","02B","2024-04-11 19:49:43","Yes","265.20","87.71","","87.10","88.20","89.90"
"OMAR","MAHAMOUD HOUSSEIN","mahamoudpom25@hotmail.com","02D","2024-03-05 19:20:25","Yes","257.80","83.36","Needs Evaluation","80.00","87.90","89.90"
"PARKER","WILLIAM","william.parkeriv","02C","2024-05-31 12:26:05","Yes","248.56667","80.36666","","76.30","86.80","85.46667"
"PHAM","ANNE","anne.m.pham@gmail.com","02C","2023-11-30 17:44:32","Yes","253.26458","83.88645","","81.60","88.80","82.86458"
"POST","TOBIAS","tobiaspost1@gmail.com","02D","2024-02-26 09:52:00","Yes","282.10","92.36","Needs Evaluation","91.10","93.00","98.00"
"QUINTANA","DENISE","denise.y.quintana","02C","2024-03-25 15:40:35","Yes","279.30","90.81","","88.40","93.40","97.50"
"RAGEH","MOSTAFA ELDESOKEY MAHMOUD","mostafarageh28@yahoo.com","02A","2024-01-07 20:26:42","Yes","245.75","81.055","","78.00","87.40","80.35"
"RAMOS","CHRISTINA","christina.l.ramos","02A","2024-04-13 13:50:48","Yes","256.51667","83.22166","","78.50","91.60","86.41667"
"ROBERTS","ANDREW","andrew.roberts14","02C","2024-03-20 11:24:50","Yes","275.80","87.67","","83.10","92.70","100.00"
"ROBISHAW","SEAN","sean.robishaw","02B","2024-04-19 15:15:45","Yes","264.31667","87.38166","","85.50","91.00","87.81667"
"SANDOVAL","JULIA","julia.k.sandoval","02B","2024-05-10 09:10:16","Yes","274.50","88.65","","85.00","93.50","96.00"
"SHEPARD","CAREY","carey.w.shepard","02B","2024-01-02 04:44:23","Yes","280.45","91.84","","90.35","93.10","97.00"
"STORM","JOSHUA","joshua.ryan.storm","20A","2024-05-15 08:57:18","Yes","289.60","95.87","Needs Evaluation","95.30","96.30","98.00"
"TARRIO","ARNALDO","arnaldo.tarrio","02D","2024-02-28 08:35:37","Yes","266.55","85.425","Needs Evaluation","81.10","91.10","94.35"
"TAYLOR","CORNELIUS","cornelius.taylor2","02A","2023-12-03 17:47:33","Yes","245.05","81.325","","80.00","84.10","80.95"
"THOMAS","SEAN","sean.r.thomas","02D","2023-12-01 08:18:32","Yes","268.00","87.44","","83.80","93.70","90.50"
"VASILEV","RADOSLAV","vasilev326@gmail.com","02A","2024-03-18 09:32:05","Yes","259.40","84.72","","81.00","91.40","87.00"
"WATERMAN","SAMUEL","samuel.h.waterman","02C","2024-02-27 10:40:46","Yes","275.65","90.145","Needs Evaluation","86.40","96.90","92.35"
"YARDLEY","CONOR MCEWAN","conor.yardley@gmail.com","02B","2024-03-25 08:27:34","Yes","287.00","94.28","","92.60","96.40","98.00"
