﻿"Last Name","First Name","Username","Learner ID","Last Access","Availability","Total [Total Pts: up to 400 Score] |403700","Weighted Total [Total Pts: up to 100 Percentage] |403702","Mid-Point CTGL (0%) [Total Pts: 100 Pass/Fail] |403704","L100A1 Take Home Essay Exam (60%) [Total Pts: 100 Score] |403715","L100A2 CTGL (30%) [Total Pts: 100 Score] |403728","L100A3 Critical Leadership Problem Identification (10%) [Total Pts: 100 Score] |403729","AY24 CTGL Self-Assessment (Required) [Total Pts: 0 Complete/Incomplete] |410536"
"ACOSTA","MITCHELL","mitch.f.acosta","01C","2024-04-30 09:12:31","Yes","381.71","93.571","","94.80","90.00","96.91","Complete"
"ALLEN","JUSTIN","justin.lee.allen","01A","2024-01-27 17:39:20","Yes","375.88333","91.89833","","92.80","89.55","93.53333","Complete"
"ALLISON","KEVIN","kevin.e.allison","01A","2023-12-08 10:55:12","Yes","353.63667","83.76366","","83.00","84.50","86.13667","Complete"
"ALSUWAIDI","AHMED SAIF ABDULLA AHMED","alsuwaidi@hotmail.fr","01D","2024-04-05 08:20:06","Yes","358.99333","82.77433","","78.75","87.50","92.74333","Complete"
"ANDERSON","ALEX","alex.r.anderson","01C","2024-03-05 08:54:35","Yes","351.11667","87.35166","","90.30","85.45","75.36667","Complete"
"ANDERSON","ANTHONY","anthony.s.anderson2","01B","2023-12-13 10:43:11","Yes","372.32333","88.47533","","84.85","94.09","93.38333","Complete"
"ANDERSON","ROBERT","robert.edwin.anderson","01D","2023-12-12 17:27:11","Yes","365.03333","85.41333","","82.00","89.55","93.48333","Complete"
"ANDERSON","STACEY","stacey.c.anderson","01C","2024-03-06 18:33:29","Yes","360.54","89.732","","91.90","88.64","80.00","Complete"
"ANDERSON","STEPHEN","stephen.anderson8","01B","2023-12-08 15:41:11","Yes","380.05","91.53","","91.05","90.00","99.00","Complete"
"ANDRADE LAZO","JOSE ARMANDO","joseaal@hotmail.com","01C","2024-04-30 07:54:30","Yes","350.61083","82.63608","","78.75","91.00","80.86083","Complete"
"ARNOLD","MICHAEL","michael.a.arnold36","01D","2024-06-01 17:05:58","Yes","375.94","90.837","","88.85","94.09","93.00","Complete"
"ARVIN","STRAFER","strafer.arvin","01C","2024-04-11 12:01:41","Yes","376.69333","91.77333","","91.30","92.27","93.12333","Complete"
"BARRETT","ADAM","adam.r.barrett","01A","2024-03-12 11:15:27","Yes","380.44833","94.66283","","95.60","94.09","90.75833","Complete"
"BEBO","STEVEN","steven.bebo","01B","2024-04-04 19:24:17","Yes","380.06","91.403","","90.25","91.36","98.45","Complete"
"BRENC","JOSHUA","joshua.d.brenc.mil","01B","2024-03-05 16:16:35","Yes","271.85333","88.73933","","86.20","92.27","93.38333",""
"BROWN","LINDA","linda.d.brown","01D","2024-03-04 15:18:35","Yes","357.58333","83.80833","","80.30","89.50","87.78333","Complete"
"BURK","BENJAMIN","benjamin.m.burk","01B","2024-02-24 08:43:00","Yes","388.11","95.743","","97.50","90.91","99.70","Complete"
"CASE","NIKKOLE","nikkole.l.case","01C","2024-05-08 14:05:35","Yes","378.69333","93.16633","","94.05","91.36","93.28333","Complete"
"CAVERLY","DAVID","david.a.caverly","01A","2024-03-06 13:28:33","Yes","370.4125","88.93125","","87.60","90.45","92.3625","Complete"
"CLAASSEN","GRANT","grant.claassen","01B","2024-04-04 19:09:07","Yes","378.46","91.036","","90.20","90.45","97.81","Complete"
"DAVIS","ALFRANZO","alfranzo.davis","01B","2024-06-03 05:24:58","Yes","267.92667","87.54966","","85.15","90.91","91.86667",""
"DEARBORN","STEVEN","steven.dearborn","01A","2024-05-12 13:13:07","Yes","367.78583","89.79658","","90.40","89.09","88.29583","Complete"
"ENGELBRECHT","ERIC","eric.e.engelbrecht","01C","2024-03-06 17:43:34","Yes","384.58","93.819","","93.45","93.18","97.95","Complete"
"ERICKSON","LILY","lily.a.erickson","01D","2024-03-06 13:19:33","Yes","380.81333","93.06733","","92.70","93.18","94.93333","Complete"
"FELKER","JOHN","john.felker1","01A","2024-05-17 08:58:22","Yes","384.70","94.335","","95.55","90.45","98.70","Complete"
"GRAHAM","MICHAEL","michael.a.graham3","01D","2024-02-14 09:49:17","Yes","384.28","93.164","","92.20","93.18","98.90","Complete"
"GRISWOULD","GORDON","gordon.griswould","01A","2024-03-03 18:50:51","Yes","368.71333","87.30733","","85.60","88.18","94.93333","Complete"
"HENRIQUEZ","JORGE","jorge.a.henriquez","01B","2023-12-07 08:32:20","Yes","377.33333","92.06833","","92.85","89.55","94.93333","Complete"
"HOOD","HAYWARD","hayward.hood","01D","2024-06-03 11:07:32","Yes","384.37","93.576","","93.55","91.82","99.00","Complete"
"KAMBERAJ","MIRFILE","kmirfila@gmail.com","01B","2024-03-03 01:50:38","Yes","357.84","87.872","","88.40","89.44","80.00","Complete"
"KHAN","MOHAMMED","mohammed.khan5","01A","2024-04-08 12:01:36","Yes","370.94667","93.98066","","98.50","88.18","84.26667","Complete"
"KOEHN","KEVIN","kevin.s.koehn","01C","2024-04-25 12:01:31","Yes","366.72333","86.75033","","84.70","88.64","93.38333","Complete"
"LECLERC","JAYME","jayme105@live.com","01C","2024-04-17 08:41:54","Yes","371.10","89.91","","90.20","88.50","92.40","Complete"
"MCCONVILLE","BRIAN","brian.mcconville","01C","2023-12-12 17:03:03","Yes","386.19333","96.34133","","98.90","91.36","95.93333","Complete"
"MCLAUGHLIN","MARK","mark.c.mclaughlin3","01C","2024-04-24 08:51:31","Yes","384.46","94.303","","95.35","90.91","98.20","Complete"
"MEDINA","KENNETH","kenny.medina","01A","2024-02-08 05:48:24","Yes","392.18","97.439","","98.95","93.73","99.50","Complete"
"MEIDENBAUER","MARY","mary.r.meidenbauer","01B","2024-03-06 06:00:33","Yes","386.14","94.61","","94.50","93.73","97.91","Complete"
"MENDOUA","JEAN","jeanyvesmendoua@gmail.com","01A","2024-01-24 01:37:57","Yes","359.41667","85.73166","","83.50","90.20","85.71667","Complete"
"METCALFE","KERRY","kerry.metcalfe","01D","2024-03-06 14:17:36","Yes","354.15","85.19","","83.15","91.00","80.00","Complete"
"MOCK","JEFFREY","jeffrey.m.mock","01A","2024-01-20 21:26:32","Yes","367.93","87.579","","85.90","89.18","92.85","Complete"
"NEWSOME","HENIAN","henian.newsome","01C","2024-01-25 14:05:21","Yes","363.93333","87.28333","","85.60","90.45","87.88333","Complete"
"OLSON","JERRED","jerred.olson","01B","2024-03-12 00:31:48","Yes","365.96667","86.34666","","83.10","91.00","91.86667","Complete"
"PERKINS","BRANDON","brandon.p.perkins","01B","2024-05-23 21:29:17","Yes","364.7025","91.36325","","94.15","89.09","81.4625","Complete"
"REASONOVER","WILLIAM","william.b.reasonover","01C","2024-05-02 19:10:55","Yes","393.95","98.235","","99.50","95.45","99.00","Complete"
"SEGGEL","PETER","peter.j.seggel","01D","2024-06-05 06:24:14","Yes","384.91","95.038","","96.55","91.36","97.00","Complete"
"SEGUIN","DANIEL","daniel.seguin","01D","2024-03-16 22:39:06","Yes","369.02583","87.94858","","85.00","92.73","91.29583","Complete"
"SINAN","HUSSAIN","6290hussainsinan@gmail.com","01A","2024-05-15 12:06:18","Yes","357.65","87.74","","88.15","89.50","80.00","Complete"
"SINCLAIR","EWAN ANTHONY","sinclairewan14@gmail.com","01B","2024-01-11 11:48:28","Yes","387.85","94.995","","94.60","94.55","98.70","Complete"
"TROXELL","MARGARET-ELIZABETH","margaretelizabeth.s.troxell","01A","2024-04-04 08:10:16","Yes","367.775","90.5625","","91.35","90.55","85.875","Complete"
"WARD","LAUREN","lauren.a.ward2","01A","2024-04-04 19:13:17","Yes","390.56","97.178","","99.70","91.36","99.50","Complete"
"WESSEWANE-DESYEYE ZATO","FABRICE","22.wessewane.desyeye.fabrice.esam2@gmail.com","01D","2023-12-06 10:41:34","Yes","361.37333","83.81233","","80.35","87.50","93.52333","Complete"
"WILCOX","JOSHUA","joshua.g.wilcox","01D","2024-02-28 20:01:47","Yes","368.56333","87.74233","","86.50","88.18","93.88333","Complete"
"WILLIAMS","CODY","cody.andre.williams","01D","2023-12-14 12:10:58","Yes","383.85","93.11","","91.85","94.00","98.00","Complete"
"WILSON","ROGER","roger.dale.wilson","01B","2024-03-11 11:52:47","Yes","361.075","86.5675","","85.10","89.55","86.425","Complete"
"WITT","PHILIP","philip.witt","01C","2024-05-06 08:44:14","Yes","387.40","95.69","","97.90","90.00","99.50","Complete"
"WOOLFORD","ADAM","adam.c.woolford","01B","2024-03-01 18:38:50","Yes","373.54333","89.77633","","88.30","91.36","93.88333","Complete"
"WU","ANSON","anson.wu","01D","2024-01-18 07:00:31","Yes","354.73333","84.69833","","84.45","85.00","85.28333","Complete"
"YATES","MAXWELL","maxwell.yates","01A","2024-01-31 09:45:27","Yes","368.81333","92.48133","","95.20","90.00","83.61333","Complete"
"ZAMBRANA GONZALEZ","FRANKLIN","f.zambranagonzalez","01C","2024-03-06 22:40:29","Yes","369.76333","88.98733","","88.75","88.18","92.83333","Complete"
