﻿"Last Name","First Name","Username","Learner ID","Last Access","Availability","Weighted Total [Total Pts: up to 100 Percentage] |427858","Total [Total Pts: up to 300 Score] |427859","M400A1 Individual Running Estimate (40 percent) [Total Pts: 100 Score] |427861","M400A2 Individual Warfighting Function Point Paper (40 percent) [Total Pts: 100 Score] |427877","M400P Individual Contribution to Group Learning (20 percent) [Total Pts: 100 Score] |427884"
"ADAMS","AARON","aaron.a.adams1","09C","2024-04-18 08:35:11","Yes","92.39885","277.99429","93.00","91.00","93.99429"
"ALEXIS","GRANT","grant.t.alexis","09D","2024-04-11 11:40:42","Yes","96.19828","288.49143","96.50","96.00","95.99143"
"ALGHAREEB","MOHAMMAD A M KHI","q8trip89@gmail.com","09A","2024-04-12 09:38:55","Yes","93.99971","280.49857","95.50","94.00","90.99857"
"ALPERT","ALEXANDER","alexander.alpert","09B","2024-04-04 10:37:16","Yes","96.40","290.00","97.00","95.00","98.00"
"BITCA","SIMION","bitcasimion@gmail.com","09C","2024-04-11 10:47:42","Yes","94.00","188.00","93.00","95.00","Needs Evaluation"
"BLAIR","T.","taylor.blair","09A","2024-04-12 11:12:44","Yes","96.558","289.89","96.50","96.40","96.99"
"CLAYPOOL","EUGENE","ej.claypool","09D","2024-04-11 17:25:46","Yes","95.60","287.50","95.50","95.00","97.00"
"COE","PATRICK","patrick.f.coe","21A","2024-03-06 10:27:38","Yes","","","","",""
"CRISE","ADAM","adam.m.crise","09A","2024-04-12 11:25:55","Yes","96.96","290.90","97.50","96.40","97.00"
"DRAKE","CHAD","chad.jamison.drake","09B","2024-04-12 10:41:41","Yes","95.19942","283.99714","95.00","97.00","91.99714"
"DUBOSE","GREGORY","gregory.f.dubose","09D","2024-04-10 15:24:50","Yes","95.99857","287.49286","96.50","96.00","94.99286"
"EGERTON","GAVIN","gav_egerton@hotmail.com","09B","2024-04-17 10:35:59","Yes","98.00","294.00","99.00","97.00","98.00"
"ENGEL","JESSICA","jessica.letarte","09C","2024-04-05 10:43:06","Yes","93.4975","186.995","95.00","91.995","Needs Evaluation"
"FAIRCHILD","SKYLAR","skylar.a.fairchild","09B","2024-04-15 09:08:54","Yes","94.8336","287.084","92.99","94.094","100.00"
"FELICIANO-VELTZE","ALEXANDRA","alexandra.c.feliciano","09B","2024-04-12 12:18:44","Yes","94.79828","284.99143","94.00","95.00","95.99143"
"FERGUSON","AARON","aaron.ferguson1","09A","2024-04-15 08:25:56","Yes","94.95828","285.39143","93.50","95.90","95.99143"
"FRAZIER","LUKE","luke.frazier","09C","2024-04-17 07:08:31","Yes","96.50","193.00","95.00","98.00","Needs Evaluation"
"FRAZIER","SALENA","salena.vang","09A","2024-04-11 15:46:55","Yes","94.99828","285.49143","94.50","95.00","95.99143"
"GERDES","TYSON","tyson.gerdes","09A","2024-03-29 13:49:03","Yes","95.39828","286.49143","95.50","95.00","95.99143"
"GRANT","PHILIP","philip.n.grant","09A","2024-04-04 14:41:06","Yes","95.19828","285.99143","95.50","94.50","95.99143"
"HEIDEMAN","DUSTIN","dustin.g.heideman","09A","2024-04-04 11:54:07","Yes","96.39857","288.49286","95.50","98.00","94.99286"
"HORNING","STEPHEN","stephen.horning","09D","2024-04-11 13:35:43","Yes","97.60","292.50","99.50","96.00","97.00"
"HORRELL","ALEXANDER","alexander.c.horrell","09B","2024-04-11 15:27:43","Yes","96.39885","287.99429","98.00","96.00","93.99429"
"HUMPHREY","ROBBIE","robbie.humphrey","09C","2024-04-18 10:54:45","Yes","97.00","194.00","94.00","100.00","Needs Evaluation"
"JACKSON","JORDAN","jordan.l.jackson","09C","2024-04-18 10:54:45","Yes","95.00","190.00","95.00","95.00","Needs Evaluation"
"KEARNEY","ROBERT","robert.a.kearney2","09A","2024-04-08 09:11:33","Yes","95.50","95.50","95.50","",""
"KELLY","AMANDA","amanda.l.oleary","09D","2024-04-12 05:01:43","Yes","94.99828","285.49143","95.50","94.00","95.99143"
"KIM","TAE HYUN","c15962@gmail.com","09B","2024-04-11 18:05:43","Yes","95.19885","284.99429","96.00","95.00","93.99429"
"KOVITCH","TREVOR","trevor.kovitch","09B","2024-04-11 17:23:46","Yes","96.48","289.70","98.00","94.70","97.00"
"KRAEMER","DOUGLAS","douglas.p.kraemer","09B","2024-04-03 13:43:57","Yes","94.59857","283.99286","95.00","94.00","94.99286"
"LACHGAR","ABDELHADI","imadilaf84@gmail.com","09A","2024-04-01 09:33:16","Yes","93.72","279.30","95.50","93.80","90.00"
"LEE","JESSICA","jessica.h.lee","09C","2024-04-11 12:31:55","Yes","93.00","186.00","93.00","93.00","Needs Evaluation"
"LIKES","MATTHEW","matt.likes","09D","2024-04-09 10:22:49","Yes","95.79828","287.49143","96.50","95.00","95.99143"
"LILLEY","DANIEL","daniel.d.lilley","09B","2024-04-12 07:07:47","Yes","97.19828","290.99143","97.00","98.00","95.99143"
"LINDER","MICHAEL","micha.linder@gmx.de","09D","2024-03-29 08:48:20","Yes","96.19828","288.49143","96.50","96.00","95.99143"
"MARSHALL","NATASHA","natasha.krupsky","09D","2024-04-03 11:04:53","Yes","95.998","288.49","96.50","95.00","96.99"
"MATHEWS","MITCHELL","mitchell.mathews","09D","2024-04-12 07:32:55","Yes","93.59714","280.49071","93.495","94.00","92.99571"
"MCCREARY","STEVEN","steven.v.mccreary","09C","2024-04-12 12:44:55","Yes","95.50","191.00","95.00","96.00","Needs Evaluation"
"MCKNIGHT","IAN","ian.e.mcknight","09C","2024-04-05 08:23:06","Yes","93.50","187.00","93.00","94.00","Needs Evaluation"
"MILLS","RICHARD","richard.m.mills","09A","2024-03-29 07:55:03","Yes","95.71828","287.29143","95.50","95.80","95.99143"
"MONTGOMERY","JESSE","jesse.i.montgomery","09D","2024-04-01 14:02:27","Yes","94.40","284.50","93.50","94.00","97.00"
"PARK","NICHOLAS","nicholas.e.park","09A","2024-04-17 11:37:31","Yes","95.318","286.79","94.50","95.30","96.99"
"RENO","BRYAN","bryan.s.reno","09D","2024-04-11 10:48:42","Yes","96.398","289.49","95.50","97.00","96.99"
"RICHARDS","PAUL","paul.d.richards","09D","2024-04-16 01:58:54","Yes","95.19857","285.49286","95.50","95.00","94.99286"
"RODRIGUEZ","SERGIO","sergio.r.rodriguez","09B","2024-04-11 18:54:43","Yes","94.99828","285.49143","95.00","94.50","95.99143"
"RUHL","JOHN","john.f.ruhl","09C","2024-03-31 23:21:05","Yes","96.50","193.00","95.00","98.00","Needs Evaluation"
"SA","MINH NGOC","sangoc.vndpko@gmail.com","09D","2024-04-17 09:09:31","Yes","94.59828","284.49143","93.50","95.00","95.99143"
"STRECK","KELLY","kelly.t.streck","09D","2024-04-10 14:56:28","Yes","96.00","288.50","96.50","95.00","97.00"
"TAYLOR","LAMAREN","lamaren.q.taylor","09C","2024-04-01 07:40:04","Yes","93.50","187.00","93.00","94.00","Needs Evaluation"
"TINDALL","PAUL","paul.n.tindall","09C","2024-04-08 08:28:45","Yes","95.50","191.00","96.00","95.00","Needs Evaluation"
"TRESNAK","MAX","max.j.tresnak","09B","2024-04-11 19:14:46","Yes","92.79885","278.99429","92.00","93.00","93.99429"
"TURPIN","ANDREW","andrew.turpin","09D","2024-04-15 11:54:53","Yes","96.59857","288.99286","96.00","98.00","94.99286"
"VASILIAUSKAS","EDVARDAS","edvardas.vasiliauskas@gmail.com","09C","2024-04-17 10:09:31","Yes","97.00","194.00","96.00","98.00","Needs Evaluation"
"WALSH","JOSHUA","joshua.l.walsh","09A","2024-04-15 09:17:55","Yes","94.79857","284.49286","95.50","94.00","94.99286"
"WALTERS","ALEXANDER","alexander.m.walters","09C","2024-04-13 14:55:56","Yes","96.00","192.00","95.00","97.00","Needs Evaluation"
"WILSON","CARDIA","cardia.wilson","09B","2024-04-11 16:04:55","Yes","91.99542","275.98714","90.99","93.00","91.99714"
"WOLFGANG","DUSTIN","dustin.wolfgang","09C","2024-04-17 04:44:58","Yes","96.50","193.00","95.00","98.00","Needs Evaluation"
