﻿"Last Name","First Name","Username","Learner ID","Last Access","Availability","Weighted Total [Total Pts: up to 100 Percentage] |427642","Total [Total Pts: up to 300 Score] |427643","M400A1 Individual Running Estimate (40 percent) [Total Pts: 100 Score] |427645","M400A2 Individual Warfighting Function Point Paper (40 percent) [Total Pts: 100 Score] |427661","M400P Individual Contribution to Group Learning (20 percent) [Total Pts: 100 Score] |427668"
"ACOSTA","MITCHELL","mitch.f.acosta","01C","2024-04-10 11:11:12","Yes","92.3928","273.979","100.00","87.985","85.994"
"ALLEN","JUSTIN","justin.lee.allen","01A","2024-04-16 20:05:54","Yes","97.39","291.97","100.00","94.98","96.99"
"ALLISON","KEVIN","kevin.e.allison","01A","2024-03-31 19:14:15","Yes","93.99485","281.98429","91.00","96.99","93.99429"
"ALSUWAIDI","AHMED SAIF ABDULLA AHMED","alsuwaidi@hotmail.fr","01D","2024-04-11 19:39:41","Yes","96.60","289.00","98.00","96.00","95.00"
"ANDERSON","ALEX","alex.r.anderson","01C","2024-04-11 10:54:46","Yes","89.58428","271.95643","91.48","84.485","95.99143"
"ANDERSON","ANTHONY","anthony.s.anderson2","01B","2024-03-31 23:00:05","Yes","97.20","292.00","96.00","98.00","98.00"
"ANDERSON","ROBERT","robert.edwin.anderson","01D","2024-04-14 19:54:54","Yes","98.60","296.00","99.00","98.00","99.00"
"ANDERSON","STACEY","stacey.c.anderson","01C","2024-04-10 10:56:44","Yes","85.383","261.9575","83.99","80.9675","97.00"
"ANDERSON","STEPHEN","stephen.anderson8","01B","2024-03-29 21:38:15","Yes","96.12","288.30","94.80","97.50","96.00"
"ANDRADE LAZO","JOSE ARMANDO","joseaal@hotmail.com","01C","2024-04-10 08:18:50","Yes","92.598","276.495","95.00","91.495","90.00"
"ARNOLD","MICHAEL","michael.a.arnold36","01D","2024-04-10 20:06:44","Yes","97.80","292.00","99.00","98.00","95.00"
"ARVIN","STRAFER","strafer.arvin","01C","2024-04-09 12:16:37","Yes","94.19828","283.49143","95.50","92.00","95.99143"
"BARRETT","ADAM","adam.r.barrett","01A","2024-04-16 12:59:54","Yes","97.99885","291.99429","100.00","98.00","93.99429"
"BEBO","STEVEN","steven.bebo","01B","2024-04-15 08:30:56","Yes","95.40","286.50","92.00","98.50","96.00"
"BRENC","JOSHUA","joshua.d.brenc.mil","01B","2024-03-31 12:05:15","Yes","92.79566","280.48917","87.98917","95.50","97.00"
"BROWN","LINDA","linda.d.brown","01D","2024-04-09 10:41:49","Yes","91.59533","274.98833","88.98833","94.00","92.00"
"BURK","BENJAMIN","benjamin.m.burk","01B","2024-04-12 12:06:41","Yes","98.80","296.50","100.00","97.50","99.00"
"CASE","NIKKOLE","nikkole.l.case","01C","2024-04-10 10:02:27","Yes","83.37942","254.44714","81.47","80.98","91.99714"
"CAVERLY","DAVID","david.a.caverly","01A","2024-04-12 08:00:41","Yes","96.15057","287.87286","95.90","96.98","94.99286"
"Chambless_PreviewUser","Matthew","matthew.chambless_previewuser",,"2024-04-10 09:27:12","Yes","","","","",""
"CLAASSEN","GRANT","grant.claassen","01B","2024-04-14 21:36:53","Yes","98.20","294.00","97.00","100.00","97.00"
"DAVIS","ALFRANZO","alfranzo.davis","01B","2024-04-12 13:03:47","Yes","93.593","282.4825","89.9825","95.50","97.00"
"DEARBORN","STEVEN","steven.dearborn","01A","2024-04-11 17:01:41","Yes","97.39485","290.48429","97.50","98.99","93.99429"
"ENGELBRECHT","ERIC","eric.e.engelbrecht","01C","2024-04-11 08:36:54","Yes","92.954","282.385","96.90","85.485","100.00"
"ERICKSON","LILY","lily.a.erickson","01D","2024-04-03 15:47:29","Yes","94.595","284.9875","97.00","90.9875","97.00"
"FELKER","JOHN","john.felker1","01A","2024-04-08 11:05:54","Yes","95.60","289.00","99.00","90.00","100.00"
"GRAHAM","MICHAEL","michael.a.graham3","01D","2024-04-11 12:22:46","Yes","95.40","286.00","98.00","93.00","95.00"
"GRISWOULD","GORDON","gordon.griswould","01A","2024-04-12 12:10:55","Yes","94.784","286.96","95.00","91.96","100.00"
"HENRIQUEZ","JORGE","jorge.a.henriquez","01B","2024-04-11 13:52:43","Yes","95.60","286.50","95.00","96.50","95.00"
"HOOD","HAYWARD","hayward.hood","01D","2024-04-10 11:35:44","Yes","96.998","291.995","94.995","98.00","99.00"
"KAMBERAJ","MIRFILE","kmirfila@gmail.com","01B","2024-04-13 09:19:55","Yes","96.00","285.00","97.00","98.00","90.00"
"KHAN","MOHAMMED","mohammed.khan5","01A","2024-04-08 12:02:36","Yes","97.00","291.00","100.00","94.00","97.00"
"KOEHN","KEVIN","kevin.s.koehn","01C","2024-04-10 12:45:12","Yes","97.116","292.29","98.50","94.79","99.00"
"LECLERC","JAYME","jayme105@live.com","01C","2024-04-17 08:30:54","Yes","95.794","289.485","95.50","93.985","100.00"
"MCCONVILLE","BRIAN","brian.mcconville","01C","2024-04-09 16:58:54","Yes","94.114","283.785","97.80","88.985","97.00"
"MCLAUGHLIN","MARK","mark.c.mclaughlin3","01C","2024-04-10 10:49:50","Yes","91.42714","275.06571","90.78","91.29","92.99571"
"MEDINA","KENNETH","kenny.medina","01A","2024-04-12 06:04:55","Yes","97.40","293.50","99.00","94.50","100.00"
"MEIDENBAUER","MARY","mary.r.meidenbauer","01B","2024-04-12 13:12:47","Yes","97.20","291.50","98.00","96.50","97.00"
"MENDOUA","JEAN","jeanyvesmendoua@gmail.com","01A","2024-04-05 05:41:06","Yes","98.00","290.00","100.00","100.00","90.00"
"METCALFE","KERRY","kerry.metcalfe","01D","2024-03-28 18:37:14","Yes","94.20","283.00","94.00","94.00","95.00"
"MOCK","JEFFREY","jeffrey.m.mock","01A","2024-04-06 11:21:35","Yes","95.19885","284.99429","91.00","100.00","93.99429"
"NEWSOME","HENIAN","henian.newsome","01C","","Yes","","","","",""
"OLSON","JERRED","jerred.olson","01B","2024-04-16 12:46:54","Yes","96.20","289.00","98.00","94.00","97.00"
"PERKINS","BRANDON","brandon.p.perkins","01B","2024-04-11 10:46:46","Yes","93.998","281.995","94.00","93.995","94.00"
"REASONOVER","WILLIAM","william.b.reasonover","01C","2024-04-10 18:54:12","Yes","93.75371","279.88357","97.80","91.085","90.99857"
"SEGGEL","PETER","peter.j.seggel","01D","2024-04-16 06:33:54","Yes","98.20","295.00","99.00","97.00","99.00"
"SEGUIN","DANIEL","daniel.seguin","01D","2024-04-11 10:44:41","Yes","96.398","288.495","96.995","96.50","95.00"
"SINAN","HUSSAIN","6290hussainsinan@gmail.com","01A","2024-04-12 11:49:44","Yes","95.27457","285.68286","97.19","93.50","94.99286"
"SINCLAIR","EWAN ANTHONY","sinclairewan14@gmail.com","01B","2024-04-02 14:31:56","Yes","99.80","299.50","100.00","99.50","100.00"
"TROXELL","MARGARET-ELIZABETH","margaretelizabeth.s.troxell","01A","2024-04-04 08:10:16","Yes","98.20","294.00","97.00","100.00","97.00"
"WARD","LAUREN","lauren.a.ward2","01A","2024-04-12 15:18:44","Yes","98.558","294.89","100.00","97.90","96.99"
"WESSEWANE-DESYEYE ZATO","FABRICE","22.wessewane.desyeye.fabrice.esam2@gmail.com","01D","2024-04-10 14:33:44","Yes","96.00","285.00","97.00","98.00","90.00"
"WILCOX","JOSHUA","joshua.g.wilcox","01D","2024-04-09 08:08:37","Yes","97.20","293.00","98.00","95.00","100.00"
"WILLIAMS","CODY","cody.andre.williams","01D","2024-04-09 11:12:54","Yes","97.60","292.00","99.00","97.00","96.00"
"WILSON","ROGER","roger.dale.wilson","01B","2024-04-12 13:09:55","Yes","93.795","282.9875","91.9925","93.995","97.00"
"WITT","PHILIP","philip.witt","01C","2024-04-09 20:43:38","Yes","95.31228","286.27643","96.80","93.485","95.99143"
"WOOLFORD","ADAM","adam.c.woolford","01B","2024-04-12 13:02:55","Yes","98.20","293.00","98.00","100.00","95.00"
"WU","ANSON","anson.wu","01D","2024-04-10 12:30:50","Yes","92.798","277.995","89.995","96.00","92.00"
"YATES","MAXWELL","maxwell.yates","01A","2024-04-06 13:53:37","Yes","94.28","280.70","97.00","93.70","90.00"
"ZAMBRANA GONZALEZ","FRANKLIN","f.zambranagonzalez","01C","2024-04-10 13:12:50","Yes","92.19533","278.98833","91.49333","90.495","97.00"
