﻿"Last Name","First Name","Username","Learner ID","Last Access","Availability","Weighted Total [Total Pts: up to 100 Percentage] |427669","Total [Total Pts: up to 300 Score] |427670","M400A1 Individual Running Estimate (40 percent) [Total Pts: 100 Score] |427672","M400A2 Individual Warfighting Function Point Paper (40 percent) [Total Pts: 100 Score] |427688","M400P Individual Contribution to Group Learning (20 percent) [Total Pts: 100 Score] |427695"
"AARON","BURDT","aaron.r.burdt","02A","2024-04-09 12:39:50","Yes","89.54373","268.85933","87.87683","90.9825","90.00"
"ABLES","MITCHELL","mitchell.ables","02C","2024-03-28 11:05:02","Yes","94.48","286.20","93.60","92.60","100.00"
"ABNEY","JAMES","james.h.abney","02C","2024-04-02 20:04:53","Yes","92.40","281.00","88.00","93.00","100.00"
"ANDRADE","DERRICK","derrick.r.andrade","02B","2024-04-04 14:07:06","Yes","93.397","282.4925","92.50","91.9925","98.00"
"BAIERLEIN","MICHAEL","michael.j.baierlein","02A","2024-04-04 20:15:06","Yes","94.79","285.975","97.50","90.475","98.00"
"BARLEY","MICAH","micah.barley","02D","2024-04-02 11:56:03","Yes","96.20","289.50","95.50","96.00","98.00"
"BEARD","LEVI","levi.t.beard","02A","2024-04-09 15:44:54","Yes","92.59485","278.48429","92.50","91.99","93.99429"
"BEDEL","JOSHUA","joshua.r.bedel","02B","2024-04-06 08:23:44","Yes","92.5988","274.494","95.50","93.00","85.994"
"BENSON","GATES","gates.b.benson","02B","2024-04-04 10:58:07","Yes","94.39857","283.49286","95.50","93.00","94.99286"
"BLONIARZ","MARK","mark.bloniarz","02D","2024-04-02 10:31:52","Yes","95.598","287.495","95.50","94.995","97.00"
"BROOKS","QUINTON","quinton.k.brooks","02C","2024-04-02 19:31:28","Yes","98.40","296.00","99.00","97.00","100.00"
"BRUNDIDGE","JOSEPH","joseph.g.brundidge","20A","","Yes","","","","",""
"BUCKLEY","JOHN","john.buckley7","02C","2024-03-29 09:41:04","Yes","91.9048","278.257","89.267","92.00","96.99"
"BURDICK","JANA","jana.m.burdick","02B","2024-04-05 09:15:06","Yes","94.996","285.985","95.00","93.995","96.99"
"CLINTON","MELLORIE","mellorie.clinton","02D","2024-04-02 10:54:52","Yes","96.358","289.895","97.00","94.895","98.00"
"COLEMAN","JOSHUA","joshua.a.coleman","02A","2024-04-09 06:29:37","Yes","95.76","288.40","95.50","94.90","98.00"
"COLLOT d' ESCURY","LOUIS-HENRI","lh.collotdescury@gmail.com","02B","2024-04-01 19:27:03","Yes","94.39828","283.99143","93.00","95.00","95.99143"
"CRUSSELLE","CHRISTOPHER","chris.crusselle","02A","2024-04-11 21:40:41","Yes","96.80","291.00","96.50","96.50","98.00"
"CUTSINGER","DAVID","david.cutsinger","02C","2024-04-08 06:39:45","Yes","97.52","292.30","98.50","96.80","97.00"
"DE LA O","ALEXANDRA","alexandra.delao","02D","2024-04-10 21:32:12","Yes","93.51128","281.77393","90.7825","95.00","95.99143"
"FLESHER","ANDREW","andrew.d.flesher2","02C","2024-04-02 13:27:04","Yes","99.60","299.00","100.00","99.00","100.00"
"GROTELUESCHEN","LUKE","luke.grotelueschen","02B","2024-04-08 07:49:45","Yes","96.20","288.50","95.50","97.00","96.00"
"GUTIERREZ","MELANIE","melanie.e.flege","02D","2024-03-31 10:55:22","Yes","98.60","296.00","97.00","100.00","99.00"
"HAYWARD","COLLIN","collin.j.hayward","20A","","Yes","","","","",""
"HEYWARD","CHRISTOPHER","christopher.t.heyward","02C","2024-04-02 14:30:53","Yes","95.00","286.00","94.00","95.00","97.00"
"HILEMAN","HARRY","harry.hileman","02B","2024-04-04 18:00:07","Yes","92.598","276.495","92.50","93.995","90.00"
"HOYING","PHILLIP","phillip.hoying","02C","2024-04-10 06:37:55","Yes","98.72","296.30","99.80","97.50","99.00"
"HUGHES","MATTHEW","matthew.t.hughes2","02A","2024-04-10 11:46:12","Yes","93.86857","282.16786","96.70","90.475","94.99286"
"IVAS","JEFFREY","jeffrey.ivas","02D","2024-04-03 13:31:53","Yes","98.35828","293.89143","99.00","98.90","95.99143"
"KENNEDY","HEATH","heath.a.kennedy","02D","2024-04-07 07:42:32","Yes","97.318","291.79","97.00","97.80","96.99"
"KERR","ALAN","alan.k.kerr","02B","2024-04-04 12:11:05","Yes","94.59885","283.49429","97.50","92.00","93.99429"
"KROLICKI","ANDREW","andrew.j.krolicki","02C","2024-04-13 08:49:55","Yes","93.60","282.50","94.50","91.00","97.00"
"LANKFORD","ZACHARY","zachary.p.lankford","02A","2024-04-10 13:38:12","Yes","94.79857","284.49286","95.50","94.00","94.99286"
"LUGO","MANUEL","manuel.lugo","02B","2024-04-08 06:34:37","Yes","95.80","289.50","94.50","95.00","100.00"
"MAIN","RICHARD","clint.main","02D","2024-04-03 11:19:29","Yes","96.40","289.50","97.50","95.00","97.00"
"MAZZOLA","MARISSA","marissa.l.mazzola","02C","2024-04-03 08:21:28","Yes","94.394","284.48","92.49","95.00","96.99"
"MCCANN","MICHAEL","michael.mccann1","02A","2024-04-08 23:25:54","Yes","91.19781","274.49238","86.99667","94.50","92.99571"
"MOOREHOUSE","MELISSA","melissa.a.moorehouse","02A","2024-04-12 12:03:44","Yes","92.39914","277.49571","91.50","93.00","92.99571"
"MOUHKTAR","MOHAMED","mohamed.f.mouhktar","02B","2024-04-15 05:44:53","Yes","96.40","290.00","97.00","95.00","98.00"
"NIELSEN","JEFFREY","jeffrey.nielsen1","20A","","Yes","","","","",""
"OECHSEL","MATTHEW","matthew.c.oechsel","02B","2024-04-04 11:33:07","Yes","92.99942","278.49714","92.50","94.00","91.99714"
"OMAR","MAHAMOUD HOUSSEIN","mahamoudpom25@hotmail.com","02D","2024-04-03 11:38:57","Yes","92.0661","277.66169","87.66883","95.00","94.99286"
"PARKER","WILLIAM","william.parkeriv","02C","2024-04-02 14:04:27","Yes","89.978","273.44","87.4825","88.9675","96.99"
"PHAM","ANNE","anne.m.pham@gmail.com","02C","2024-03-29 14:52:04","Yes","97.48","293.70","98.70","95.00","100.00"
"POST","TOBIAS","tobiaspost1@gmail.com","02D","2024-04-08 14:17:49","Yes","98.80","297.00","97.00","100.00","100.00"
"QUINTANA","DENISE","denise.y.quintana","02C","2024-03-31 18:46:05","Yes","94.598","284.99","91.00","97.00","96.99"
"RAGEH","MOSTAFA ELDESOKEY MAHMOUD","mostafarageh28@yahoo.com","02A","2024-04-14 12:01:54","Yes","88.37586","265.43517","87.97917","88.465","88.991"
"RAMOS","CHRISTINA","christina.l.ramos","02A","2024-04-13 13:49:48","Yes","93.39942","279.49714","93.00","94.50","91.99714"
"ROBERTS","ANDREW","andrew.roberts14","02C","2024-04-02 14:06:53","Yes","96.40","290.00","99.00","93.00","98.00"
"ROBISHAW","SEAN","sean.robishaw","02B","2024-04-04 10:59:07","Yes","92.60","278.50","92.50","92.00","94.00"
"SANDOVAL","JULIA","julia.k.sandoval","02B","2024-04-04 14:31:07","Yes","95.00","284.50","95.50","95.00","94.00"
"SHEPARD","CAREY","carey.w.shepard","02B","2024-03-29 14:09:03","Yes","90.79514","273.48571","91.50","88.99","92.99571"
"STORM","JOSHUA","joshua.ryan.storm","20A","","Yes","","","","",""
"TARRIO","ARNALDO","arnaldo.tarrio","02D","2024-04-01 05:51:04","Yes","97.72","293.80","96.80","98.00","99.00"
"TAYLOR","CORNELIUS","cornelius.taylor2","02A","2024-04-15 05:13:52","Yes","89.3922","267.976","92.50","86.485","88.991"
"THOMAS","SEAN","sean.r.thomas","02D","2024-03-28 09:48:03","Yes","97.598","292.49","96.80","98.70","96.99"
"VASILEV","RADOSLAV","vasilev326@gmail.com","02A","2024-04-12 14:06:41","Yes","92.438","276.095","93.10","92.995","90.00"
"WATERMAN","SAMUEL","samuel.h.waterman","02C","2024-04-02 19:44:57","Yes","95.84","289.60","95.60","94.00","100.00"
"YARDLEY","CONOR MCEWAN","conor.yardley@gmail.com","02B","2024-04-04 11:36:06","Yes","95.198","287.495","94.50","93.995","99.00"
