﻿"Last Name","First Name","Username","Learner ID","Last Access","Availability","Weighted Total [Total Pts: up to 100 Percentage] |427912","Total [Total Pts: up to 300 Score] |427913","M400A1 Individual Running Estimate (40 percent) [Total Pts: 100 Score] |427915","M400A2 Individual Warfighting Function Point Paper (40 percent) [Total Pts: 100 Score] |427931","M400P Individual Contribution to Group Learning (20 percent) [Total Pts: 100 Score] |427938"
"ANDERSEN","NATHAN","nathan.l.andersen","11D","2024-04-05 07:52:06","Yes","93.798","282.99","94.00","92.00","96.99"
"Archuleta","Michael","michael.a.archuleta","11B","2024-04-11 17:52:43","Yes","96.60","290.50","98.00","94.50","98.00"
"BARNHOUSE","TERRY","terry.barnhouse","11A","2024-04-16 08:56:56","Yes","97.398","291.99","99.00","96.00","96.99"
"BENTON","JOHN","john.benton1","11B","2024-04-12 08:01:41","Yes","98.80","297.00","100.00","97.00","100.00"
"BLOOM","MICHAEL","michael.c.bloom","11B","2024-04-12 09:15:55","Yes","95.60","287.50","94.00","96.50","97.00"
"BRYSON","RYAN","ryan.bryson","11C","2024-03-31 19:09:22","Yes","95.9956","289.489","96.297","94.192","99.00"
"BUNCH","CHRISTOPHER","christopher.j.bunch","11D","2024-04-04 09:18:05","Yes","94.396","280.99","92.99","98.00","90.00"
"BYE","EMILY","emily.n.bye","11C","2024-04-18 09:33:11","Yes","95.60","287.50","95.00","95.50","97.00"
"CASTAGNO","FACUNDO","castagnof@hotmail.com","11D","2024-04-04 16:01:16","Yes","85.62018","259.04546","84.07546","84.98","89.99"
"CHILDERS","MATTHEW","matthew.d.childers","11C","2024-04-15 10:28:54","Yes","92.26577","278.16086","93.188","89.98","94.99286"
"CLARK","JOHN","john.james.clark","11C","2024-04-16 12:37:54","Yes","98.80","297.00","99.00","98.00","100.00"
"CSONTOS","ZOLTAN","csontili@gmail.com","11A","2024-04-16 16:50:54","Yes","96.03457","287.58286","96.90","95.69","94.99286"
"DEANGELIS-CABAN","AURORA","aurora.caban","11A","2024-03-30 14:39:03","Yes","98.12","294.80","97.80","98.00","99.00"
"DELGADO","CHRISTOPHER","topher.delgado","11D","2024-04-01 00:06:15","Yes","87.30","263.50","79.00","94.00","90.50"
"DIFFLEY","BRYAN","bryan.diffley","11D","2024-04-10 00:30:38","Yes","93.998","279.99","95.00","95.00","89.99"
"DROWN","THOMAS","thomas.drown","11C","2024-04-15 08:45:55","Yes","95.3148","286.782","93.792","96.00","96.99"
"FALKENBERG","TOMAS","tomas.falkenberg","11A","2024-04-11 13:18:46","Yes","97.718","292.79","98.00","97.80","96.99"
"FISHER","HALEY","haley.c.fisher","11B","2024-04-12 09:47:55","Yes","96.60","291.00","93.00","99.00","99.00"
"GIBSON","ROBERT","robert.g.gibson4","11B","2024-04-12 11:27:41","Yes","89.20","271.50","88.00","86.50","97.00"
"GUTIERREZ","KELLY","kelly.gutierrez","11A","2024-04-12 06:48:41","Yes","98.60","296.00","98.00","99.00","99.00"
"HAVEN","KAYLA","kayla.m.haven","11B","2024-04-11 16:40:55","Yes","90.00","273.50","82.00","94.50","97.00"
"HERINA","JOHN","john.herina","11D","2024-04-04 08:47:16","Yes","97.20","293.00","97.00","96.00","100.00"
"HUDELSON","PETER","peter.hudelson","11A","2024-04-15 05:31:56","Yes","99.60","299.00","99.00","100.00","100.00"
"HURLEY","BENJAMIN","benjamin.hurley","11B","2024-04-15 07:59:55","Yes","92.59857","278.99286","85.00","99.00","94.99286"
"Jackson","Janaire","janaire.r.brown","11A","2024-04-08 11:00:37","Yes","97.07828","290.69143","96.00","98.70","95.99143"
"KEARCHER","KONRAD","konrad.kearcher","11B","2024-03-31 21:43:22","Yes","97.00","292.00","96.00","97.00","99.00"
"KUNCIW","SABRINA","sabrina.e.kunciw","11C","2024-04-18 09:42:44","Yes","97.996","293.99","97.99","98.00","98.00"
"KUYKENDALL","JEREMY","jeremy.d.kuykendall","11C","2024-04-14 12:51:53","Yes","97.232","293.08","96.99","96.09","100.00"
"LEE","SCOTT","scott.lee13","11D","2024-04-09 11:23:54","Yes","96.60","288.00","98.00","97.00","93.00"
"LEONE","VINCENT","vincent.s.leone","11A","2024-03-31 23:50:05","Yes","94.5986","279.993","95.00","98.00","86.993"
"LERO","MARK JULIUS","markjulius.lero","11C","2024-04-16 14:31:57","Yes","92.78847","278.46904","90.97333","94.50","92.99571"
"LUMEN","JUSTIN","justin.r.lumen","11A","2024-04-11 12:23:41","Yes","95.55457","286.38286","96.00","95.39","94.99286"
"MARKLEY","TIMOTHY","timothy.d.markley","11A","2024-04-12 14:52:47","Yes","96.84","291.60","95.80","96.80","99.00"
"MCCARVILLE","WILLIAM","william.mccarville1","11B","2024-04-11 16:49:43","Yes","96.00","290.00","97.00","93.00","100.00"
"MCKIDDY","TIMOTHY","timothy.mckiddy","11D","2024-03-31 21:42:15","Yes","93.79482","281.98349","90.99063","96.00","94.99286"
"MCLEAN","MARISHA","marisha.mclean","11D","2024-04-16 21:00:54","Yes","96.59914","287.99571","96.00","99.00","92.99571"
"MIYAKAWA","ALEXANDER","alexander.s.miyakawa","11C","2024-04-12 08:33:55","Yes","98.19428","293.48143","97.99","99.50","95.99143"
"Monczynski","Timothy","timothy.j.monczynski","11D","2024-04-03 11:26:57","Yes","93.39625","281.99063","90.99063","94.00","97.00"
"MONTESCLAROS","CHRISTOPHER","c.montesclaros","11A","2024-04-16 14:32:31","Yes","96.56","289.90","95.00","97.90","97.00"
"MORTENSEN","RYAN","ryan.mortensen","11C","2024-04-14 07:16:53","Yes","93.34954","279.87171","92.386","94.49","92.99571"
"MOUAWAD","GEORGES","georges.mou.104@gmail.com","11A","2024-04-12 09:48:41","Yes","97.20","291.50","95.00","99.50","97.00"
"MRKAIC","ISAK","isak.mrkaic@gmail.com","11B","2024-03-31 19:05:04","Yes","94.99828","285.49143","94.00","95.50","95.99143"
"NAGY","ANDREW","andrew.nagy","11B","2024-04-11 17:36:41","Yes","95.00","286.00","95.00","94.00","97.00"
"NESRSTA","BRANDON","brandon.nesrsta","11B","2024-04-12 13:25:44","Yes","95.60","288.00","94.00","96.00","98.00"
"NISA","CHRISTOPHER","christopher.nisa","11B","2024-03-31 16:04:22","Yes","94.40","284.50","95.50","92.00","97.00"
"PAPADIMITRIS","DIMITRIS","papadimitris.dimitris@gmail.com","11B","2024-04-12 09:36:41","Yes","96.60","290.00","96.00","97.00","97.00"
"POSPISIL","ROBERT","robert.c.pospisil","11A","2024-04-11 15:53:46","Yes","97.80","293.00","96.00","100.00","97.00"
"PRABOWO","PETRUS PARAMAYUDO","yudoprabowo@gmail.com","11C","2024-04-13 21:55:53","Yes","92.75485","278.88429","94.90","89.99","93.99429"
"REINHARDT","JASON","jason.reinhardt1","11C","2024-04-14 12:42:53","Yes","95.87228","287.67643","96.595","95.09","95.99143"
"RUPP","TIFFANY","tiffany.rupp","11D","2024-04-03 10:49:57","Yes","93.796","283.99","93.99","91.00","99.00"
"SCHWITZGEBEL","MATTHEW","matthew.schwitzgebel","11D","2024-04-03 11:57:29","Yes","92.10","275.50","94.00","91.00","90.50"
"Shimandle","Tyler","tyler.j.shimandle","11C","2024-04-15 07:39:53","Yes","96.79828","289.99143","97.00","97.00","95.99143"
"STONE","BENJAMIN","benjamin.t.stone","11D","2024-04-03 16:13:58","Yes","95.896","288.49","94.99","96.00","97.50"
"TRAVIS","JACOB","jacob.d.travis","11A","2024-04-09 09:53:37","Yes","96.80","290.50","95.50","98.00","97.00"
"TUCCI","MICHAEL","michael.tucci1","11D","2024-04-03 13:03:53","Yes","94.396","281.99","91.99","98.00","92.00"
"VERBARENDSE","STEVEN","steven.e.verbarendse2","11D","2024-04-03 12:20:29","Yes","97.196","292.99","94.99","98.00","100.00"
"WICINSKI","BRANDON","brandon.c.wicinski","11A","2024-04-12 11:02:44","Yes","97.798","292.99","98.00","98.00","96.99"
"WILLIAMS","MARCUS","marcus.l.williams98","11C","2024-04-14 16:56:54","Yes","96.878","290.695","96.695","97.00","97.00"
"YANT","ROGER","roger.yantjr","11B","2024-04-11 21:39:41","Yes","94.39857","283.49286","91.00","97.50","94.99286"
