﻿"Last Name","First Name","Username","Learner ID","Last Access","Availability","Weighted Total [Total Pts: up to 100 Percentage] |428101","Total [Total Pts: up to 300 Score] |428102","M400A1 Individual Running Estimate (40 percent) [Total Pts: 100 Score] |428104","M400A2 Individual Warfighting Function Point Paper (40 percent) [Total Pts: 100 Score] |428120","M400P Individual Contribution to Group Learning (20 percent) [Total Pts: 100 Score] |428127"
"ACERO DE LA PARRA","DIETRICH","ditreck@hotmail.com","18C","2024-04-15 17:24:54","Yes","97.43828","291.59143","98.00","97.60","95.99143"
"ALQHTANI","MOTEB FAHAD","motebalqhtani0@gmail.com","18A","2024-04-01 05:01:22","Yes","","","Needs Evaluation","Needs Evaluation","Needs Evaluation"
"BEAUDOIN","MORGHAN","morghan.e.beaudoin","18C","2024-04-11 05:30:41","Yes","96.19914","286.99571","97.00","97.00","92.99571"
"BEIDARI MAMOUDOU","MOCTAR","moctarbeidarimamoudou@gmail.com","18B","2024-03-31 11:28:22","Yes","83.797","251.99","80.00","86.995","84.995"
"BOSTICK","JOSEPH","joseph.bostick","18A","2024-04-15 22:54:54","Yes","","","Needs Evaluation","Needs Evaluation","Needs Evaluation"
"BOYD","JUSTIN","justin.n.boyd","18D","2024-04-16 21:17:31","Yes","94.00","280.00","95.00","95.00","90.00"
"BUJOLD","JEAN-JAQUES","jjb_104@hotmail.com","18C","2024-04-11 06:41:54","Yes","95.03914","284.09571","94.50","96.60","92.99571"
"CANCEL","GUSTAVO","gustavo.j.cancel","18D","2024-04-16 14:27:54","Yes","94.00","281.00","95.00","94.00","92.00"
"CONSER","DAVID","david.conser","18C","2024-03-29 12:49:03","Yes","94.998","285.99","95.00","94.00","96.99"
"COUGHLIN","NEAL","neal.coughlin","18D","2024-04-12 13:27:41","Yes","94.00","281.00","95.00","94.00","92.00"
"DEGRISTINA","ANTHONY","anthony.p.degristina","18D","2024-04-16 15:51:54","Yes","97.00","291.00","97.00","97.00","97.00"
"DENNIS","GEOFFREY","geoffrey.dennis1","18A","2024-03-29 08:55:14","Yes","","","Needs Evaluation","Needs Evaluation","Needs Evaluation"
"DODD","ZEKE","zeke.dodd","18A","2024-04-09 07:08:49","Yes","","","Needs Evaluation","Needs Evaluation","Needs Evaluation"
"DUNN","ANDREW","andrew.c.dunn14","18D","2024-04-17 13:59:39","Yes","94.00","281.00","95.00","94.00","92.00"
"DUVIELLA","ERIC","eric.duviella","18C","2024-03-29 17:09:04","Yes","94.39942","281.99714","95.00","95.00","91.99714"
"FISCHER","BETHANY","bethany.fischer","18D","2024-04-17 11:32:31","Yes","94.00","281.00","94.00","95.00","92.00"
"FITRAWAN","YUSFI","yusfi.fitrawan@gmail.com","18B","2024-04-04 15:48:06","Yes","95.1984","281.992","98.00","96.00","87.992"
"GRIEDER","LUKE","luke.j.grieder","18D","2024-04-16 10:05:31","Yes","97.00","291.00","97.00","97.00","97.00"
"HARDEE","KATHLEEN","kathleen.hardee1","18C","2024-04-16 18:44:54","Yes","92.1982","274.991","94.00","92.00","88.991"
"HAVER","SHAYE","shaye.haver","18D","2024-03-14 20:54:48","Yes","97.00","291.00","97.00","97.00","97.00"
"HOOVER","JASON","jason.d.hoover","18A","2024-04-04 11:44:06","Yes","","","Needs Evaluation","Needs Evaluation","Needs Evaluation"
"JONES","VICTORIA","victoria.a.jones2","18D","2024-04-16 03:04:55","Yes","92.40","276.00","92.00","94.00","90.00"
"JORDAN","PARKER","parker.jordan","18D","2024-04-16 08:16:54","Yes","97.20","288.00","99.00","99.00","90.00"
"LEE","UNNA","unna.r.lee","18A","2024-04-08 08:27:33","Yes","","","Needs Evaluation","Needs Evaluation","Needs Evaluation"
"LEWIS","BRETT","brett.g.lewis","18D","2024-04-16 08:45:54","Yes","94.00","281.00","94.00","95.00","92.00"
"LYNCH","MEGAN","megan.m.lynch","18A","2024-04-18 07:14:11","Yes","","","Needs Evaluation","Needs Evaluation","Needs Evaluation"
"MARSH","THOMAS","thomas.j.marsh2","18C","2024-03-28 19:49:03","Yes","94.19885","282.49429","95.00","93.50","93.99429"
"MATTESON","CHRISTOPHER","c.matteson","18B","2024-04-18 10:41:11","Yes","94.19914","281.99571","95.00","94.00","92.99571"
"MCDONALD","CHRISTOPHER","chris.mcdonald1","18B","2024-04-16 10:53:31","Yes","92.19914","276.99571","90.00","94.00","92.99571"
"MCGEE","IAN","gee.ian.mc","18C","2024-04-05 22:01:37","Yes","97.00","291.00","97.00","97.00","97.00"
"MINNIE","CALEB","caleb.minnie","18C","2024-04-03 05:35:57","Yes","94.19914","281.99571","95.00","94.00","92.99571"
"MOONEY","JAMES","james.mooney7","18C","2024-04-01 11:21:16","Yes","94.15971","280.89857","94.90","95.00","90.99857"
"NELSON","THOMAS","thomas.d.nelson2","18B","2024-03-29 18:13:21","Yes","93.79914","280.99571","94.00","94.00","92.99571"
"NISSEN","KAY","kay.m.nissen","21A","2024-02-27 10:44:46","Yes","","","","",""
"OKADA","LAUREN","lauren.okada","18B","2024-04-17 13:11:59","Yes","95.39914","284.99571","96.00","96.00","92.99571"
"OLIVEIRA","TADEU","tadeuppo@gmail.com","18D","2024-03-28 13:33:14","Yes","97.00","291.00","97.00","97.00","97.00"
"OLSON","MICHAEL","michael.j.olson3","18B","2024-04-17 13:11:55","Yes","98.39828","293.99143","99.00","99.00","95.99143"
"PARENTI","PHILIP","philip.parenti","18A","2024-04-03 06:28:53","Yes","","","Needs Evaluation","Needs Evaluation","Needs Evaluation"
"PERDIGAO","JOHN","john.a.perdigao","18B","2024-04-16 13:15:31","Yes","94.39885","282.99429","94.00","95.00","93.99429"
"ROBINSON","DANIEL","daniel.robinson12","18D","2024-04-11 08:34:42","Yes","94.20","284.00","93.00","94.00","97.00"
"RUSSELL","KENNETH","kenneth.russell5","18B","2024-04-11 22:13:41","Yes","96.19914","286.99571","97.00","97.00","92.99571"
"RUTHERFORD","KEVIN","kevin.r.rutherford","18B","2024-04-16 05:26:57","Yes","94.99914","283.99571","96.00","95.00","92.99571"
"SCHMIDT","CARL","carl.j.schmidt","18B","2024-04-12 12:13:55","Yes","95.39857","285.99286","95.00","96.00","94.99286"
"SCHMITZ","JOSHUA","joshua.l.schmitz","18D","2024-03-31 19:30:22","Yes","92.40","276.00","92.00","94.00","90.00"
"SHIELDS","TERRENCE","terrence.shields1","18A","2024-04-11 13:35:46","Yes","","","Needs Evaluation","Needs Evaluation","Needs Evaluation"
"SHOPTAUGH","BENJAMIN","benjamin.r.shoptaugh","18A","2024-04-01 19:12:27","Yes","","","Needs Evaluation","Needs Evaluation","Needs Evaluation"
"SIMON","JACK","jack.e.simon","18C","2024-04-14 21:01:55","Yes","94.59885","283.49429","95.00","94.50","93.99429"
"THOMPSON","JONATHON","jonathon.thompson","18A","2024-03-31 20:38:05","Yes","","","Needs Evaluation","Needs Evaluation","Needs Evaluation"
"THORNTON","AMANDA","amanda.n.thornton","18B","2024-04-16 18:45:54","Yes","94.19857","282.99286","94.00","94.00","94.99286"
"TORRES","NICOLE","nicole.m.torres8","18C","2024-03-28 13:24:03","Yes","93.3982","277.991","93.00","96.00","88.991"
"TRAVERS","THOMAS","thomas.j.travers","18B","2024-03-29 09:56:20","Yes","94.79885","283.99429","95.00","95.00","93.99429"
"TURI","MARIO","mario.d.turi","18C","2024-04-16 18:22:54","Yes","94.19914","281.99571","95.00","94.00","92.99571"
"VALENZUELA","JOSEPH","joseph.valenzuela1","18B","2024-03-31 22:04:15","Yes","97.80","293.00","98.00","98.00","97.00"
"WAKIYOU","ALAKI","willalaki123@gmail.com","18A","2024-04-15 19:38:55","Yes","","","Needs Evaluation","Needs Evaluation","Needs Evaluation"
"WARD","ADAM","adam.k.ward","18D","2024-04-11 10:19:42","Yes","92.40","276.00","92.00","94.00","90.00"
"Workman","James","james.c.workman2","18A","2024-03-29 08:19:03","Yes","","","Needs Evaluation","Needs Evaluation","Needs Evaluation"
"WU","DI","di.n.wu","18C","2024-04-10 14:31:12","Yes","92.1982","274.991","92.00","94.00","88.991"
"YOUNG","MARQUISE","quise.young","18C","2024-04-13 09:18:44","Yes","93.60","280.00","94.00","94.00","92.00"
