﻿"Last Name","First Name","Username","Learner ID","Last Access","Availability","Weighted Total [Total Pts: up to 100 Percentage] |427804","Total [Total Pts: up to 300 Score] |427805","M400A1 Individual Running Estimate (40 percent) [Total Pts: 100 Score] |427807","M400A2 Individual Warfighting Function Point Paper (40 percent) [Total Pts: 100 Score] |427823","M400P Individual Contribution to Group Learning (20 percent) [Total Pts: 100 Score] |427830"
"ADAMS","JOSEPH","joseph.r.adams2","07A","2024-04-09 12:44:50","Yes","95.59885","285.99429","96.50","95.50","93.99429"
"ADAMS","SARA","sara.c.peters","07A","2024-04-09 12:41:37","Yes","96.19857","287.99286","95.50","97.50","94.99286"
"AGUAS","RAMON","ramon.aguas","07B","2024-04-11 14:59:43","Yes","90.62785","273.56679","85.9725","93.60","93.99429"
"BALES","JACOB","jacob.d.bales","07A","2024-04-09 13:04:44","Yes","94.96","286.40","95.00","93.40","98.00"
"BLIZARD","JUSTIN","justin.p.blizard","07A","2024-04-09 18:34:38","Yes","96.64","290.10","97.00","96.10","97.00"
"BORDELON","ANDREW","andrew.w.bordelon","07A","2024-04-10 08:24:50","Yes","97.08","291.70","98.00","95.70","98.00"
"BURRIS","JESSICA","jessica.burris","07D","2024-04-16 15:24:31","Yes","","","Needs Evaluation","Needs Evaluation","Needs Evaluation"
"CAMPBELL","STEPHEN","stephen.p.campbell2","07D","2024-04-18 10:45:44","Yes","85.249","175.8735","Needs Evaluation","79.8735","96.00"
"CARABALLO","JONATHAN","jonathan.a.caraballo","07A","2024-04-11 16:05:43","Yes","96.39828","288.99143","95.00","98.00","95.99143"
"CHISHOLM","SCOTT","scott.c.chisholm","07C","2024-04-17 14:12:55","Yes","","","Needs Evaluation","Needs Evaluation","Needs Evaluation"
"CHRISTOPHER","KIENTZ","christopher.m.kientz","07D","2024-04-11 08:25:41","Yes","96.60","290.00","97.00","96.00","97.00"
"COLON","ERA-PAULINE","era-pauline.m.colon","07C","2024-04-15 01:17:55","Yes","93.198","280.495","92.00","93.495","95.00"
"COX","WILLIAM","peary.cox","07A","2024-04-09 13:37:50","Yes","95.12","286.30","96.00","93.30","97.00"
"CUSTER","BRIAN","brian.custer","07C","2024-04-18 08:38:44","Yes","95.00","95.00","Needs Evaluation","Needs Evaluation","95.00"
"DUPRE","NICHOLAS","nicholas.w.dupre","07A","2024-04-12 08:58:44","Yes","95.99857","287.49286","96.50","96.00","94.99286"
"EAKER","JORDAN","jordan.b.eaker","07B","2024-04-11 13:16:43","Yes","95.83885","286.59429","96.00","96.60","93.99429"
"EDGERSON","JAMILA","jamila.c.edgerson","07C","2024-03-28 13:48:19","Yes","93.59428","281.98143","92.00","93.99","95.99143"
"EHMEYDA","AHMED","ahmedhameida2@gmail.com","07A","2024-04-11 12:28:42","Yes","93.71828","282.29143","94.00","92.30","95.99143"
"ESCAY","BRENT","brent.l.escay","07D","2024-03-31 15:56:04","Yes","96.60","290.00","95.00","98.00","97.00"
"FUJINAKA","SAMUEL","samuel.fujinaka","07B","2024-04-12 04:07:43","Yes","99.20","298.00","98.00","100.00","100.00"
"HEINSOHN","MATTHEW","matthew.heinsohn","07C","2024-04-12 06:24:47","Yes","96.80","291.00","95.00","98.00","98.00"
"HORSWILL","ROSANNE","rosanne.m.horswill","07D","2024-04-07 19:10:32","Yes","","","","",""
"HWANG","JAE","jae.s.hwang","07D","2024-03-31 21:16:04","Yes","","","Needs Evaluation","Needs Evaluation","Needs Evaluation"
"JOHNSTONE","SIMON","simon.a.johnstone","07D","2024-04-17 17:03:55","Yes","","","Needs Evaluation","Needs Evaluation","Needs Evaluation"
"KEITH","CRAIG","craig.w.keith","07C","2024-04-11 10:34:46","Yes","","","Needs Evaluation","Needs Evaluation","Needs Evaluation"
"LAWRENCE","KEVIN","kevin.m.lawrence","07C","2024-04-11 06:25:41","Yes","","","Needs Evaluation","Needs Evaluation","Needs Evaluation"
"MALDONADO","GENEVIEVE","genevieve.n.pena2","07B","2024-04-11 08:30:54","Yes","94.95828","285.39143","94.00","95.40","95.99143"
"MCGOWEN","DERREK","derrek.t.mcgowen","07D","2024-04-17 14:04:59","Yes","89.65333","182.98","Needs Evaluation","85.98","97.00"
"MCQUILLAN","IAN","ian.j.mcquillan","07B","2024-04-11 13:24:43","Yes","96.40","290.00","95.00","97.00","98.00"
"MILLER","CONNOR","connor.w.miller","07B","2024-04-11 20:30:55","Yes","96.20","290.00","95.00","96.00","99.00"
"MILLER","ROBERT","robert.e.miller12","07C","2024-04-16 12:21:31","Yes","","","Needs Evaluation","Needs Evaluation","Needs Evaluation"
"MINICK","DESTINY","destiny.j.minick","07A","2024-04-18 07:14:45","Yes","93.02388","280.55543","94.99","89.574","95.99143"
"MOHD ZULKIPLI","AHMAD SHAFIQ IKMAR BIN","shafiqzulkipli@yahoo.com","07D","2024-04-16 07:13:54","Yes","","","Needs Evaluation","Needs Evaluation","Needs Evaluation"
"MOSCOSO","ISAAC","isaac.r.moscoso","07B","2024-04-12 07:04:47","Yes","87.93982","265.84814","83.98","89.871","91.99714"
"MURPHY","LANCE","lance.r.murphy","07B","2024-04-11 14:55:43","Yes","92.59628","279.48643","91.00","92.495","95.99143"
"O'BRIEN","COLIN","colin.j.obrien1","07B","2024-04-11 10:24:41","Yes","94.91885","284.29429","95.00","95.30","93.99429"
"OSBORNE","MATTHEW","matthew.j.osborne2","07C","2024-04-05 09:52:11","Yes","","","Needs Evaluation","Needs Evaluation","Needs Evaluation"
"PAYNTER","ANDREW","andrew.f.paynter","07B","2024-04-11 11:02:41","Yes","97.16","291.40","98.00","96.40","97.00"
"RAMIREZ","ANTHONY","anthony.ramirez14","07A","2024-04-15 05:33:53","Yes","97.998","294.495","98.00","97.495","99.00"
"Randolph","Antonio","antonio.randolph","07A","2024-04-08 18:05:37","Yes","93.79828","282.49143","94.50","92.00","95.99143"
"RANDOLPH","JERRYL","jerryl.d.randolph","07D","2024-04-15 08:33:54","Yes","96.80","290.50","95.00","98.50","97.00"
"RICHARDSON","WILLIAM","william.m.richardson2","07A","2024-04-17 10:24:31","Yes","94.47674","282.68971","96.00","93.694","92.99571"
"ROZITIS","ANDRIS","andris@zzk.lv","07D","2024-04-12 19:25:44","Yes","","","Needs Evaluation","Needs Evaluation","Needs Evaluation"
"SAMPLER","KEVIN","kevin.sampler","07D","2024-04-15 08:26:53","Yes","","","Needs Evaluation","Needs Evaluation","Needs Evaluation"
"SANDERS","ALEXIS","alexis.k.billo","07B","2024-04-17 11:39:55","Yes","95.07857","285.19286","95.50","94.70","94.99286"
"SEARS","SAMUEL","samuel.sears","07B","2024-04-16 08:26:54","Yes","91.02921","275.56876","89.58733","89.99","95.99143"
"SHEPHERD","DOMINIC A","dshepherddas@gmail.com","07C","2024-03-28 09:53:19","Yes","","","Needs Evaluation","Needs Evaluation","Needs Evaluation"
"SHUMAKER","RYAN","ryan.shumaker","07C","2024-04-03 17:27:53","Yes","","","Needs Evaluation","Needs Evaluation","Needs Evaluation"
"SMALL","DELANA","delana.i.small","07C","2024-03-29 12:31:04","Yes","90.056","183.084","Needs Evaluation","87.084","96.00"
"STONECYPHER","DANIEL","daniel.e.stonecypher2","07B","2024-04-12 07:35:55","Yes","95.80","288.50","96.00","94.50","98.00"
"SWEENEY","PATRICK","patrick.sweeney4","07C","2024-04-09 06:32:44","Yes","97.80","294.50","97.00","97.50","100.00"
"THOMAS","ANDREW","andrew.thomas18","07C","2024-04-15 19:00:54","Yes","94.958","285.89","93.90","95.00","96.99"
"TORGERSEN","BENJAMIN","benjamin.h.torgersen","07D","2024-04-18 08:14:44","Yes","","","Needs Evaluation","Needs Evaluation","Needs Evaluation"
"TREFAS","DANIEL-CATALIN","trefas.daniel@forter.ro","07C","2024-03-29 08:13:03","Yes","","","Needs Evaluation","Needs Evaluation","Needs Evaluation"
"VAUGHN","KATHRYN","kathryn.a.vaughn","07D","2024-04-15 14:23:55","Yes","","","Needs Evaluation","Needs Evaluation","Needs Evaluation"
"YI","CASPAR","caspar.yi","07A","2024-04-09 13:33:50","Yes","94.95857","284.89286","95.00","94.90","94.99286"
"ZOUGHANA","TAYMOUR SAMI","zoughanat@gmail.com","07A","2024-04-12 12:53:44","Yes","90.0226","270.0515","91.99","88.0715","89.99"
