﻿"Last Name","First Name","Username","Learner ID","Last Access","Availability","Weighted Total [Total Pts: up to 100 Percentage] |422757","Total [Total Pts: up to 300 Score] |422758","H400A1 Outline and Annotated Bibliography [Total Pts: 100 Pass/Fail] |422764","H400A2 Argumentative Essay [Total Pts: 100 Score] |422765","H400P Contribution to Group Learning [Total Pts: 100 Score] |422766"
"AFUOLA","AOATOA","aoatoa.afuola","16B","2024-03-21 11:30:33","Yes","92.10","283.00","Pass","93.00","90.00"
"ALAJLAN","ABDULAZIZ SULAIMAN","aziz.alajlan@hotmail.com","16A","2024-03-21 08:47:30","Yes","91.20","280.00","Pass","93.00","87.00"
"BARBER","ASHLEY","ashley.m.barber","16A","2024-03-28 10:42:02","Yes","95.00","290.00","Pass","95.00","95.00"
"BENNETT","JASON","jason.bennett3","16C","2024-03-22 12:11:30","Yes","90.70","281.00","Pass","91.00","90.00"
"BIRD","DANIEL","daniel.w.bird2","16C","2024-03-20 08:30:50","Yes","89.20","276.00","Pass","91.00","85.00"
"BROWN","RICHARD","richard.brown24","16D","2024-04-14 16:45:53","Yes","90.50","283.00","Pass","89.00","94.00"
"CARLSON","RAYMOND","raymond.carlson1","16D","2024-05-14 13:35:08","Yes","96.20","294.00","Pass","95.00","99.00"
"DAVID","TRAVIS","travis.p.david","16B","2024-04-03 16:43:53","Yes","93.50","285.00","Pass","95.00","90.00"
"DUMONT","DALE","dale.dumont","16A","2024-03-21 07:49:27","Yes","94.20","286.00","Pass","96.00","90.00"
"DUNLEAVY","JOSHUA","joshua.dunleavy","16B","2024-03-03 18:37:51","Yes","92.90","287.00","Pass","92.00","95.00"
"DUNN","DONALD","donald.j.dunn","16D","2024-04-15 10:35:56","Yes","89.60","280.00","Pass","89.00","91.00"
"ECKLER","MATTHEW","matthew.c.eckler","16D","2024-05-02 07:15:22","Yes","83.60","268.00","Pass","83.00","85.00"
"FARRIS","JOHN","john.farris3","16C","2024-05-16 14:35:21","Yes","97.90","297.00","Pass","97.00","100.00"
"FISHER","ANDREW","andrew.fisher10","16A","2024-03-08 17:40:35","Yes","94.30","289.00","Pass","94.00","95.00"
"FORRESTER","ZACHARY","zachary.forrester","16C","2024-03-04 07:40:29","Yes","95.70","291.00","Pass","96.00","95.00"
"FOWLER","EMMA","emma.k.fowler","16D","2024-05-21 12:31:07","Yes","93.20","284.00","Pass","95.00","89.00"
"GALATIS","DONALD","donald.a.galatis","16A","2024-04-24 15:51:29","Yes","96.50","295.00","Pass","95.00","100.00"
"GASSMAN","ANDREW","andrew.j.gassman","16B","2024-05-07 12:55:28","Yes","88.70","277.00","Pass","89.00","88.00"
"GUSME","JANAY","janay.ross","16A","2024-05-02 06:38:54","Yes","97.90","297.00","Pass","97.00","100.00"
"GVINIASHVILI","VAKHTANGI","vaxo1243@gmail.com","16C","2024-03-28 10:12:14","Yes","93.50","285.00","Pass","95.00","90.00"
"Hanna","Jeffrey","jeffrey.m.hanna","16B","2024-03-20 07:35:02","Yes","94.10","287.00","Pass","95.00","92.00"
"HARTZEL","SARAH","sarah.hartzel","16C","2024-03-17 18:43:07","Yes","97.10","293.00","Pass","98.00","95.00"
"HURST","JOSHUA","joshua.d.hurst1","16B","2024-03-28 15:31:03","Yes","95.50","289.00","Pass","97.00","92.00"
"Jauregui","Daniel","daniel.a.jauregui","16B","2024-05-27 01:59:20","Yes","87.10","273.00","Pass","88.00","85.00"
"JOW","BRYAN","bryan.jow","16D","2024-04-15 14:50:56","Yes","87.40","278.00","Pass","85.00","93.00"
"KENNEDY","JARED","jared.kennedy1","16D","2024-04-10 21:02:44","Yes","91.80","286.00","Pass","90.00","96.00"
"KERINS","JAMES","james.m.kerins","16D","2024-04-14 16:50:55","Yes","94.00","288.00","Pass","94.00","94.00"
"KINNAMAN","ANDREW","andrew.clay.kinnaman","16A","2024-04-30 23:51:32","Yes","90.60","278.00","Pass","93.00","85.00"
"KUNKLEMAN","KARL","karl.kunkleman","16B","2024-03-28 10:37:02","Yes","93.40","286.00","Pass","94.00","92.00"
"LOPEZ","JACOB","jacob.a.lopez","16C","2024-03-03 19:09:51","Yes","89.40","278.00","Pass","90.00","88.00"
"MADDUX","JONATHAN","jonathan.madduxjr","16D","2024-04-15 07:26:53","Yes","86.40","272.00","Pass","87.00","85.00"
"MANN","SHANE","shane.t.mann","16D","2024-04-14 17:10:54","Yes","88.30","277.00","Pass","88.00","89.00"
"MEDZMARISHVILI","DAVIT","davitkuznrec@gmail.com","16B","2024-03-20 14:10:03","Yes","89.00","274.00","Pass","92.00","82.00"
"MEYER","MICHAEL","michael.d.meyer","16C","2024-03-27 08:31:32","Yes","92.90","287.00","Pass","92.00","95.00"
"MOHAMED","ABDULLAHI OMAR","daljire05@gmail.com","16A","2024-05-21 20:17:18","Yes","95.40","286.00","Pass","99.00","87.00"
"ODETTE","TRAVIS","travis.odette","16C","2024-03-19 10:42:50","Yes","97.10","293.00","Pass","98.00","95.00"
"OESCHGER","LEE","lee.oeschger","16A","2024-03-22 21:51:30","Yes","95.70","291.00","Pass","96.00","95.00"
"PATTON","CALVIN","calvin.b.patton","16C","2024-03-03 12:55:29","Yes","92.70","281.00","Pass","96.00","85.00"
"PEREZ","YAIMISET (Jamie)","yaimiset.perez","16B","2024-03-04 13:19:30","Yes","89.70","275.00","Pass","93.00","82.00"
"PHILLIPS","TYLER","tyler.a.phillips","16A","2024-05-16 10:40:15","Yes","95.70","291.00","Pass","96.00","95.00"
"REINOSO SALINAS","JUAN PABLO","jpreinosos@gmail.com","16D","2024-06-10 21:20:19","Yes","91.60","284.00","Pass","91.00","93.00"
"RIVARD","HAROLD","hal.rivard","16B","2024-03-03 22:51:52","Yes","95.00","290.00","Pass","95.00","95.00"
"RUBLE","DUSTYN","dustyn.ruble","16C","2024-04-01 06:27:04","Yes","95.10","293.00","Pass","93.00","100.00"
"RUNGE","JOHN","john.v.runge","16A","2024-05-06 06:42:57","Yes","97.10","293.00","Pass","98.00","95.00"
"SCHLEICH","CARL","carl.j.schleich","16B","2024-03-20 14:33:09","Yes","97.30","295.00","Pass","97.00","98.00"
"SHAIYAH","JACLYN","jaclyn.a.shaiyah","16C","2024-05-14 13:40:08","Yes","90.80","280.00","Pass","92.00","88.00"
"SIMMONS","CICELY","cicely.m.simmons","16D","2024-04-15 04:53:55","Yes","89.60","276.00","Pass","92.00","84.00"
"SNYDER","STEFFANIE","steffanie.c.snyder","16B","2024-04-05 15:59:44","Yes","97.30","295.00","Pass","97.00","98.00"
"SPENCER","DANIEL","daniel.w.spencer2","16C","2024-03-20 08:22:50","Yes","96.60","294.00","Pass","96.00","98.00"
"SPENCER","HUNTER","hunter.spencer","16A","2024-03-03 21:08:26","Yes","88.50","275.00","Pass","90.00","85.00"
"STEWART","JASON","jason.d.stewart","16D","2024-04-14 23:36:52","Yes","93.70","287.00","Pass","94.00","93.00"
"STONE","SEAN","sean.w.stone","16C","2024-03-20 08:22:50","Yes","94.30","289.00","Pass","94.00","95.00"
"SYAHRIR","SULTAN","sultancgsc23@gmail.com","16B","2024-03-20 08:11:03","Yes","93.40","286.00","Pass","94.00","92.00"
"SYREK","LUKE","luke.syrek","16D","2024-04-15 08:27:54","Yes","90.20","282.00","Pass","89.00","93.00"
"VERDANT","CLAUDIA","claudia.d.verdant","16B","2024-03-04 15:00:30","Yes","85.80","274.00","Pass","84.00","90.00"
"VINETT","DENNIS","dennis.vinett","16D","2024-05-20 13:35:06","Yes","96.20","294.00","Pass","95.00","99.00"
"WESLEY","AUSTIN","austin.wesley","16A","2024-04-02 20:24:53","Yes","97.10","293.00","Pass","98.00","95.00"
"YORK","RYAN","ryan.york1","16A","2024-03-04 15:03:30","Yes","92.90","287.00","Pass","92.00","95.00"
