﻿"Last Name","First Name","Username","Learner ID","Last Access","Availability","Weighted Total [Total Pts: up to 100 Percentage] |422787","Total [Total Pts: up to 300 Score] |422788","H400A1 Outline and Annotated Bibliography [Total Pts: 100 Pass/Fail] |422794","H400A2 Argumentative Essay [Total Pts: 100 Score] |422795","H400P Contribution to Group Learning [Total Pts: 100 Score] |422796"
"ADAMS","ASHLEY","ashfortleavenworth@gmail.com","19C","2024-05-03 21:34:24","Yes","85.60","276.00","Pass","82.00","94.00"
"ALSABAEI","MOFAREH MAJED M","mfrhmajed@gmail.com","19A","2024-03-21 13:31:33","Yes","81.50","269.00","Pass","77.00","92.00"
"AMADORGARCIA","LIDILIA","lidilia.m.garcia","19B","2024-03-21 19:22:33","Yes","90.10","283.00","Pass","88.00","95.00"
"BARONE","STACEY","stacey.m.sadowski","19D","2024-04-29 13:47:29","Yes","96.70","293.00","Pass","97.00","96.00"
"BAUMGARTEN","JURGEN","jurgen.baumgarten","19A","2024-05-22 08:15:10","Yes","92.20","286.00","Pass","91.00","95.00"
"BEEBE","FREDERICK","frederick.beebe1","19A","2024-04-05 09:10:08","Yes","91.40","286.00","Pass","89.00","97.00"
"BEN ABDALLAH","AMINE","aminjc2005@yahoo.fr","19A","2024-04-07 14:24:44","Yes","90.80","284.00","Pass","89.00","95.00"
"BOLING","JEREMY","jeremy.r.boling","19D","2024-04-15 22:07:54","Yes","84.60","274.00","Pass","81.00","93.00"
"BRADY","CHARLES","charles.p.brady2","19B","2024-05-28 15:44:52","Yes","94.80","288.00","Pass","96.00","92.00"
"BRANSOM","CHARLES","charles.r.bransom","19C","2024-03-24 21:54:34","Yes","89.20","280.00","Pass","88.00","92.00"
"BULEN","JENNAH","jennah.r.bulen","19A","2024-04-24 15:59:31","Yes","96.80","292.00","Pass","98.00","94.00"
"CHAND","JOY","joy.r.chand","19B","2024-03-22 14:03:33","Yes","95.40","290.00","Pass","96.00","94.00"
"COOKE","SIMON","simon.p.cooke","19A","2024-04-29 20:28:37","Yes","94.90","291.00","Pass","94.00","97.00"
"COSTELLO","JAMES","james.d.costello","19C","2024-03-24 21:27:29","Yes","90.20","282.00","Pass","89.00","93.00"
"CUMBY","STEPHEN","stephen.j.cumby","19C","2024-04-08 08:20:33","Yes","95.00","290.00","Pass","95.00","95.00"
"DAVIS","WHITNEY","whitney.c.davis","19C","2024-03-25 09:45:29","Yes","94.30","289.00","Pass","94.00","95.00"
"DINKELACKER","CHRIS","c.dinkelacker","19B","2024-05-20 06:11:24","Yes","94.60","290.00","Pass","94.00","96.00"
"DOYLE","ANDREW","andrew.j.doyle","19A","2024-04-03 11:59:57","Yes","89.50","281.00","Pass","88.00","93.00"
"FRASSE","CHRISTOPHER","christopher.frasse","19A","2024-04-01 16:42:52","Yes","95.70","291.00","Pass","96.00","95.00"
"FRUSH","JUSTIN","justin.frush","19C","2024-03-27 07:37:30","Yes","91.60","284.00","Pass","91.00","93.00"
"GOODROE","KYLE","kyle.goodroe","19D","2024-03-21 05:41:30","Yes","92.00","284.00","Pass","92.00","92.00"
"GOSNEY","KALE","kale.e.gosney","19B","2024-03-25 04:13:29","Yes","93.20","288.00","Pass","92.00","96.00"
"GREENE","MARVIN","marvin.greene","19B","2024-05-30 08:52:58","Yes","90.10","283.00","Pass","88.00","95.00"
"GUSTAFSON","NICHOLAS","nicholas.b.gustafson","19B","2024-04-13 18:39:42","Yes","97.40","294.00","Pass","98.00","96.00"
"HAIGLER","DANIEL","daniel.s.haigler","19D","2024-05-15 21:02:20","Yes","97.10","293.00","Pass","98.00","95.00"
"HAMER","DAVID","david.s.hamer","19C","2024-04-27 08:50:43","Yes","95.70","291.00","Pass","96.00","95.00"
"HAMLIN","PATRICK","patrick.hamlin2","19D","2024-05-23 20:46:49","Yes","95.70","291.00","Pass","96.00","95.00"
"HEGNER","GARRETT","garrett.l.hegner","19A","2024-03-20 09:07:50","Yes","88.10","279.00","Pass","86.00","93.00"
"HERNANDEZ DE LA FUENTE","CARLOS FERNANDO","cfhdelafuente@gmail.com","19B","2024-03-30 23:49:21","Yes","86.00","276.00","Pass","83.00","93.00"
"HOOVER","TERRIE","terrie.hoover","19D","2024-03-26 16:07:35","Yes","90.90","283.00","Pass","90.00","93.00"
"KARETA","STANLEY","stanley.kareta","19D","2024-04-01 10:03:05","Yes","95.80","290.00","Pass","97.00","93.00"
"KAY","EDWARD","edward.w.kay","19B","2024-05-06 08:39:55","Yes","97.40","294.00","Pass","98.00","96.00"
"KMAN","JUSTIN","justin.kman","19C","2024-04-14 20:28:55","Yes","96.10","291.00","Pass","97.00","94.00"
"KOWZAN","RYAN","ryan.m.kowzan","19D","2024-03-28 16:03:03","Yes","92.90","287.00","Pass","92.00","95.00"
"LEE","JASON","jason.lee20","19B","2024-04-14 14:03:52","Yes","88.20","278.00","Pass","87.00","91.00"
"LEEMAN","ROBERT","robert.m.leeman","19D","2024-03-20 12:13:08","Yes","87.50","277.00","Pass","86.00","91.00"
"MADRIGAL PAVA","DIEGO DARIO DE JESUS","madri_fa85@hotmail.com","19C","2024-03-25 07:18:30","Yes","83.30","271.00","Pass","80.00","91.00"
"Massa","Andrew","andrew.massa","19A","2024-03-22 12:07:33","Yes","94.90","291.00","Pass","94.00","97.00"
"MCINTYRE","EMILY","emily.j.mcintyre","19C","2024-04-29 14:05:33","Yes","89.60","280.00","Pass","89.00","91.00"
"MILLER","JOSHUA","joshua.m.miller9","19A","2024-04-22 12:55:22","Yes","92.60","286.00","Pass","92.00","94.00"
"MURPHY","KEVIN","kevin.m.murphy2","19D","2024-03-25 11:30:30","Yes","90.60","282.00","Pass","90.00","92.00"
"MURPHY","THOMAS","thomas.r.murphy1","19A","2024-04-28 22:06:30","Yes","90.10","283.00","Pass","88.00","95.00"
"PAVAO","RACHEL","rachel.r.herron","19A","2024-04-04 15:09:07","Yes","94.70","289.00","Pass","95.00","94.00"
"Porter","Jake","daniel.jake.porter","19C","2024-04-25 10:57:29","Yes","91.20","284.00","Pass","90.00","94.00"
"RHOTEN","JOHN","john.rhoten","19C","2024-04-26 14:40:42","Yes","95.30","291.00","Pass","95.00","96.00"
"ROSE","BRANDON","brandon.m.rose","19A","2024-03-25 08:22:34","Yes","92.50","287.00","Pass","91.00","96.00"
"SUTTON","PHILLIP","phillip.a.sutton","19B","2024-03-30 09:58:04","Yes","92.70","285.00","Pass","93.00","92.00"
"TELLE","CHRISTOPHER","christopher.telle","19D","2024-03-20 12:57:03","Yes","95.60","292.00","Pass","95.00","97.00"
"TOWNSEND","TYLER","tyler.townsend","19C","2024-05-16 10:02:02","Yes","93.60","288.00","Pass","93.00","95.00"
"TRUEBLOOD","ELIJAH","elijah.trueblood","19B","2024-04-28 17:56:29","Yes","92.90","287.00","Pass","92.00","95.00"
"UPADHYAY","SUBHASH CHANDAR","reachsubhash1990@gmail.com","19B","2024-03-22 10:46:28","Yes","94.70","289.00","Pass","95.00","94.00"
"VARCHOL","JOZEF","jozef.varchol.jv@gmail.com","19D","2024-06-05 15:00:00","Yes","96.50","291.00","Pass","98.00","93.00"
"VAZQUEZ QUINONES","RICARDO","ricardo.l.vazquezquinones","19C","2024-03-24 23:33:29","Yes","87.10","277.00","Pass","85.00","92.00"
"WEAVER","BRIAN","brian.weaver9","19B","2024-03-25 11:09:30","Yes","96.00","292.00","Pass","96.00","96.00"
"WESTFALL","SAMUEL","samuel.g.westfall","19D","2024-03-27 06:36:36","Yes","83.50","273.00","Pass","79.00","94.00"
"WORKMAN","JASON","jason.workman3","19D","2024-03-20 09:00:03","Yes","90.50","283.00","Pass","89.00","94.00"
"WYATT","NICHOLAS","nicholas.j.wyatt","19D","2024-04-01 07:47:05","Yes","90.60","282.00","Pass","90.00","92.00"
"YOUNG","ROBERT","robert.d.young52","19C","2024-03-25 10:44:30","Yes","90.20","282.00","Pass","89.00","93.00"
