﻿"Last Name","First Name","Username","Learner ID","Last Access","Availability","Weighted Total [Total Pts: up to 100 Percentage] |422677","Total [Total Pts: up to 300 Score] |422678","H400A1 Outline and Annotated Bibliography [Total Pts: 100 Pass/Fail] |422684","H400A2 Argumentative Essay [Total Pts: 100 Score] |422685","H400P Contribution to Group Learning [Total Pts: 100 Score] |422686"
"ARMIJO","AMANDA","amanda.l.armijo","08A","2024-03-20 10:19:50","Yes","92.895","284.61","Pass","93.78","90.83"
"BANGERT","JONATHAN","jonathan.bangert","08A","2024-03-30 21:06:21","Yes","96.721","293.03","Pass","97.03","96.00"
"BAXTER","CHRISTOPHER","christopher.w.baxter","08B","2024-03-20 10:15:50","Yes","94.152","287.36","Pass","94.86","92.50"
"BEAK","ALEXANDER","alex.beak","08B","2024-04-21 21:34:47","Yes","94.501","281.67","Pass","100.00","81.67"
"BEITZ","ADAM","adam.beitz","08C","2024-03-21 16:52:33","Yes","92.895","284.61","Pass","93.78","90.83"
"BOWLING","JOHN","john.b.bowling","08D","2024-03-20 10:36:03","Yes","89.386","276.74","Pass","90.91","85.83"
"BRAMER","MICHAEL","michael.bramer1","08C","2024-03-20 14:22:50","Yes","85.561","272.23","Pass","84.73","87.50"
"BROWN","STEVE","steve.brown18","08A","2024-03-20 11:13:08","Yes","90.31","278.06","Pass","92.23","85.83"
"BURNETT","DEJAUN","dejaun.j.burnett","08D","2024-03-22 08:25:33","Yes","88.428","277.28","Pass","88.11","89.17"
"CETIN","METIN","cetinmetin2010@hotmail.com","08C","2024-04-15 01:08:52","Yes","96.499","288.33","Pass","100.00","88.33"
"CHAMBERS","KYLE","kyle.f.chambers","08D","2024-05-01 18:47:34","Yes","92.339","284.77","Pass","92.27","92.50"
"COX","ALAN","alan.james.cox","08D","2024-05-30 03:15:11","Yes","92.117","282.55","Pass","93.38","89.17"
"DEEGAN","MICHELE","michele.r.deegan","08B","2024-05-29 12:11:56","Yes","85.945","271.35","Pass","86.35","85.00"
"DELGADO","STEVEN","steven.p.delgado","08A","2024-03-20 10:48:08","Yes","95.164","289.28","Pass","95.95","93.33"
"DICK","JACKSON","jackson.dick","08B","2024-06-03 05:40:13","Yes","92.775","283.49","Pass","94.32","89.17"
"EDSON","JUSTIN","justin.m.edson","08D","2024-04-15 21:40:54","Yes","84.401","268.19","Pass","84.86","83.33"
"EL HANSER","MOURAD","mourad.elhanser@gmail.com","08A","2024-03-28 16:32:03","Yes","92.816","281.64","Pass","95.81","85.83"
"FELIX","ROBERT","robert.r.felix","08C","2024-03-31 22:58:15","Yes","90.243","282.25","Pass","88.92","93.33"
"FERNANDEZ","ADRIEL","adriel.n.fernandez","08B","2024-03-24 17:43:30","Yes","93.416","284.36","Pass","95.27","89.09"
"FLATZ","JACOB","jacob.s.flatz","08A","2024-03-26 15:22:31","Yes","95.00","290.00","Pass","95.00","95.00"
"FLORI","ALEXANDER","alexander.d.flori","08B","2024-03-20 10:43:03","Yes","93.201","287.43","Pass","92.43","95.00"
"FONG","JONATHAN","jonathan.fong","08C","2024-04-25 13:39:31","Yes","94.934","290.86","Pass","94.19","96.67"
"FRUCI","DOMENIC","domenic.fruci","08D","2024-04-04 20:02:06","Yes","90.249","280.83","Pass","90.00","90.83"
"GARMOE","STEVEN","steven.garmoe","08B","2024-03-20 11:51:50","Yes","85.501","271.67","Pass","85.00","86.67"
"GARRISON","BRYCE","bryce.s.garrison2","08C","2024-03-20 11:10:50","Yes","87.316","277.12","Pass","85.45","91.67"
"GARZA","SAMUEL","samuel.garza4","08C","2024-03-24 12:43:29","Yes","92.475","287.17","Pass","90.81","96.36"
"GENAO","ALYCIA","alycia.r.genao","08A","2024-05-06 12:05:55","Yes","84.341","267.63","Pass","85.13","82.50"
"GOLDEN","MICHAEL","michael.golden6","08C","2024-03-20 11:40:03","Yes","92.416","280.12","Pass","95.95","84.17"
"HANNA","DYLAN","dylan.cash.hanna","08D","2024-05-28 15:51:52","Yes","88.702","279.10","Pass","87.43","91.67"
"HEISER","JENNIFER","jennifer.l.bryer","08C","2024-03-20 12:11:50","Yes","95.416","290.12","Pass","95.95","94.17"
"HOLMES","ERIC","eric.j.holmes","08D","2024-05-26 18:57:19","Yes","88.645","277.11","Pass","88.78","88.33"
"JIEZNIENE","LINA","kievisaite@gmail.com","08D","2024-03-31 10:54:05","Yes","88.475","274.01","Pass","90.68","83.33"
"KASSENOV","BAUYZHAN","kassenovbaurzhan90@gmail.com","08A","2024-03-26 18:07:30","Yes","90.627","281.37","Pass","90.54","90.83"
"KIAMBU","TITI","kiambutiti@gmail.com","08B","2024-03-20 11:47:50","Yes","84.433","269.19","Pass","84.19","85.00"
"KIM","HYUN SIK","gustlrdl3000@gmail.com","08B","2024-05-13 09:07:13","Yes","91.518","280.74","Pass","93.24","87.50"
"KOEPPE","JOSHUA","joshua.koeppe","08A","2024-04-17 16:30:55","Yes","95.513","288.83","Pass","97.16","91.67"
"LANKFORD","CHRIS","christopher.lankford","08B","2024-04-05 11:39:08","Yes","86.08","269.64","Pass","87.97","81.67"
"LIJEWSKI","CATHERINE","catherine.c.lijewski","08D","2024-03-03 19:13:34","Yes","91.956","281.84","Pass","93.51","88.33"
"LOVEWELL","BLYTHE","blythe.schultz","08C","2024-04-08 19:20:44","Yes","91.184","278.36","Pass","94.19","84.17"
"MALONEY","KATRINA","katrina.m.maloney","08D","2024-03-20 11:39:08","Yes","93.676","281.44","Pass","98.11","83.33"
"MCCARTHY","SEAN","sean.p.mccarthy3","08B","2024-03-29 07:50:03","Yes","94.58","284.64","Pass","97.97","86.67"
"MCDONALD","MITCHELL","mitchell.d.mcdonald","08A","2024-03-20 12:00:03","Yes","87.517","274.07","Pass","88.24","85.83"
"MOTOFELEA","GRIGORE-DAN","grigoremotofelea@gmail.com","08C","2024-03-27 10:10:30","Yes","91.682","280.02","Pass","94.19","85.83"
"MYERS","KYLE","kyle.a.myers","08D","2024-04-03 21:47:05","Yes","86.116","275.88","Pass","83.38","92.50"
"OSMAN","ABIGAIL","abigail.osman","08B","2024-03-29 08:41:14","Yes","91.767","281.57","Pass","93.24","88.33"
"PARCHERT","LINCOLN","lincoln.parchert","08A","2024-03-20 12:00:50","Yes","92.457","283.51","Pass","93.51","90.00"
"PETERSON","CODY","cody.a.peterson","08B","2024-05-08 08:59:34","Yes","91.733","283.43","Pass","91.76","91.67"
"RALSTON","ELLIOTT","elliott.ralston","08C","2024-03-22 08:15:30","Yes","90.482","279.26","Pass","91.76","87.50"
"SERVIN","MILTHON","milthon.a.servin","08B","2024-03-20 11:42:50","Yes","86.219","273.17","Pass","85.67","87.50"
"SHINEGO","GREGORY","gregory.m.shinego","08D","2024-05-15 01:58:18","Yes","89.20","280.76","Pass","87.43","93.33"
"SITTERLEY","NATHAN","nathan.sitterley","08A","2024-03-20 11:52:50","Yes","87.013","275.83","Pass","85.66","90.17"
"STAFFORD","SCOTT","scott.stafford1","08A","","Yes","","","","",""
"STRIBRNY","JOSEPH","joseph.m.stribrny","08D","2024-03-20 12:09:50","Yes","87.007","275.25","Pass","86.08","89.17"
"THOMPSON","WILLIAM","william.a.thompson348","08C","2024-04-01 02:39:15","Yes","90.617","277.55","Pass","93.38","84.17"
"TILLEY","VICTORIA","victoria.e.tilley","08B","2024-03-26 10:40:31","Yes","84.011","270.49","Pass","82.16","88.33"
"TIO","MOSES","moses.tio","08C","2024-03-22 20:29:28","Yes","88.201","277.43","Pass","87.43","90.00"
"YASHINSKI","STEPHEN","stephen.a.yashinski","08A","2024-03-20 11:47:03","Yes","95.384","289.12","Pass","96.62","92.50"
"ZAREK","MATTHEW","matthew.v.zarek","08C","2024-03-04 12:55:34","Yes","89.121","277.79","Pass","89.46","88.33"
