﻿"Last Name","First Name","Username","Learner ID","Last Access","Availability","Weighted Total [Total Pts: up to 100 Percentage] |422617","Total [Total Pts: up to 300 Score] |422618","H400A1 Outline and Annotated Bibliography [Total Pts: 100 Pass/Fail] |422624","H400A2 Argumentative Essay [Total Pts: 100 Score] |422625","H400P Contribution to Group Learning [Total Pts: 100 Score] |422626","interim class participation grade [Total Pts: 100 Score] |428259"
"AARON","BURDT","aaron.r.burdt","02A","2024-03-28 06:30:03","Yes","94.60","290.00","Pass","94.00","96.00","95.00"
"ABLES","MITCHELL","mitchell.ables","02C","2024-03-28 11:11:02","Yes","97.40","294.00","Pass","98.00","96.00","96.00"
"ABNEY","JAMES","james.h.abney","02C","2024-03-28 20:17:03","Yes","94.20","290.00","Pass","93.00","97.00","97.00"
"ANDRADE","DERRICK","derrick.r.andrade","02B","2024-03-22 11:45:30","Yes","90.10","263.00","Pass","88.00","95.00","97.00"
"BAIERLEIN","MICHAEL","michael.j.baierlein","02A","2024-04-17 10:47:31","Yes","93.00","290.00","Pass","90.00","100.00","98.00"
"BARLEY","MICAH","micah.barley","02D","2024-03-22 12:14:28","Yes","95.60","292.00","Pass","95.00","97.00","100.00"
"BEARD","LEVI","levi.t.beard","02A","2024-06-05 08:39:33","Yes","95.90","293.00","Pass","95.00","98.00","97.00"
"BEDEL","JOSHUA","joshua.r.bedel","02B","2024-04-06 08:22:44","Yes","92.90","287.00","Pass","92.00","95.00","97.00"
"BENSON","GATES","gates.b.benson","02B","2024-03-25 14:20:29","Yes","92.70","285.00","Pass","93.00","92.00","95.00"
"BLONIARZ","MARK","mark.bloniarz","02D","2024-05-28 17:05:10","Yes","85.30","255.00","Pass","82.00","93.00","97.00"
"BROOKS","QUINTON","quinton.k.brooks","02C","2024-05-27 14:21:20","Yes","97.30","295.00","Pass","97.00","98.00","98.00"
"BUCKLEY","JOHN","john.buckley7","02C","2024-03-26 07:28:30","Yes","94.50","291.00","Pass","93.00","98.00","98.00"
"BURDICK","JANA","jana.m.burdick","02B","2024-03-27 12:18:30","Yes","94.10","287.00","Pass","95.00","92.00","97.00"
"CLINTON","MELLORIE","mellorie.clinton","02D","2024-03-22 13:58:28","Yes","87.30","259.00","Pass","84.00","95.00","95.00"
"COLEMAN","JOSHUA","joshua.a.coleman","02A","2024-04-05 18:04:34","Yes","95.30","291.00","Pass","95.00","96.00","96.00"
"COLLOT d' ESCURY","LOUIS-HENRI","lh.collotdescury@gmail.com","02B","2024-05-29 12:52:11","Yes","94.40","288.00","Pass","95.00","93.00","97.00"
"CRUSSELLE","CHRISTOPHER","chris.crusselle","02A","2024-04-02 07:27:27","Yes","98.40","296.00","Pass","99.00","97.00","97.00"
"CUTSINGER","DAVID","david.cutsinger","02C","2024-03-29 08:20:20","Yes","91.50","285.00","Pass","90.00","95.00","95.00"
"DE LA O","ALEXANDRA","alexandra.delao","02D","2024-03-24 15:23:34","Yes","87.10","253.00","Pass","88.00","85.00","92.00"
"FLESHER","ANDREW","andrew.d.flesher2","02C","2024-05-12 11:28:16","Yes","97.90","297.00","Pass","97.00","100.00","100.00"
"GROTELUESCHEN","LUKE","luke.grotelueschen","02B","2024-04-02 10:43:52","Yes","98.70","297.00","Pass","99.00","98.00","100.00"
"GUTIERREZ","MELANIE","melanie.e.flege","02D","2024-03-25 08:24:31","Yes","92.30","265.00","Pass","92.00","93.00","97.00"
"HEYWARD","CHRISTOPHER","christopher.t.heyward","02C","2024-03-28 07:19:14","Yes","94.60","290.00","Pass","94.00","96.00","96.00"
"HILEMAN","HARRY","harry.hileman","02B","2024-03-22 11:48:33","Yes","87.30","259.00","Pass","84.00","95.00","97.00"
"HOYING","PHILLIP","phillip.hoying","02C","2024-05-29 21:43:13","Yes","93.80","290.00","Pass","92.00","98.00","98.00"
"HUGHES","MATTHEW","matthew.t.hughes2","02A","2024-06-02 13:36:31","Yes","95.10","289.00","Pass","96.00","93.00","93.00"
"IVAS","JEFFREY","jeffrey.ivas","02D","2024-04-01 12:08:23","Yes","93.20","288.00","Pass","92.00","96.00","97.00"
"KENNEDY","HEATH","heath.a.kennedy","02D","2024-03-22 12:12:28","Yes","93.60","268.00","Pass","93.00","95.00","95.00"
"KERR","ALAN","alan.k.kerr","02B","2024-04-18 19:54:45","Yes","96.30","293.00","Pass","96.00","97.00","97.00"
"KROLICKI","ANDREW","andrew.j.krolicki","02C","2024-03-28 10:11:03","Yes","96.70","293.00","Pass","97.00","96.00","96.00"
"LANKFORD","ZACHARY","zachary.p.lankford","02A","2024-03-18 08:25:05","Yes","88.40","280.00","Pass","86.00","94.00","94.00"
"LUGO","MANUEL","manuel.lugo","02B","2024-05-29 13:11:56","Yes","90.80","280.00","Pass","92.00","88.00","92.00"
"MAIN","RICHARD","clint.main","02D","2024-03-25 08:13:30","Yes","85.90","277.00","Pass","82.00","95.00","97.00"
"MAZZOLA","MARISSA","marissa.l.mazzola","02C","2024-05-20 18:30:17","Yes","96.70","293.00","Pass","97.00","96.00","96.00"
"MCCANN","MICHAEL","michael.mccann1","02A","2024-03-27 21:50:30","Yes","94.50","291.00","Pass","93.00","98.00","98.00"
"MOOREHOUSE","MELISSA","melissa.a.moorehouse","02A","2024-03-28 12:58:14","Yes","97.30","295.00","Pass","97.00","98.00","98.00"
"MOUHKTAR","MOHAMED","mohamed.f.mouhktar","02B","2024-05-30 12:02:58","Yes","96.60","294.00","Pass","96.00","98.00","100.00"
"OECHSEL","MATTHEW","matthew.c.oechsel","02B","2024-04-11 19:49:43","Yes","96.50","291.00","Pass","98.00","93.00","97.00"
"OMAR","MAHAMOUD HOUSSEIN","mahamoudpom25@hotmail.com","02D","2024-03-23 23:19:28","Yes","87.10","257.00","Pass","85.00","92.00","92.00"
"PARKER","WILLIAM","william.parkeriv","02C","2024-05-31 12:26:05","Yes","91.40","286.00","Pass","89.00","97.00","97.00"
"PHAM","ANNE","anne.m.pham@gmail.com","02C","2024-05-28 18:20:10","Yes","94.90","291.00","Pass","94.00","97.00","97.00"
"POST","TOBIAS","tobiaspost1@gmail.com","02D","2024-04-02 11:19:52","Yes","98.40","296.00","Pass","99.00","97.00","97.00"
"QUINTANA","DENISE","denise.y.quintana","02C","2024-04-17 18:48:55","Yes","95.20","292.00","Pass","94.00","98.00","98.00"
"RAGEH","MOSTAFA ELDESOKEY MAHMOUD","mostafarageh28@yahoo.com","02A","2024-03-18 08:27:49","Yes","93.30","287.00","Pass","93.00","94.00","94.00"
"RAMOS","CHRISTINA","christina.l.ramos","02A","2024-05-15 19:34:16","Yes","94.70","289.00","Pass","95.00","94.00","94.00"
"ROBERTS","ANDREW","andrew.roberts14","02C","2024-03-20 11:24:50","Yes","92.60","286.00","Pass","92.00","94.00","94.00"
"ROBISHAW","SEAN","sean.robishaw","02B","2024-05-15 16:55:18","Yes","88.40","276.00","Pass","89.00","87.00","90.00"
"SANDOVAL","JULIA","julia.k.sandoval","02B","2024-05-07 17:20:33","Yes","95.70","271.00","Pass","96.00","95.00","95.00"
"SHEPARD","CAREY","carey.w.shepard","02B","2024-03-22 12:06:28","Yes","94.40","288.00","Pass","95.00","93.00","95.00"
"TARRIO","ARNALDO","arnaldo.tarrio","02D","2024-03-25 12:20:29","Yes","91.30","279.00","Pass","94.00","85.00","90.00"
"TAYLOR","CORNELIUS","cornelius.taylor2","02A","2024-03-26 09:32:31","Yes","93.00","286.00","Pass","93.00","93.00","93.00"
"THOMAS","SEAN","sean.r.thomas","02D","2024-03-22 12:12:34","Yes","94.30","269.00","Pass","94.00","95.00","97.00"
"VASILEV","RADOSLAV","vasilev326@gmail.com","02A","2024-03-28 10:41:03","Yes","93.20","288.00","Pass","92.00","96.00","96.00"
"WATERMAN","SAMUEL","samuel.h.waterman","02C","2024-03-27 21:03:30","Yes","98.60","298.00","Pass","98.00","100.00","98.00"
"YARDLEY","CONOR MCEWAN","conor.yardley@gmail.com","02B","2024-04-04 11:36:06","Yes","94.20","290.00","Pass","93.00","97.00","97.00"
