﻿"Last Name","First Name","Username","Learner ID","Last Access","Availability","Weighted Total [Total Pts: up to 100 Percentage] |422747","Total [Total Pts: up to 300 Score] |422748","H400A1 Outline and Annotated Bibliography [Total Pts: 100 Pass/Fail] |422754","H400A2 Argumentative Essay [Total Pts: 100 Score] |422755","H400P Contribution to Group Learning [Total Pts: 100 Score] |422756","Midpoint CTGL Grades [Total Pts: 100 Score] |428273"
"ALLEN","JOHN","john.a.allen4","15C","2024-05-20 16:22:06","Yes","87.40","278.00","Pass","85.00","93.00","92.00"
"ALQHTANI","ABDULAZIZ","abdulaziz-alqhtani@outlook.com","15A","2024-04-01 14:23:02","Yes","93.00","286.00","Pass","93.00","93.00","93.00"
"BAILEY","MICHAEL","michael.bailey33","15C","2024-04-01 15:16:02","Yes","85.50","269.00","Pass","87.00","82.00","82.00"
"BILICKI","HEATHER","heather.r.bilicki","15B","2024-03-26 14:05:35","Yes","88.90","279.00","Pass","88.00","91.00","91.00"
"BLONG","CYDNEY","cydney.m.blong","15C","2024-03-26 14:43:30","Yes","88.00","276.00","Pass","88.00","88.00","87.00"
"BOON-IAM","PORNWACHARA","pond4657@gmail.com","15C","2024-06-04 22:39:58","Yes","93.60","288.00","Pass","93.00","95.00","95.00"
"BURNS","CALVIN","calvin.m.burns","15A","2024-04-11 10:49:41","Yes","90.80","284.00","Pass","89.00","95.00","95.00"
"CATERINICCHIO","DEREK","derek.a.caterinicchio","15D","2024-04-04 06:40:16","Yes","81.50","265.00","Pass","80.00","85.00","86.00"
"CHAVIS","SAMANTHA","samantha.watson","15A","2024-04-17 09:10:31","Yes","93.60","288.00","Pass","93.00","95.00","95.00"
"CLINCY","ADDISON","addison.clincy","15D","2024-04-09 06:49:37","Yes","92.80","284.00","Pass","94.00","90.00","90.00"
"COKER","RYAN","ryan.v.coker","15C","2024-04-23 23:03:30","Yes","91.50","285.00","Pass","90.00","95.00","95.00"
"CRAWFORD","SEAN","sean.r.crawford","15A","2024-04-01 01:03:04","Yes","95.00","290.00","Pass","95.00","95.00","95.00"
"Davis","Jesse","jesse.w.davis","15B","2024-04-12 15:41:41","Yes","90.30","281.00","Pass","90.00","91.00","91.00"
"FOKY","DANIEL","daniel.louis.foky","15A","2024-04-05 12:07:17","Yes","98.00","296.00","Pass","98.00","98.00","98.00"
"GREGORY","SHANNON","shannon.m.fong","15B","2024-04-03 09:04:57","Yes","86.40","276.00","Pass","84.00","92.00","91.00"
"GROVER","WILLIAM","william.grover","15A","2024-03-29 23:14:15","Yes","90.80","284.00","Pass","89.00","95.00","95.00"
"HACHINSKY","CORDELL","cordell.hachinsky","15A","2024-05-15 21:30:21","Yes","97.40","294.00","Pass","98.00","96.00","96.00"
"HAGY","AMBER","amber.v.hagy","15D","2024-03-26 14:47:31","Yes","94.80","288.00","Pass","96.00","92.00","91.00"
"HARMS","ALEXANDER","alexander.j.harms","15B","2024-03-26 15:39:30","Yes","93.60","288.00","Pass","93.00","95.00","94.00"
"HEPBURN","TIMOTHY","timothy.r.hepburn","15C","2024-04-27 09:35:29","Yes","87.30","279.00","Pass","84.00","95.00","95.00"
"HOLM","ERIC","eric.j.holm","15B","2024-03-26 13:53:31","Yes","90.10","283.00","Pass","88.00","95.00","95.00"
"HOPKINS","DALLAS","dallas.hopkins","15D","2024-04-16 13:28:57","Yes","91.50","285.00","Pass","90.00","95.00","94.00"
"HSIEH","LAWRENCE","lawrence.y.hsieh","15A","2024-03-31 11:08:04","Yes","92.80","284.00","Pass","94.00","90.00","90.00"
"IORIO","AUSTIN","austin.m.iorio","15B","2024-03-30 20:54:03","Yes","88.60","278.00","Pass","88.00","90.00","88.00"
"ISLAM","MD ZIAUL","zia7889.bcc@gmail.com","15B","2024-06-11 00:34:48","Yes","91.00","278.00","Pass","94.00","84.00","83.00"
"JACKSON","DANIEL","daniel.m.jackson3","15D","2024-03-27 10:42:30","Yes","90.10","283.00","Pass","88.00","95.00","95.00"
"Johnson","Kevin","kevin.johnson68","15A","2024-03-30 21:57:15","Yes","90.20","282.00","Pass","89.00","93.00","93.00"
"KEENAN","ALAN","alan.keenan","15C","2024-03-27 08:56:30","Yes","90.30","277.00","Pass","93.00","84.00","82.00"
"KOLLEDA","AARON","aaron.n.kolleda","15D","2024-03-26 14:10:35","Yes","92.90","287.00","Pass","92.00","95.00","95.00"
"KOROMA","MORIE","murinahkoroma@gmail.com","15A","2024-06-03 07:14:13","Yes","95.70","291.00","Pass","96.00","95.00","95.00"
"KOVELL","JAMES","james.kovell","15C","2024-04-15 22:03:57","Yes","96.40","292.00","Pass","97.00","95.00","95.00"
"KOZIOL","MARIUSZ","mariuszkoziol180@gmail.com","15D","2024-03-27 11:36:30","Yes","93.30","287.00","Pass","93.00","94.00","94.00"
"LEE","MICHAEL","michael.j.lee5","15B","2024-04-16 06:44:56","Yes","96.40","292.00","Pass","97.00","95.00","94.00"
"LEWIS","THOMAS","thomas.lewis22","15D","2024-04-24 06:37:27","Yes","96.10","291.00","Pass","97.00","94.00","93.00"
"LUCAS","CODY","cody.b.lucas","15D","2024-03-26 14:23:31","Yes","89.10","277.00","Pass","90.00","87.00","86.00"
"MOYA","JUAN","juan.c.moya","15D","2024-03-26 14:14:35","Yes","95.00","290.00","Pass","95.00","95.00","95.00"
"NELSON","DEVIN","devin.j.nelson","15B","2024-03-26 14:16:31","Yes","90.10","283.00","Pass","88.00","95.00","95.00"
"NOLA","ROCCO","rocconola.rn@gmail.com","15B","2024-03-26 14:28:35","Yes","95.20","288.00","Pass","97.00","91.00","90.00"
"OLSON","TIMOTHY","timothy.m.olson4","15C","2024-03-29 17:59:03","Yes","90.10","283.00","Pass","88.00","95.00","95.00"
"OLSON","TYLER","tyler.s.olson","15A","2024-03-31 20:17:22","Yes","91.50","285.00","Pass","90.00","95.00","95.00"
"PFEIFFER","GLEN","glen.p.pfeiffer","15C","2024-03-27 18:49:31","Yes","95.00","290.00","Pass","95.00","95.00","95.00"
"POTTER","BENJAMIN","benjamin.potter3","15A","2024-03-04 22:16:35","Yes","97.40","294.00","Pass","98.00","96.00","96.00"
"PUTNOKY,JR","THOMAS","thomas.putnoky","15C","2024-05-12 23:52:07","Yes","92.70","285.00","Pass","93.00","92.00","90.00"
"QUINTANA","MARGARITA","margarita.r.quintana","15A","2024-04-02 05:32:03","Yes","86.70","277.00","Pass","84.00","93.00","93.00"
"RAMOS","SAUL","saul.ramos","15A","2024-03-30 08:02:21","Yes","90.30","285.00","Pass","87.00","98.00","98.00"
"Reynolds","Denzel","denzel.reynolds","15B","2024-03-27 07:02:36","Yes","76.50","255.00","Pass","75.00","80.00","80.00"
"RICHARDSON","IAN","ian.d.richardson2","15D","2024-04-01 15:25:27","Yes","96.40","292.00","Pass","97.00","95.00","94.00"
"ROBBINS","BRENT","brent.robbins","15D","2024-05-22 08:33:19","Yes","88.40","280.00","Pass","86.00","94.00","93.00"
"SCHULTZ","IAN","ian.d.schultz","15C","2024-03-26 14:39:30","Yes","95.00","290.00","Pass","95.00","95.00","95.00"
"SMITH","PETER","peter.n.smith2","15C","2024-03-26 14:16:30","Yes","89.20","280.00","Pass","88.00","92.00","92.00"
"STALEY","IAN","ian.staley","15B","2024-03-27 11:04:36","Yes","92.90","287.00","Pass","92.00","95.00","93.00"
"STALLWORTH","ANTHONY","anthony.stallworthjr","15D","2024-05-25 09:56:08","Yes","79.70","263.00","Pass","77.00","86.00","84.00"
"SWARTBOOI","BERLINTA","berlintas9@gmail.com","15C","2024-04-03 06:17:53","Yes","82.40","248.00","Pass","80.00","88.00","86.00"
"TAYLOR","ANGELICA","angelica.t.taylor","15B","2024-03-26 20:49:31","Yes","88.60","278.00","Pass","88.00","90.00","90.00"
"WASHINGTON","XAVIER","xavier.washington2","15C","2024-03-28 23:45:14","Yes","87.90","277.00","Pass","87.00","90.00","90.00"
"WEEKLEY","CHARLES","charles.weekley","15A","2024-05-29 09:22:10","Yes","95.20","292.00","Pass","94.00","98.00","98.00"
"WENCL","DOUGLAS","douglas.wencl","15B","2024-03-26 20:06:31","Yes","86.80","272.00","Pass","88.00","84.00","84.00"
"WHITSON","ANTHONY","anthony.b.whitson","15B","2024-03-27 12:37:30","Yes","92.70","285.00","Pass","93.00","92.00","90.00"
"ZARKER","LESLIE","leslie.d.zarker","15D","2024-04-01 11:49:23","Yes","95.70","291.00","Pass","96.00","95.00","95.00"
