﻿"Last Name","First Name","Username","Learner ID","Last Access","Availability","Weighted Total [Total Pts: up to 100 Percentage] |422607","Total [Total Pts: up to 300 Score] |422608","H400A1 Outline and Annotated Bibliography [Total Pts: 100 Pass/Fail] |422614","H400A2 Argumentative Essay [Total Pts: 100 Score] |422615","H400P Contribution to Group Learning [Total Pts: 100 Score] |422616"
"ACOSTA","MITCHELL","mitch.f.acosta","01C","2024-03-18 08:14:05","Yes","95.90","293.00","Pass","95.00","98.00"
"ALLEN","JUSTIN","justin.lee.allen","01A","2024-03-18 11:18:50","Yes","94.00","288.00","Pass","94.00","94.00"
"ALLISON","KEVIN","kevin.e.allison","01A","2024-03-12 07:40:48","Yes","91.20","284.00","Pass","90.00","94.00"
"ALSUWAIDI","AHMED SAIF ABDULLA AHMED","alsuwaidi@hotmail.fr","01D","2024-03-19 09:09:08","Yes","95.60","292.00","Pass","95.00","97.00"
"ANDERSON","ALEX","alex.r.anderson","01C","2024-04-05 08:24:06","Yes","92.40","288.00","Pass","90.00","98.00"
"ANDERSON","ANTHONY","anthony.s.anderson2","01B","2024-03-11 16:27:47","Yes","95.80","294.00","Pass","94.00","100.00"
"ANDERSON","ROBERT","robert.edwin.anderson","01D","2024-03-21 08:27:33","Yes","90.80","284.00","Pass","89.00","95.00"
"ANDERSON","STACEY","stacey.c.anderson","01C","2024-04-22 12:48:53","Yes","96.50","295.00","Pass","95.00","100.00"
"ANDERSON","STEPHEN","stephen.anderson8","01B","2024-03-05 09:49:27","Yes","97.30","295.00","Pass","97.00","98.00"
"ANDRADE LAZO","JOSE ARMANDO","joseaal@hotmail.com","01C","2024-04-30 07:54:30","Yes","90.60","278.00","Pass","93.00","85.00"
"ARNOLD","MICHAEL","michael.a.arnold36","01D","2024-06-01 16:55:58","Yes","100.00","300.00","Pass","100.00","100.00"
"ARVIN","STRAFER","strafer.arvin","01C","2024-05-29 09:53:53","Yes","97.30","295.00","Pass","97.00","98.00"
"BARRETT","ADAM","adam.r.barrett","01A","2024-05-13 22:41:14","Yes","100.00","300.00","Pass","100.00","100.00"
"BEBO","STEVEN","steven.bebo","01B","2024-04-04 19:24:17","Yes","93.00","290.00","Pass","90.00","100.00"
"BRENC","JOSHUA","joshua.d.brenc.mil","01B","2024-03-11 17:00:47","Yes","95.20","292.00","Pass","94.00","98.00"
"BROWN","LINDA","linda.d.brown","01D","2024-03-12 12:20:33","Yes","90.10","283.00","Pass","88.00","95.00"
"BURK","BENJAMIN","benjamin.m.burk","01B","2024-04-08 18:26:44","Yes","95.80","294.00","Pass","94.00","100.00"
"CASE","NIKKOLE","nikkole.l.case","01C","2024-04-16 09:07:56","Yes","96.60","294.00","Pass","96.00","98.00"
"CAVERLY","DAVID","david.a.caverly","01A","2024-03-20 08:05:50","Yes","98.00","296.00","Pass","98.00","98.00"
"CLAASSEN","GRANT","grant.claassen","01B","2024-05-23 11:58:06","Yes","98.00","296.00","Pass","98.00","98.00"
"DAVIS","ALFRANZO","alfranzo.davis","01B","2024-03-18 08:13:07","Yes","95.20","292.00","Pass","94.00","98.00"
"DEARBORN","STEVEN","steven.dearborn","01A","2024-03-12 20:26:48","Yes","95.80","294.00","Pass","94.00","100.00"
"ENGELBRECHT","ERIC","eric.e.engelbrecht","01C","2024-03-04 09:22:34","Yes","96.60","294.00","Pass","96.00","98.00"
"ERICKSON","LILY","lily.a.erickson","01D","2024-04-03 20:17:53","Yes","99.30","299.00","Pass","99.00","100.00"
"FELKER","JOHN","john.felker1","01A","2024-03-18 20:46:50","Yes","100.00","300.00","Pass","100.00","100.00"
"GRAHAM","MICHAEL","michael.a.graham3","01D","2024-03-16 21:16:06","Yes","96.40","292.00","Pass","97.00","95.00"
"GRISWOULD","GORDON","gordon.griswould","01A","2024-03-19 20:31:01","Yes","84.50","275.00","Pass","80.00","95.00"
"HENRIQUEZ","JORGE","jorge.a.henriquez","01B","2024-03-28 08:35:03","Yes","91.70","287.00","Pass","89.00","98.00"
"HOOD","HAYWARD","hayward.hood","01D","2024-03-13 09:45:50","Yes","100.00","300.00","Pass","100.00","100.00"
"KAMBERAJ","MIRFILE","kmirfila@gmail.com","01B","2024-03-21 10:03:33","Yes","98.60","298.00","Pass","98.00","100.00"
"KHAN","MOHAMMED","mohammed.khan5","01A","2024-03-18 09:49:07","Yes","95.00","290.00","Pass","95.00","95.00"
"KOEHN","KEVIN","kevin.s.koehn","01C","2024-04-25 12:57:28","Yes","97.70","295.00","Pass","98.00","97.00"
"LECLERC","JAYME","jayme105@live.com","01C","2024-05-12 09:36:13","Yes","97.20","296.00","Pass","96.00","100.00"
"MCCONVILLE","BRIAN","brian.mcconville","01C","2024-03-17 21:11:49","Yes","97.20","296.00","Pass","96.00","100.00"
"MCLAUGHLIN","MARK","mark.c.mclaughlin3","01C","2024-04-24 08:41:31","Yes","94.90","291.00","Pass","94.00","97.00"
"MEDINA","KENNETH","kenny.medina","01A","2024-04-27 22:24:29","Yes","98.60","298.00","Pass","98.00","100.00"
"MEIDENBAUER","MARY","mary.r.meidenbauer","01B","2024-03-04 23:38:35","Yes","94.50","291.00","Pass","93.00","98.00"
"MENDOUA","JEAN","jeanyvesmendoua@gmail.com","01A","2024-03-12 15:09:33","Yes","99.30","299.00","Pass","99.00","100.00"
"METCALFE","KERRY","kerry.metcalfe","01D","2024-03-06 10:20:28","Yes","96.20","290.00","Pass","98.00","92.00"
"MOCK","JEFFREY","jeffrey.m.mock","01A","2024-03-12 19:44:33","Yes","95.90","293.00","Pass","95.00","98.00"
"NEWSOME","HENIAN","henian.newsome","01C","2024-02-07 08:52:41","Yes","","100.00","Pass","",""
"OLSON","JERRED","jerred.olson","01B","2024-03-12 00:31:48","Yes","95.20","292.00","Pass","94.00","98.00"
"PERKINS","BRANDON","brandon.p.perkins","01B","2024-05-28 14:48:52","Yes","99.30","299.00","Pass","99.00","100.00"
"REASONOVER","WILLIAM","william.b.reasonover","01C","2024-04-10 18:55:12","Yes","97.20","296.00","Pass","96.00","100.00"
"SEGGEL","PETER","peter.j.seggel","01D","2024-06-05 06:24:14","Yes","97.70","295.00","Pass","98.00","97.00"
"SEGUIN","DANIEL","daniel.seguin","01D","2024-03-28 09:43:03","Yes","90.70","285.00","Pass","88.00","97.00"
"SINAN","HUSSAIN","6290hussainsinan@gmail.com","01A","2024-06-03 22:55:32","Yes","95.00","290.00","Pass","95.00","95.00"
"SINCLAIR","EWAN ANTHONY","sinclairewan14@gmail.com","01B","2024-03-20 09:11:50","Yes","100.00","300.00","Pass","100.00","100.00"
"TROXELL","MARGARET-ELIZABETH","margaretelizabeth.s.troxell","01A","2024-04-16 11:59:54","Yes","96.40","292.00","Pass","97.00","95.00"
"WARD","LAUREN","lauren.a.ward2","01A","2024-03-19 20:30:01","Yes","98.60","298.00","Pass","98.00","100.00"
"WESSEWANE-DESYEYE ZATO","FABRICE","22.wessewane.desyeye.fabrice.esam2@gmail.com","01D","2024-03-27 08:50:36","Yes","80.00","260.00","Pass","80.00","80.00"
"WILCOX","JOSHUA","joshua.g.wilcox","01D","2024-04-19 09:49:20","Yes","95.00","290.00","Pass","95.00","95.00"
"WILLIAMS","CODY","cody.andre.williams","01D","2024-04-03 08:38:28","Yes","94.40","292.00","Pass","92.00","100.00"
"WILSON","ROGER","roger.dale.wilson","01B","2024-03-18 10:01:50","Yes","97.30","295.00","Pass","97.00","98.00"
"WITT","PHILIP","philip.witt","01C","2024-04-23 10:29:28","Yes","88.70","281.00","Pass","86.00","95.00"
"WOOLFORD","ADAM","adam.c.woolford","01B","2024-03-14 21:20:05","Yes","95.70","291.00","Pass","96.00","95.00"
"WU","ANSON","anson.wu","01D","2024-03-16 19:50:48","Yes","88.60","278.00","Pass","88.00","90.00"
"YATES","MAXWELL","maxwell.yates","01A","2024-05-10 08:20:27","Yes","100.00","300.00","Pass","100.00","100.00"
"ZAMBRANA GONZALEZ","FRANKLIN","f.zambranagonzalez","01C","2024-04-03 07:27:53","Yes","94.20","290.00","Pass","93.00","97.00"
