﻿"Last Name","First Name","Username","Learner ID","Last Access","Availability","Weighted Total [Total Pts: up to 100 Percentage] |422637","Total [Total Pts: up to 300 Score] |422638","H400A1 Outline and Annotated Bibliography [Total Pts: 100 Pass/Fail] |422644","H400A2 Argumentative Essay [Total Pts: 100 Score] |422645","H400P Contribution to Group Learning [Total Pts: 100 Score] |422646"
"AFREH","PETER","affrehsika3606@gmail.com","04A","2024-04-01 20:43:56","Yes","94.20","286.00","Pass","96.00","90.00"
"AL-MAGSOOSI","ALHASAN MOHAMMED KADHIM","al1410@yahoo.com","04A","2024-04-12 11:38:44","Yes","91.40","282.00","Pass","92.00","90.00"
"ALDERMAN","NICHOLAS","nicholas.alderman","04B","2024-04-04 15:38:06","Yes","92.60","286.00","Pass","92.00","94.00"
"ANTHONY-HALL","JELESA","jelz.anthony","04B","2024-03-29 10:58:03","Yes","94.90","287.00","Pass","97.00","90.00"
"BAILEY","LANCE","lance.r.bailey","04A","2024-04-02 09:23:03","Yes","94.70","289.00","Pass","95.00","94.00"
"BAIN","JIMMY","james.bain1","04B","2024-04-04 08:19:10","Yes","89.30","279.00","Pass","89.00","90.00"
"BANCIC","KLEMEN","klemen.bancic@gmail.com","04C","2024-05-14 11:29:18","Yes","95.50","289.00","Pass","97.00","92.00"
"BERGEMAN","BRIAN","brian.m.bergeman","04C","2024-04-02 07:09:03","Yes","92.60","286.00","Pass","92.00","94.00"
"BERMAN","SHERLYN","sherlyn.alcoran","04C","2024-04-02 07:17:52","Yes","92.60","286.00","Pass","92.00","94.00"
"Biggs","Tone","tone.biggs","04C","2024-04-05 08:18:17","Yes","91.40","282.00","Pass","92.00","90.00"
"BROWN","MIA","mia.c.williams1","04C","2024-04-02 09:21:56","Yes","91.20","284.00","Pass","90.00","94.00"
"BURNSHIRE","KOBEE","kobee.burnshire","04B","2024-04-16 17:04:57","Yes","94.00","288.00","Pass","94.00","94.00"
"BURRILL WESTMAN","SAMANTHA","samantha.j.burrillwestman","04A","2024-04-08 10:19:35","Yes","91.40","282.00","Pass","92.00","90.00"
"CARLSON","ERIK","erik.h.carlson2","04C","2024-04-02 07:44:56","Yes","91.20","284.00","Pass","90.00","94.00"
"CASH","RYAN","ryan.d.cash","04D","2024-04-02 14:25:27","Yes","94.40","288.00","Pass","95.00","93.00"
"CASTILLO","JOE","joe.c.castillo","04B","2024-06-04 06:01:13","Yes","89.90","281.00","Pass","89.00","92.00"
"CHAPMAN","MATTHEW","matthew.b.chapman","04C","2024-05-23 11:10:53","Yes","94.70","289.00","Pass","95.00","94.00"
"CLEMENTS","JOHN (EDDIE)","john.e.clements8","04D","2024-04-02 07:40:03","Yes","94.70","289.00","Pass","95.00","94.00"
"CLODFELTER","WILLIAM","william.h.clodfelter3","04A","2024-04-09 11:01:54","Yes","90.90","283.00","Pass","90.00","93.00"
"CONNER","JUSTINE","justine.conner","04C","2024-05-30 11:05:30","Yes","93.30","287.00","Pass","93.00","94.00"
"DILLER","NATHAN","nathan.e.diller","04B","2024-04-02 07:01:52","Yes","95.40","290.00","Pass","96.00","94.00"
"DONOVAN","MICHAEL","michael.z.donovan","04B","2024-04-22 09:26:47","Yes","94.40","288.00","Pass","95.00","93.00"
"DORJGOTOV","DORJDAVAA","ddorjdavaa87@gmail.com","04D","2024-04-26 14:26:42","Yes","91.40","282.00","Pass","92.00","90.00"
"EASTMAN","PHILIPP","philipp.eastman","04A","2024-04-02 08:21:56","Yes","93.40","286.00","Pass","94.00","92.00"
"EVANS","ALLISON","allison.j.evans","04D","2024-04-12 11:52:55","Yes","96.10","291.00","Pass","97.00","94.00"
"FRANK","MATTHEW","matthew.r.frank2","04B","2024-04-08 14:35:54","Yes","92.30","285.00","Pass","92.00","93.00"
"FUREY","LYLA","lyla.a.furey","04B","2024-04-28 15:35:44","Yes","93.70","287.00","Pass","94.00","93.00"
"GATTIE","DAVID","david.j.gattie","04C","2024-05-21 17:18:18","Yes","92.60","286.00","Pass","92.00","94.00"
"GLEGHORN","KYLE","kyle.d.gleghorn","04C","2024-05-21 10:34:22","Yes","92.30","285.00","Pass","92.00","93.00"
"GOTAME","UJJWAL","5516ujjwal@gmail.com","04B","2024-04-27 16:45:30","Yes","94.00","288.00","Pass","94.00","94.00"
"HASANAJ","BLERAND","blerand@gmail.com","04D","2024-04-02 22:01:04","Yes","91.40","282.00","Pass","92.00","90.00"
"JONES","CODY","cody.m.jones","04B","2024-04-04 12:22:05","Yes","94.00","288.00","Pass","94.00","94.00"
"KAVA","ROBERT","robert.kava1","04D","2024-04-02 08:52:56","Yes","92.60","286.00","Pass","92.00","94.00"
"KLEIN","CHRISTOPHER","christopher.klein5","04D","2024-04-02 16:55:04","Yes","91.90","285.00","Pass","91.00","94.00"
"KNOTT","AARON","aaron.d.knott","04A","2024-04-12 13:20:41","Yes","93.40","286.00","Pass","94.00","92.00"
"LIBRANDE","JOSEPH","joseph.d.librande","04A","2024-04-03 10:05:57","Yes","93.70","287.00","Pass","94.00","93.00"
"LOFTUS","CASSONDRA","cassondra.dick","04A","2024-04-05 07:04:08","Yes","92.40","284.00","Pass","93.00","91.00"
"LOWE","ZACHARY","zachary.d.lowe","04B","2024-05-25 17:08:19","Yes","94.40","288.00","Pass","95.00","93.00"
"LOXSOM","JAMES","james.loxsom","04D","2024-04-21 13:31:21","Yes","90.60","282.00","Pass","90.00","92.00"
"MAGALLANES","ANTHONY","anthony.f.magallanes","04A","2024-04-03 08:56:53","Yes","93.10","285.00","Pass","94.00","91.00"
"MAKOSKI","CARSON","carson.a.makoski","04D","2024-04-03 14:31:53","Yes","94.00","288.00","Pass","94.00","94.00"
"MARCINIAK","ERWIN","erwin.marciniak","04A","2024-04-05 13:40:17","Yes","91.30","283.00","Pass","91.00","92.00"
"MCFADDEN","BRANDON","brandon.mcfadden","04A","2024-04-20 14:13:52","Yes","95.40","290.00","Pass","96.00","94.00"
"MEIER","JOSEPH","joseph.s.meier","04A","2024-06-02 00:06:57","Yes","93.50","285.00","Pass","95.00","90.00"
"MIZEAD","ABDULLA","abdulla.a.mizead","04A","2024-04-10 16:49:12","Yes","94.00","288.00","Pass","94.00","94.00"
"MUELLER","ANDREW","andrew.r.mueller","04C","2024-05-06 15:33:55","Yes","91.60","284.00","Pass","91.00","93.00"
"PETERSON","DAVID","david.meade.peterson","04D","2024-05-29 06:28:10","Yes","94.40","288.00","Pass","95.00","93.00"
"PORTO","FELICITY","felicity.a.porto","04B","2024-03-03 12:27:26","Yes","85.80","274.00","Pass","84.00","90.00"
"REYNOLDS","JEREMY","jeremy.j.reynolds2","04D","2024-06-03 05:34:13","Yes","95.40","290.00","Pass","96.00","94.00"
"SAHAGUN","DANIEL","daniel.j.sahagun","04A","2024-05-29 19:41:11","Yes","83.00","270.00","Pass","80.00","90.00"
"SERRANO","JEWLIANNA","jewlianna.m.serrano","04D","2024-05-14 10:56:08","Yes","96.80","292.00","Pass","98.00","94.00"
"SMAJD","ANDREW","andrew.smajd","04C","2024-04-07 14:08:32","Yes","95.40","290.00","Pass","96.00","94.00"
"SWINDELL","SCOTT","scott.h.swindell","04D","2024-05-21 16:17:18","Yes","83.00","270.00","Pass","80.00","90.00"
"TERTERYAN","ANDRANIK","andranikterteryan95@gmail.com","04B","2024-05-03 13:52:12","Yes","88.60","278.00","Pass","88.00","90.00"
"WALTERS","JOSEPH","joseph.walters5","04C","2024-04-02 12:08:03","Yes","92.60","286.00","Pass","92.00","94.00"
"WERNER","LUCAS","lucas.a.werner","04D","2024-04-02 17:13:53","Yes","94.70","289.00","Pass","95.00","94.00"
"YOUNG","RILEY","riley.young3","04D","2024-04-05 13:14:06","Yes","94.70","289.00","Pass","95.00","94.00"
"ZWEIFEL","MICHAEL","michael.a.zweifel","04C","2024-05-21 11:14:09","Yes","93.70","287.00","Pass","94.00","93.00"
