﻿"Last Name","First Name","Username","Learner ID","Last Access","Availability","Weighted Total [Total Pts: up to 100 Percentage] |422767","Total [Total Pts: up to 300 Score] |422768","H400A1 Outline and Annotated Bibliography [Total Pts: 100 Pass/Fail] |422774","H400A2 Argumentative Essay [Total Pts: 100 Score] |422775","H400P Contribution to Group Learning [Total Pts: 100 Score] |422776"
"BIGGERSTAFF","TERRI","terri.a.biggerstaff","17C","2024-03-27 20:15:36","Yes","86.50","275.00","Pass","85.00","90.00"
"BOND","JAMES","james.m.bond1","17D","2024-05-05 20:51:26","Yes","94.90","287.00","Pass","97.00","90.00"
"Buchanan","Leon","leon.buchanan","17A","2024-03-31 14:04:04","Yes","92.25","285.50","Pass","91.50","94.00"
"CHAMBERS","JAMES","james.chambers12","17C","2024-05-16 04:53:20","Yes","84.20","270.00","Pass","83.00","87.00"
"DANIEL","TERESA","teresa.dennis","17D","2024-05-30 08:46:30","Yes","93.40","282.00","Pass","97.00","85.00"
"DIETZEN","AMANDA","amanda.dietzen","17A","2024-04-26 15:40:42","Yes","94.25","285.50","Pass","96.50","89.00"
"DYER","PAUL","paul.d.dyer","17A","2024-04-01 16:22:27","Yes","95.70","291.00","Pass","96.00","95.00"
"ELLIOTT","BRIAN","brian.k.elliott","17C","2024-03-08 08:12:28","Yes","88.50","275.00","Pass","90.00","85.00"
"ERICKSON","BRENT","brent.t.erickson","17D","2024-04-12 11:06:44","Yes","94.60","290.00","Pass","94.00","96.00"
"GALDO","GENEVIEVE","genevieve.afan","17B","2024-03-08 08:17:30","Yes","86.20","270.00","Pass","88.00","82.00"
"GAUGHAN","ERICA","erica.gaughan","17D","2024-04-17 13:39:39","Yes","92.50","283.00","Pass","94.00","89.00"
"GIBBONS","GREG","gregory.e.gibbons","17B","2024-03-07 22:07:27","Yes","93.95","286.50","Pass","95.00","91.50"
"GOOLD","PATRICK","patrick.s.goold","17A","2024-04-04 13:38:06","Yes","94.40","288.00","Pass","95.00","93.00"
"GRAF","JASON","jason.graf","17A","2024-03-27 20:00:30","Yes","91.90","281.00","Pass","94.00","87.00"
"GUTHRIE","DARRELL","darrell.j.guthrie","17A","2024-05-28 06:02:52","Yes","94.40","288.00","Pass","95.00","93.00"
"HART","ALAN","alan.hart1","17D","2024-04-16 14:18:54","Yes","95.40","290.00","Pass","96.00","94.00"
"HERRIDGE","KELSEY","kelsey.j.herridge","17B","2024-03-08 12:22:32","Yes","92.20","282.00","Pass","94.00","88.00"
"HERRINGTON","WILLIAM","brad.herrington","17B","2024-04-12 08:29:55","Yes","91.80","282.00","Pass","93.00","89.00"
"HIGGINS","CHRISTOPHER","christopher.higgins5","17A","2024-04-30 06:58:38","Yes","88.35","276.50","Pass","88.50","88.00"
"HOAR","STEPHEN","stephen.hoar","17B","2024-03-27 10:13:32","Yes","91.90","285.00","Pass","91.00","94.00"
"HOLZHEIMER","ANDREW","andrew.holzheimer","17D","2024-04-21 16:44:22","Yes","94.40","288.00","Pass","95.00","93.00"
"JAY","JONATHAN","jonathan.jay","17A","2024-03-08 10:20:25","Yes","87.75","274.50","Pass","88.50","86.00"
"KAUFMAN","DAVID","david.a.kaufman2","17C","2024-03-05 12:57:32","Yes","93.80","286.00","Pass","95.00","91.00"
"Kearney","Jada","jada.n.salahuddin","17A","2024-03-06 12:35:28","Yes","90.60","278.00","Pass","93.00","85.00"
"KETCHUM","MARK","mark.ketchum1","17C","2024-03-08 09:16:28","Yes","92.00","280.00","Pass","95.00","85.00"
"KNOWLTON","KARL","karl.knowlton","17A","2024-03-25 12:41:29","Yes","93.55","286.50","Pass","94.00","92.50"
"LANCIANO","JOSEPH","joe.lanciano","17C","2024-03-08 08:12:25","Yes","91.40","282.00","Pass","92.00","90.00"
"LANE","CURT","curt.lane","17C","2024-02-20 10:46:10","Yes","93.35","286.50","Pass","93.50","93.00"
"LEE","BRANDON","brandon.lee11","17A","2024-04-01 15:38:52","Yes","91.20","280.00","Pass","93.00","87.00"
"LOVAN","MICHAEL","michael.s.lovan","17D","2024-03-07 18:56:25","Yes","89.10","277.00","Pass","90.00","87.00"
"MADRIGAL","BRETT","brett.i.madrigal","17D","2024-04-19 09:51:12","Yes","91.50","281.00","Pass","93.00","88.00"
"MAKAR","STEPHEN","stephen.c.makar","17A","2024-03-19 10:43:06","Yes","83.60","268.00","Pass","83.00","85.00"
"MCGUINE","AUSTIN","austin.j.mcguine","17C","2024-03-27 19:57:31","Yes","91.50","285.00","Pass","90.00","95.00"
"MEYER","STEFANIE","stefanie.c.meyer","17C","2024-03-08 11:50:25","Yes","91.20","280.00","Pass","93.00","87.00"
"MILLER","KEVIN","kevin.slayton.miller","17D","2024-04-01 09:58:22","Yes","95.40","290.00","Pass","96.00","94.00"
"MUNOZ ESPARZA","BORIS NICOLAS","boris.munoz1@gmail.com","17C","2024-03-28 13:04:03","Yes","91.90","281.00","Pass","94.00","87.00"
"NOVO","ADAM","adam.novo","17C","2024-03-29 21:04:03","Yes","92.85","285.50","Pass","93.00","92.50"
"O'CONNELL","JONATHAN","jonathan.j.oconnell","17B","2024-04-08 13:45:49","Yes","94.25","287.50","Pass","95.00","92.50"
"PENA","NICHOLAS","nick.pena","17C","2024-03-28 07:28:03","Yes","88.95","278.50","Pass","88.50","90.00"
"PERIC","SINISA","pericnino@gmail.com","17D","2024-04-16 19:31:31","Yes","89.55","280.50","Pass","88.50","92.00"
"POWERS","JEREMIAH","jeremiah.j.powers","17B","2024-03-08 08:28:25","Yes","93.60","288.00","Pass","93.00","95.00"
"RICH","GREGORY","gregory.n.rich","17C","2024-03-31 06:13:15","Yes","88.45","279.50","Pass","86.50","93.00"
"RIDLEY","RUSTY","rusty.s.ridley","17A","2024-03-07 23:19:30","Yes","88.95","278.50","Pass","88.50","90.00"
"RINE","STEPHEN","stephen.rine","17B","2024-05-20 13:18:06","Yes","93.45","285.50","Pass","94.50","91.00"
"RISNER","DAKOTA","dakota.m.risner","17B","2024-04-11 13:46:46","Yes","93.20","284.00","Pass","95.00","89.00"
"RIVERA","FRANKLIN","franklin.rivera","17C","2024-03-18 12:01:49","Yes","91.60","280.00","Pass","94.00","86.00"
"Robinson","Christopher","chris.m.robinson","17B","2024-02-27 20:32:47","Yes","90.90","283.00","Pass","90.00","93.00"
"ROBINSON","TRISTAN","tristan.a.robinson","17D","2024-03-08 11:01:25","Yes","89.40","278.00","Pass","90.00","88.00"
"ROSALES","FRANCIS DE GUZMAN","ironman175me@gmail.com","17B","2024-03-07 20:49:27","Yes","91.65","279.50","Pass","94.50","85.00"
"SALCEDO","LEMUEL","lemuel.l.salcedohernandez","17B","2024-03-08 11:43:25","Yes","92.45","283.50","Pass","93.50","90.00"
"SARGEANT","DANIEL","daniel.g.sargeant","17D","2024-04-21 21:59:14","Yes","95.10","289.00","Pass","96.00","93.00"
"SERRATO","PATRICK","patrick.serrato","17C","2024-03-27 20:14:31","Yes","92.25","285.50","Pass","91.50","94.00"
"SHEEHY","CAMERON","cameron.n.sheehy","17B","2024-03-04 19:59:35","Yes","92.30","285.00","Pass","92.00","93.00"
"SIWINGWA","ALINANI","alinanisiwingwa@gmail.com","17A","2024-03-05 11:29:35","Yes","81.60","264.00","Pass","81.00","83.00"
"TREMBLAY","MELISSA","melissa.b.tremblay","17B","2024-04-30 05:27:33","Yes","96.80","294.00","Pass","96.50","97.50"
"VELASCO","NATALIE","natalie.velasco","17D","2024-04-23 12:33:27","Yes","90.60","282.00","Pass","90.00","92.00"
"Waheed","Ryan","khalid.r.waheed","17D","2024-03-06 09:49:36","Yes","92.00","284.00","Pass","92.00","92.00"
"WAINER","ERICK","erick.wainer","17B","2024-04-11 13:41:43","Yes","86.80","272.00","Pass","88.00","84.00"
