﻿"Last Name","First Name","Username","Learner ID","Last Access","Availability","Weighted Total [Total Pts: up to 100 Percentage] |422737","Total [Total Pts: up to 300 Score] |422738","H400A1 Outline and Annotated Bibliography [Total Pts: 100 Pass/Fail] |422744","H400A2 Argumentative Essay [Total Pts: 100 Score] |422745","H400P Contribution to Group Learning [Total Pts: 100 Score] |422746","Interim CTGL [Total Pts: 100 Letter] |427482"
"Balzer","Alyssa","alyssa.h.balzer","14B","2024-05-05 18:59:57","Yes","90.20","282.00","Pass","89.00","93.00","A-"
"BARAJAS","JAVIER","javier.barajas","14C","2024-03-15 12:10:05","Yes","90.50","279.00","Pass","92.00","87.00","B"
"BARNETT","TACORI","tacori.r.barnett","14B","2024-04-17 10:03:54","Yes","84.20","274.00","Pass","80.00","94.00","A"
"BARRETT","JACOB","jacob.m.barrett","14C","2024-03-03 20:53:26","Yes","93.70","287.00","Pass","94.00","93.00","A-"
"BERGEN","ERIK","erik.a.bergen","14A","2024-03-18 11:57:06","Yes","89.20","280.00","Pass","88.00","92.00","A-"
"BRIGGS","DEREK","derek.c.briggs","14C","2024-03-13 14:03:33","Yes","94.00","288.00","Pass","94.00","94.00","A-"
"BRUGLER","MAX","max.a.brugler","14B","2024-04-01 14:12:02","Yes","90.60","282.00","Pass","90.00","92.00","A-"
"BURKETT","WILMER","wilmer.burkett","14B","2024-04-25 20:52:30","Yes","82.20","266.00","Pass","81.00","85.00","B"
"CALLAHAN","KYLE","kyle.callahan","14C","2024-06-08 08:07:05","Yes","94.70","289.00","Pass","95.00","94.00","A"
"CAMPBELL","COLE","cole.c.campbell","14D","2024-03-14 14:05:48","Yes","87.50","277.00","Pass","86.00","91.00","A-"
"CANTLER","SETH","seth.cantler","14B","2024-04-30 10:25:34","Yes","82.40","268.00","Pass","80.00","88.00","B+"
"CASHION","MASON","mason.cashion","14C","2024-04-01 19:56:27","Yes","90.90","283.00","Pass","90.00","93.00","A-"
"COLLINS","DAVID","david.collins10","14A","2024-05-15 08:21:25","Yes","88.60","274.00","Pass","91.00","83.00","B"
"COX","WESLEY","wesley.o.cox","14C","2024-03-28 07:46:03","Yes","95.40","290.00","Pass","96.00","94.00","A"
"CRAWFORD","BRUCE","bruce.t.crawford","14A","2024-05-15 07:20:15","Yes","87.20","276.00","Pass","86.00","90.00","B+"
"DAVIES","SETH","seth.e.davies","14A","2024-04-02 13:31:56","Yes","91.60","284.00","Pass","91.00","93.00","A-"
"DREW","ABIGAIL","abigail.e.drew","14B","2024-05-03 12:46:11","Yes","86.80","276.00","Pass","85.00","91.00","A-"
"Ginther","Jeffrey","jeffrey.a.ginther","14A","2024-04-15 21:51:54","Yes","92.40","284.00","Pass","93.00","91.00","A-"
"HARPER","BENJAMIN","benjamin.c.harper","14A","2024-04-15 11:31:55","Yes","87.90","277.00","Pass","87.00","90.00","B+"
"HECKEL","CHRISTIAN","christian.heckel","14D","2024-03-29 09:13:20","Yes","83.00","270.00","Pass","80.00","90.00","A-"
"HERMAN","JARED","jared.herman","14D","2024-04-29 09:29:31","Yes","92.10","283.00","Pass","93.00","90.00","A-"
"HERNANDEZ","SHELBEE","shelbee.r.cowart","14C","2024-03-21 08:22:27","Yes","88.60","278.00","Pass","88.00","90.00","A-"
"HONORATO","FELIPE","fgfhonorato@gmail.com","14C","2024-03-19 11:22:08","Yes","91.70","283.00","Pass","92.00","91.00","A-"
"JIANG","JIAN-LIANG","rextothebit@gmail.com","14C","2024-03-13 13:40:28","Yes","93.80","286.00","Pass","95.00","91.00","A-"
"JOHNSON","NICHOLAS","nicholas.r.johnson","14D","2024-03-18 08:47:05","Yes","91.70","283.00","Pass","92.00","91.00","A-"
"KANE","IBRAHIMA","p.i.kane@hotmail.fr","14A","2024-03-13 15:08:49","Yes","80.20","262.00","Pass","79.00","83.00","B"
"KHAN","SAAD HAYAT","saadhayatkhan89@gmail.com","14A","2024-03-18 08:40:50","Yes","92.50","283.00","Pass","94.00","89.00","B+"
"KNABEL","ROBERT","robert.f.knabel","14A","2024-03-13 15:34:55","Yes","90.60","282.00","Pass","90.00","92.00","A-"
"KONDRATENKO","DMITRI","dimitry.kondratenko@gmail.com","14B","2024-03-18 08:17:50","Yes","90.60","282.00","Pass","90.00","92.00","A-"
"LANGEL","LISA","lisa.langel","14B","2024-04-08 21:29:49","Yes","85.50","273.00","Pass","84.00","89.00","B+"
"LANTER","MATHEW","mathew.m.lanter","14A","2024-04-01 00:36:22","Yes","88.90","279.00","Pass","88.00","91.00","A-"
"LAYTON","ZACHARY","zach.layton","14A","2024-04-03 10:16:04","Yes","87.20","276.00","Pass","86.00","90.00","A-"
"LOPEZ","ENRIQUE","enrique.lopezjr","14C","2024-04-01 19:16:56","Yes","85.60","272.00","Pass","85.00","87.00","B+"
"LOWE","DANIEL","daniel.g.lowe","14C","2024-04-10 10:23:27","Yes","86.00","272.00","Pass","86.00","86.00","A+"
"MARTINEZ","JOVAN","jovan.martinez","14C","2024-03-14 07:27:48","Yes","91.40","282.00","Pass","92.00","90.00","A-"
"MILLS","JOSHUA","joshua.matthew.mills","14D","2024-05-28 12:12:56","Yes","91.70","283.00","Pass","92.00","91.00","A-"
"MOE","BENJAMIN","benjamin.f.moe","14B","2024-04-18 08:37:45","Yes","96.20","290.00","Pass","98.00","92.00","A-"
"MOORE","KELLY ANN","kellyann.m.moore","14A","2024-03-18 08:12:07","Yes","90.00","280.00","Pass","90.00","90.00","B+"
"MORTON","ANDREW","andrew.c.morton4","14B","2024-05-29 12:01:56","Yes","97.10","293.00","Pass","98.00","95.00","A"
"NAKAHAMA","NAOYA","naoya.nakahama@outlook.jp","14B","2024-05-07 17:06:33","Yes","90.70","281.00","Pass","91.00","90.00","A-"
"ORR","DOUGLAS","douglas.m.orr","14C","2024-06-04 07:10:58","Yes","91.70","279.00","Pass","95.00","84.00","B"
"PADILLA","ARELIS","arelis.padilla","14A","2024-05-17 08:22:21","Yes","91.40","282.00","Pass","92.00","90.00","A-"
"PEATT","WOODROW","woodrow.j.peatt","14C","2024-03-18 09:33:50","Yes","88.20","278.00","Pass","87.00","91.00","A-"
"PEREZ","JESENIA","jesenia.perez1","14C","2024-04-25 15:22:28","Yes","83.60","268.00","Pass","83.00","85.00","B"
"PERNIA","JOSE","jose.e.pernia","14A","2024-05-10 11:34:06","Yes","91.60","284.00","Pass","91.00","93.00","A-"
"PURUGGANAN","PEPITO","pepito.purugganan","14D","2024-04-30 12:57:30","Yes","88.30","277.00","Pass","88.00","89.00","B+"
"RAMIREZ","KAYLEE","kaylee.radzyminski","14D","2024-04-24 04:34:27","Yes","93.80","286.00","Pass","95.00","91.00","A-"
"RETSCH","CHRISTOPHER","christopher.retsch","14D","2024-04-08 08:00:37","Yes","92.40","284.00","Pass","93.00","91.00","A-"
"Sakamoto","Yohei","yohei.sakamoto","14B","2024-03-17 18:03:49","Yes","90.00","280.00","Pass","90.00","90.00","A-"
"SHORKEY","CURTISS","curtiss.shorkey","14A","2024-04-01 07:44:05","Yes","92.00","284.00","Pass","92.00","92.00","A-"
"SHUMAR","THOMAS","thomas.shumar","14B","2024-04-09 14:33:37","Yes","92.30","285.00","Pass","92.00","93.00","A-"
"SKAGEN","ERLEND","erlend.skagen@gmail.com","14D","2024-03-28 08:13:14","Yes","95.40","290.00","Pass","96.00","94.00","A"
"SOUTHWORTH","RYAN","ryan.s.southworth","14D","2024-06-03 00:03:58","Yes","94.40","288.00","Pass","95.00","93.00","A-"
"SPANN","DELRISHA","risha.spann","14D","2024-03-05 19:51:32","Yes","78.00","260.00","Pass","75.00","85.00","B"
"SUMAIR","RAJINDER","rajinder.sumair","14B","2024-05-02 13:41:55","Yes","90.30","281.00","Pass","90.00","91.00","A-"
"Tudor","Daniel","daniel.r.tudor","14D","2024-03-23 10:06:28","Yes","95.90","289.00","Pass","98.00","91.00","A-"
