﻿"Last Name","First Name","Username","Learner ID","Last Access","Availability","Weighted Total [Total Pts: up to 100 Percentage] |422697","Total [Total Pts: up to 300 Score] |422698","H400A1 Outline and Annotated Bibliography [Total Pts: 100 Pass/Fail] |422704","H400A2 Argumentative Essay [Total Pts: 100 Score] |422705","H400P Contribution to Group Learning [Total Pts: 100 Score] |422706"
"ADAEV","AZATBEK","aitmamatazatbek@gmail.com","10B","2024-03-26 10:22:30","Yes","86.40","263.00","Pass","90.00","78.00"
"BAIS","MARIA","maria.b.bais","10A","2024-03-27 08:49:30","Yes","87.80","273.00","Pass","86.00","92.00"
"BARNDT","DAVID","david.barndt","10D","2024-04-18 13:12:11","Yes","90.40","271.00","Pass","94.00","82.00"
"BARRY","NICOLAS","nicolas.y.barry","10B","2024-03-26 08:25:29","Yes","93.80","285.00","Pass","92.00","98.00"
"BEAUDOIN","MARC","marc.beaudoin","10D","2024-04-22 18:12:15","Yes","98.60","293.00","Pass","98.00","100.00"
"BERGMAN","JOHN","john.p.bergman","10B","2024-04-01 21:38:03","Yes","96.50","290.00","Pass","95.00","100.00"
"BLESS","JONATHON","jonathon.bless","10C","2024-03-03 07:42:28","Yes","88.80","279.00","Pass","84.00","100.00"
"BOOKER","DEMETRIST","demetrist.booker","10A","2024-04-30 09:03:31","Yes","86.40","271.00","Pass","84.00","92.00"
"BOSCH","TREVOR","trevor.w.bosch","10C","2024-03-25 15:08:35","Yes","86.20","278.00","Pass","82.00","96.00"
"BRINCKS","TIMOTHY","timothy.brincks","10D","2024-03-27 08:26:36","Yes","89.70","270.00","Pass","93.00","82.00"
"BURNETT","ERIC","eric.m.burnett","10A","2024-03-26 10:41:29","Yes","93.70","286.00","Pass","91.00","100.00"
"CHU","ERIC","eric.chu2","10D","2024-05-14 10:23:08","Yes","91.40","277.00","Pass","92.00","90.00"
"DAM","DUONG","duong.x.dam","10A","2024-04-09 12:43:44","Yes","88.10","278.00","Pass","83.00","100.00"
"DAWSON","LUKE","luke.dawson1","10C","2024-03-04 17:28:52","Yes","95.30","286.00","Pass","95.00","96.00"
"DIEPPA","EDWARD","edward.t.dieppa","10C","2024-03-28 08:09:19","Yes","96.50","290.00","Pass","95.00","100.00"
"DILLEY","ROBERT","robert.dilley","10D","2024-05-16 09:55:18","Yes","95.80","289.00","Pass","94.00","100.00"
"FATH","GRANT","grant.s.fath","10D","2024-03-25 08:28:29","Yes","97.20","291.00","Pass","96.00","100.00"
"FERGUSON","SHAISHA","shaisha.m.ferguson","10C","2024-03-18 11:52:50","Yes","90.20","273.00","Pass","92.00","86.00"
"GANNON","THOMAS","thomas.p.gannon","10B","2024-03-26 14:07:31","Yes","90.20","281.00","Pass","86.00","100.00"
"GOBER","GERALD","gerald.gober","10D","2024-03-21 14:47:30","Yes","82.10","266.00","Pass","77.00","94.00"
"GRIFFIN","CHARLES","charles.r.griffin2","10A","2024-03-25 19:00:35","Yes","91.30","278.00","Pass","91.00","92.00"
"HAPPEL","WILLIAM","willhappel@gmail.com","10C","2024-04-19 16:34:13","Yes","93.00","285.00","Pass","90.00","100.00"
"HEINEMAN","ALESHA","alesha.f.heineman","10C","2024-03-26 10:17:35","Yes","91.40","277.00","Pass","92.00","90.00"
"HERNANDEZ","KAITLYN","kaitlyn.m.hernandez","10B","2024-03-05 13:30:35","Yes","88.70","276.00","Pass","86.00","95.00"
"HORNING","TYLER","tyler.horning","10A","2024-03-25 15:03:30","Yes","92.50","282.00","Pass","91.00","96.00"
"HUBER","JACOB","jacob.w.huber","10B","2024-04-08 12:30:54","Yes","90.10","278.00","Pass","88.00","95.00"
"IVESON","MATTHEW","matthew.s.iveson","10A","2024-03-16 17:40:48","Yes","95.10","288.00","Pass","93.00","100.00"
"JEONG","MIN HYEONG","cpt.mhjeong@gmail.com","10A","2024-06-03 06:33:57","Yes","88.00","271.00","Pass","88.00","88.00"
"JOHNSON","DWAYNE","dwayne.a.johnson62","10B","2024-03-26 10:31:30","Yes","83.40","257.00","Pass","87.00","75.00"
"KARHALSKOV","TARAS","tarikprofff@gmail.com","10D","2024-05-21 07:47:09","Yes","90.00","275.00","Pass","90.00","90.00"
"KRANT","MICHAEL","michael.krant","10C","2024-05-14 09:37:18","Yes","93.70","286.00","Pass","91.00","100.00"
"LAND","KATE","katelyn.j.hickey","10C","2024-04-12 08:18:47","Yes","90.90","282.00","Pass","87.00","100.00"
"LARA","MARY","mary.c.archambeault","10D","2024-04-11 13:47:41","Yes","91.40","277.00","Pass","92.00","90.00"
"LAUGHTON","NATHAN","nathan.laughton","10C","2024-05-07 22:08:34","Yes","93.20","283.00","Pass","92.00","96.00"
"LEE","RYAN","ryan.m.lee6","10D","2024-03-25 11:29:30","Yes","96.50","290.00","Pass","95.00","100.00"
"LONG","CALEB","caleb.w.long","10B","2024-03-27 20:27:32","Yes","90.10","278.00","Pass","88.00","95.00"
"MAGGIO","CORY","cory.a.maggio","10C","2024-03-26 08:39:35","Yes","94.30","284.00","Pass","94.00","95.00"
"MAYER","DANIEL","daniel.j.mayer2","10A","2024-04-14 17:44:54","Yes","90.90","282.00","Pass","87.00","100.00"
"MCCARTHY","DENA","dena.dorsett","10B","2024-03-26 11:53:30","Yes","82.20","257.00","Pass","84.00","78.00"
"MCKEETH","KARL","karl.a.mckeeth","10B","2024-04-08 06:57:45","Yes","96.50","290.00","Pass","95.00","100.00"
"MULVIHILL","MATTHEW","matthew.j.mulvihill","10A","2024-04-29 23:38:29","Yes","87.10","272.00","Pass","85.00","92.00"
"Napoli","Amy","amy.swan","10A","2024-03-25 15:07:35","Yes","91.60","283.00","Pass","88.00","100.00"
"Putnam","Matthew","matthew.e.putnam","10D","2024-03-27 12:08:36","Yes","90.30","280.00","Pass","87.00","98.00"
"RESTITUYO MATOS","MARCOS RAMIRO","marcosrestituyo@gmail.com","10B","2024-03-26 13:32:30","Yes","80.60","253.00","Pass","83.00","75.00"
"ROSENHAN","ALAN","alan.n.rosenhan","10B","2024-05-08 21:44:32","Yes","95.10","288.00","Pass","93.00","100.00"
"SIMONS","BRETT","brett.simons1","10C","2024-03-26 11:49:35","Yes","93.20","283.00","Pass","92.00","96.00"
"SIMPKINS","JASON","jason.l.simpkins2","10A","2024-03-25 16:59:31","Yes","89.70","278.00","Pass","87.00","96.00"
"SMITH","TYLER","tyler.banks.smith","10D","2024-03-29 09:17:03","Yes","93.70","286.00","Pass","91.00","100.00"
"SOKIRKIN","ALEXANDER","alex.sokirkin","10D","2024-05-01 07:40:32","Yes","94.40","287.00","Pass","92.00","100.00"
"SOLONAR","ASHLEY","ashley.l.heltemes","10D","2024-03-26 11:53:31","Yes","90.20","281.00","Pass","86.00","100.00"
"STANKOVIC","MILOS","bmwnbc@hotmail.com","10A","2024-05-01 13:41:34","Yes","90.90","282.00","Pass","87.00","100.00"
"STATEN","ABRAM","abram.staten","10D","2024-03-25 15:22:29","Yes","81.40","257.00","Pass","82.00","80.00"
"STEEL","JONATHAN","jonathan.steel","10C","2024-03-22 13:54:28","Yes","95.10","288.00","Pass","93.00","100.00"
"SUCHOMSKI","KYLE","kyle.suchomski","10B","2024-03-19 08:00:08","Yes","96.60","289.00","Pass","96.00","98.00"
"WHITE","ZACHARIAH","zachariah.s.white","10B","2024-05-10 11:53:06","Yes","90.10","278.00","Pass","88.00","95.00"
"WHITELEY","ROBERT","robert.k.whiteley","10C","2024-03-26 07:48:35","Yes","90.10","274.00","Pass","91.00","88.00"
"WINEINGER","JON","jon.m.wineinger","10B","2024-04-09 20:18:38","Yes","91.60","283.00","Pass","88.00","100.00"
