﻿"Last Name","First Name","Username","Learner ID","Last Access","Availability","Weighted Total [Total Pts: up to 100 Percentage] |422687","Total [Total Pts: up to 300 Score] |422688","H400A1 Outline and Annotated Bibliography [Total Pts: 100 Pass/Fail] |422694","H400A2 Argumentative Essay [Total Pts: 100 Score] |422695","H400P Contribution to Group Learning [Total Pts: 100 Score] |422696","Interim Contribution to Learning Grade [Total Pts: 100 Score] |427481"
"ADAMS","AARON","aaron.a.adams1","09C","2024-04-04 09:04:05","Yes","87.55","276.50","Pass","86.50","90.00",""
"ALEXIS","GRANT","grant.t.alexis","09D","2024-05-02 10:21:22","Yes","95.50","289.00","Pass","97.00","92.00",""
"ALGHAREEB","MOHAMMAD A M KHI","q8trip89@gmail.com","09A","2024-04-02 17:09:28","Yes","86.77","275.90","Pass","85.00","90.90","91.00"
"ALPERT","ALEXANDER","alexander.alpert","09B","2024-03-14 15:23:04","Yes","93.60","288.00","Pass","93.00","95.00",""
"BITCA","SIMION","bitcasimion@gmail.com","09C","2024-03-26 13:01:30","Yes","90.00","280.00","Pass","90.00","90.00",""
"BLAIR","T.","taylor.blair","09A","2024-03-27 13:10:36","Yes","90.181","283.27","Pass","88.00","95.27","95.00"
"CLAYPOOL","EUGENE","ej.claypool","09D","2024-05-29 08:55:22","Yes","90.40","284.00","Pass","88.00","96.00",""
"CRISE","ADAM","adam.m.crise","09A","2024-04-19 12:29:45","Yes","87.808","279.36","Pass","85.00","94.36","95.50"
"DRAKE","CHAD","chad.jamison.drake","09B","2024-04-25 10:48:31","Yes","87.00","274.00","Pass","87.00","87.00",""
"DUBOSE","GREGORY","gregory.f.dubose","09D","2024-03-08 09:22:25","Yes","89.30","279.00","Pass","89.00","90.00",""
"EGERTON","GAVIN","gav_egerton@hotmail.com","09B","2024-05-05 19:03:14","Yes","95.60","292.00","Pass","95.00","97.00",""
"ENGEL","JESSICA","jessica.letarte","09C","2024-03-01 03:47:36","Yes","94.20","290.00","Pass","93.00","97.00",""
"FAIRCHILD","SKYLAR","skylar.a.fairchild","09B","2024-03-28 10:46:14","Yes","87.90","277.00","Pass","87.00","90.00",""
"FELICIANO-VELTZE","ALEXANDRA","alexandra.c.feliciano","09B","2024-03-21 07:53:33","Yes","90.60","282.00","Pass","90.00","92.00",""
"FERGUSON","AARON","aaron.ferguson1","09A","2024-03-27 10:02:32","Yes","90.55","284.50","Pass","88.00","96.50","95.60"
"FRAZIER","LUKE","luke.frazier","09C","2024-03-08 08:45:30","Yes","86.60","274.00","Pass","86.00","88.00",""
"FRAZIER","SALENA","salena.vang","09A","2024-03-27 09:31:30","Yes","87.781","279.27","Pass","85.00","94.27","93.33"
"GERDES","TYSON","tyson.gerdes","09A","2024-03-27 09:41:30","Yes","90.04","282.80","Pass","88.00","94.80","94.33"
"GRANT","PHILIP","philip.n.grant","09A","2024-03-27 09:05:30","Yes","85.75","276.50","Pass","82.00","94.50","94.33"
"HEIDEMAN","DUSTIN","dustin.g.heideman","09A","2024-03-27 09:33:36","Yes","92.489","285.63","Pass","92.00","93.63","93.16"
"HORNING","STEPHEN","stephen.horning","09D","2024-03-24 13:03:29","Yes","89.00","278.00","Pass","89.00","89.00",""
"HORRELL","ALEXANDER","alexander.c.horrell","09B","2024-03-21 07:45:33","Yes","93.20","288.00","Pass","92.00","96.00",""
"HUMPHREY","ROBBIE","robbie.humphrey","09C","2024-03-28 11:09:02","Yes","88.30","277.00","Pass","88.00","89.00",""
"JACKSON","JORDAN","jordan.l.jackson","09C","2024-03-03 08:28:26","Yes","91.20","284.00","Pass","90.00","94.00",""
"KEARNEY","ROBERT","robert.a.kearney2","09A","2024-03-27 13:16:32","Yes","88.90","279.00","Pass","88.00","91.00","93.33"
"KELLY","AMANDA","amanda.l.oleary","09D","2024-03-27 07:06:32","Yes","90.50","283.00","Pass","89.00","94.00",""
"KIM","TAE HYUN","c15962@gmail.com","09B","2024-03-26 02:43:35","Yes","90.00","280.00","Pass","90.00","90.00",""
"KOVITCH","TREVOR","trevor.kovitch","09B","2024-03-04 07:39:52","Yes","86.50","275.00","Pass","85.00","90.00",""
"KRAEMER","DOUGLAS","douglas.p.kraemer","09B","2024-03-04 08:44:52","Yes","90.20","282.00","Pass","89.00","93.00",""
"LACHGAR","ABDELHADI","imadilaf84@gmail.com","09A","2024-05-29 18:37:53","Yes","90.835","285.45","Pass","88.00","97.45","97.00"
"LEE","JESSICA","jessica.h.lee","09C","2024-04-19 00:28:12","Yes","88.40","276.00","Pass","89.00","87.00",""
"LIKES","MATTHEW","matt.likes","09D","2024-04-01 13:34:27","Yes","93.00","286.00","Pass","93.00","93.00",""
"LILLEY","DANIEL","daniel.d.lilley","09B","2024-02-27 19:46:47","Yes","93.00","286.00","Pass","93.00","93.00",""
"LINDER","MICHAEL","micha.linder@gmx.de","09D","2024-03-04 10:14:30","Yes","90.60","282.00","Pass","90.00","92.00",""
"MARSHALL","NATASHA","natasha.krupsky","09D","2024-03-21 14:40:28","Yes","91.20","284.00","Pass","90.00","94.00",""
"MATHEWS","MITCHELL","mitchell.mathews","09D","2024-04-11 09:50:54","Yes","87.90","277.00","Pass","87.00","90.00",""
"MCCREARY","STEVEN","steven.v.mccreary","09C","2024-05-23 08:25:49","Yes","94.20","290.00","Pass","93.00","97.00",""
"MCKNIGHT","IAN","ian.e.mcknight","09C","2024-03-26 08:02:35","Yes","90.70","285.00","Pass","88.00","97.00",""
"MILLS","RICHARD","richard.m.mills","09A","2024-03-27 11:54:30","Yes","90.016","282.72","Pass","88.00","94.72","94.00"
"MONTGOMERY","JESSE","jesse.i.montgomery","09D","2024-04-01 13:32:56","Yes","96.10","291.00","Pass","97.00","94.00",""
"PARK","NICHOLAS","nicholas.e.park","09A","2024-04-17 11:38:31","Yes","95.081","290.27","Pass","95.00","95.27","95.00"
"RENO","BRYAN","bryan.s.reno","09D","2024-03-25 07:19:34","Yes","88.60","278.00","Pass","88.00","90.00",""
"RICHARDS","PAUL","paul.d.richards","09D","2024-03-04 08:24:52","Yes","87.00","274.00","Pass","87.00","87.00",""
"RODRIGUEZ","SERGIO","sergio.r.rodriguez","09B","2024-03-21 12:54:27","Yes","90.70","285.00","Pass","88.00","97.00",""
"RUHL","JOHN","john.f.ruhl","09C","2024-03-21 08:19:33","Yes","87.90","277.00","Pass","87.00","90.00",""
"SA","MINH NGOC","sangoc.vndpko@gmail.com","09D","2024-05-05 17:43:26","Yes","93.70","287.00","Pass","94.00","93.00",""
"STRECK","KELLY","kelly.t.streck","09D","2024-05-28 09:44:21","Yes","90.50","283.00","Pass","89.00","94.00",""
"TAYLOR","LAMAREN","lamaren.q.taylor","09C","2024-03-04 07:58:30","Yes","87.90","277.00","Pass","87.00","90.00",""
"TINDALL","PAUL","paul.n.tindall","09C","2024-05-02 06:04:52","Yes","94.30","289.00","Pass","94.00","95.00",""
"TRESNAK","MAX","max.j.tresnak","09B","2024-03-24 10:29:30","Yes","86.90","275.00","Pass","86.00","89.00",""
"TURPIN","ANDREW","andrew.turpin","09D","2024-04-15 11:55:53","Yes","88.60","278.00","Pass","88.00","90.00",""
"VASILIAUSKAS","EDVARDAS","edvardas.vasiliauskas@gmail.com","09C","2024-04-26 21:08:28","Yes","92.90","287.00","Pass","92.00","95.00",""
"WALSH","JOSHUA","joshua.l.walsh","09A","2024-04-26 11:36:28","Yes","90.016","282.72","Pass","88.00","94.72","92.66"
"WALTERS","ALEXANDER","alexander.m.walters","09C","2024-04-04 13:08:07","Yes","90.50","283.00","Pass","89.00","94.00",""
"WILSON","CARDIA","cardia.wilson","09B","2024-04-01 10:28:16","Yes","90.00","280.00","Pass","90.00","90.00",""
"WOLFGANG","DUSTIN","dustin.wolfgang","09C","2024-05-03 21:02:12","Yes","88.60","278.00","Pass","88.00","90.00",""
