﻿"Last Name","First Name","Username","Learner ID","Last Access","Availability","Weighted Total [Total Pts: up to 100 Percentage] |422667","Total [Total Pts: up to 300 Score] |422668","H400A1 Outline and Annotated Bibliography [Total Pts: 100 Pass/Fail] |422674","H400A2 Argumentative Essay [Total Pts: 100 Score] |422675","H400P Contribution to Group Learning [Total Pts: 100 Score] |422676"
"ADAMS","JOSEPH","joseph.r.adams2","07A","2024-03-19 08:30:06","Yes","91.30","283.00","Pass","91.00","92.00"
"ADAMS","SARA","sara.c.peters","07A","2024-04-06 13:33:37","Yes","94.00","288.00","Pass","94.00","94.00"
"AGUAS","RAMON","ramon.aguas","07B","2024-04-30 07:25:33","Yes","73.70","259.00","Pass","65.00","94.00"
"BALES","JACOB","jacob.d.bales","07A","2024-03-10 16:28:46","Yes","94.70","289.00","Pass","95.00","94.00"
"BLIZARD","JUSTIN","justin.p.blizard","07A","2024-04-16 09:56:56","Yes","95.30","291.00","Pass","95.00","96.00"
"BORDELON","ANDREW","andrew.w.bordelon","07A","2024-06-03 07:25:58","Yes","93.20","288.00","Pass","92.00","96.00"
"BURRIS","JESSICA","jessica.burris","07D","2024-04-07 17:55:37","Yes","94.20","290.00","Pass","93.00","97.00"
"CAMPBELL","STEPHEN","stephen.p.campbell2","07D","2024-04-07 08:37:32","Yes","92.20","286.00","Pass","91.00","95.00"
"CARABALLO","JONATHAN","jonathan.a.caraballo","07A","2024-05-28 10:12:52","Yes","84.60","274.00","Pass","81.00","93.00"
"CHISHOLM","SCOTT","scott.c.chisholm","07C","2024-04-08 14:48:44","Yes","91.70","283.00","Pass","92.00","91.00"
"CHRISTOPHER","KIENTZ","christopher.m.kientz","07D","2024-04-07 14:18:37","Yes","94.00","288.00","Pass","94.00","94.00"
"COLON","ERA-PAULINE","era-pauline.m.colon","07C","2024-05-30 17:47:10","Yes","85.70","271.00","Pass","86.00","85.00"
"COX","WILLIAM","peary.cox","07A","2024-04-06 11:16:37","Yes","92.60","286.00","Pass","92.00","94.00"
"CUSTER","BRIAN","brian.custer","07C","2024-03-27 17:13:36","Yes","93.20","288.00","Pass","92.00","96.00"
"DUPRE","NICHOLAS","nicholas.w.dupre","07A","2024-05-16 01:20:21","Yes","94.60","290.00","Pass","94.00","96.00"
"EAKER","JORDAN","jordan.b.eaker","07B","2024-04-10 08:28:50","Yes","92.60","286.00","Pass","92.00","94.00"
"EDGERSON","JAMILA","jamila.c.edgerson","07C","2024-03-20 21:45:09","Yes","92.00","284.00","Pass","92.00","92.00"
"EHMEYDA","AHMED","ahmedhameida2@gmail.com","07A","2024-04-18 12:24:51","Yes","94.60","290.00","Pass","94.00","96.00"
"ESCAY","BRENT","brent.l.escay","07D","2024-04-04 16:43:06","Yes","94.60","290.00","Pass","94.00","96.00"
"FUJINAKA","SAMUEL","samuel.fujinaka","07B","2024-04-23 15:28:29","Yes","94.60","290.00","Pass","94.00","96.00"
"HEINSOHN","MATTHEW","matthew.heinsohn","07C","2024-03-27 04:56:36","Yes","95.30","291.00","Pass","95.00","96.00"
"HORSWILL","ROSANNE","rosanne.m.horswill","07D","2024-06-03 17:31:57","Yes","95.30","291.00","Pass","95.00","96.00"
"HWANG","JAE","jae.s.hwang","07D","2024-04-11 18:16:41","Yes","92.30","285.00","Pass","92.00","93.00"
"JOHNSTONE","SIMON","simon.a.johnstone","07D","2024-04-12 10:58:55","Yes","94.80","288.00","Pass","96.00","92.00"
"KEITH","CRAIG","craig.w.keith","07C","2024-05-20 08:37:24","Yes","93.00","286.00","Pass","93.00","93.00"
"LAWRENCE","KEVIN","kevin.m.lawrence","07C","2024-03-29 08:18:03","Yes","93.90","289.00","Pass","93.00","96.00"
"MALDONADO","GENEVIEVE","genevieve.n.pena2","07B","2024-03-25 09:00:31","Yes","89.00","278.00","Pass","89.00","89.00"
"MCGOWEN","DERREK","derrek.t.mcgowen","07D","2024-04-05 22:31:35","Yes","94.20","290.00","Pass","93.00","97.00"
"MCQUILLAN","IAN","ian.j.mcquillan","07B","2024-05-28 13:36:52","Yes","94.60","290.00","Pass","94.00","96.00"
"MILLER","CONNOR","connor.w.miller","07B","2024-05-29 13:44:53","Yes","96.00","292.00","Pass","96.00","96.00"
"MILLER","ROBERT","robert.e.miller12","07C","2024-04-18 08:28:44","Yes","94.20","290.00","Pass","93.00","97.00"
"MINICK","DESTINY","destiny.j.minick","07A","2024-03-14 08:28:48","Yes","91.60","284.00","Pass","91.00","93.00"
"MOHD ZULKIPLI","AHMAD SHAFIQ IKMAR BIN","shafiqzulkipli@yahoo.com","07D","2024-04-06 10:43:35","Yes","92.40","284.00","Pass","93.00","91.00"
"MOSCOSO","ISAAC","isaac.r.moscoso","07B","2024-03-17 19:47:07","Yes","95.30","291.00","Pass","95.00","96.00"
"MURPHY","LANCE","lance.r.murphy","07B","2024-04-08 07:48:37","Yes","91.90","285.00","Pass","91.00","94.00"
"O'BRIEN","COLIN","colin.j.obrien1","07B","2024-03-30 11:16:21","Yes","92.30","285.00","Pass","92.00","93.00"
"OSBORNE","MATTHEW","matthew.j.osborne2","07C","2024-04-24 12:04:31","Yes","90.40","284.00","Pass","88.00","96.00"
"PAYNTER","ANDREW","andrew.f.paynter","07B","2024-03-18 09:33:05","Yes","91.50","285.00","Pass","90.00","95.00"
"RAMIREZ","ANTHONY","anthony.ramirez14","07A","2024-05-03 06:44:11","Yes","94.60","290.00","Pass","94.00","96.00"
"Randolph","Antonio","antonio.randolph","07A","2024-04-07 18:31:32","Yes","91.80","286.00","Pass","90.00","96.00"
"RANDOLPH","JERRYL","jerryl.d.randolph","07D","2024-04-05 18:58:44","Yes","93.20","288.00","Pass","92.00","96.00"
"RICHARDSON","WILLIAM","william.m.richardson2","07A","2024-04-28 21:10:29","Yes","90.40","284.00","Pass","88.00","96.00"
"ROZITIS","ANDRIS","andris@zzk.lv","07D","2024-04-06 07:50:44","Yes","93.30","287.00","Pass","93.00","94.00"
"SAMPLER","KEVIN","kevin.sampler","07D","2024-04-08 07:10:35","Yes","90.20","282.00","Pass","89.00","93.00"
"SANDERS","ALEXIS","alexis.k.billo","07B","2024-04-08 08:28:35","Yes","91.90","285.00","Pass","91.00","94.00"
"SEARS","SAMUEL","samuel.sears","07B","2024-03-25 10:17:29","Yes","93.60","288.00","Pass","93.00","95.00"
"SHEPHERD","DOMINIC A","dshepherddas@gmail.com","07C","2024-04-02 16:42:56","Yes","90.10","283.00","Pass","88.00","95.00"
"SHUMAKER","RYAN","ryan.shumaker","07C","2024-04-15 08:30:53","Yes","86.70","277.00","Pass","84.00","93.00"
"SMALL","DELANA","delana.i.small","07C","2024-05-06 12:34:57","Yes","88.70","281.00","Pass","86.00","95.00"
"STONECYPHER","DANIEL","daniel.e.stonecypher2","07B","2024-04-12 07:35:55","Yes","88.00","276.00","Pass","88.00","88.00"
"SWEENEY","PATRICK","patrick.sweeney4","07C","2024-03-28 07:28:19","Yes","94.20","290.00","Pass","93.00","97.00"
"THOMAS","ANDREW","andrew.thomas18","07C","2024-03-29 14:33:21","Yes","90.60","282.00","Pass","90.00","92.00"
"TORGERSEN","BENJAMIN","benjamin.h.torgersen","07D","2024-06-04 06:22:58","Yes","97.40","294.00","Pass","98.00","96.00"
"TREFAS","DANIEL-CATALIN","trefas.daniel@forter.ro","07C","2024-04-27 18:00:30","Yes","94.60","290.00","Pass","94.00","96.00"
"VAUGHN","KATHRYN","kathryn.a.vaughn","07D","2024-04-09 08:45:49","Yes","94.20","290.00","Pass","93.00","97.00"
"YI","CASPAR","caspar.yi","07A","2024-05-05 18:35:14","Yes","91.90","285.00","Pass","91.00","94.00"
"ZOUGHANA","TAYMOUR SAMI","zoughanat@gmail.com","07A","2024-05-02 20:43:11","Yes","94.30","289.00","Pass","94.00","95.00"
