﻿"Last Name","First Name","Username","Learner ID","Last Access","Availability","Weighted Total [Total Pts: up to 100 Percentage] |422717","Total [Total Pts: up to 300 Score] |422718","H400A1 Outline and Annotated Bibliography [Total Pts: 100 Pass/Fail] |422724","H400A2 Argumentative Essay [Total Pts: 100 Score] |422725","H400P Contribution to Group Learning [Total Pts: 100 Score] |422726","Interim Contribution to Group Learning [Total Pts: 0 Score] |428253"
"AL-HOUSNI","TARIQ ABDALLAH SALIM","tariqalhosnie84@gmail.com","12A","2024-04-06 10:21:35","Yes","89.30","369.00","Pass","89.00","90.00","90.00"
"AUGELLO","JOSEPH","joseph.augello","12C","2024-05-02 15:04:22","Yes","91.50","381.00","Pass","90.00","95.00","96.00"
"BARKER","JEFFREY","jeffrey.barker2","12C","2024-04-05 16:01:32","Yes","94.40","381.00","Pass","95.00","93.00","93.00"
"BEMENT","MICHELLE","susanne.bement","12B","2024-04-05 21:33:32","Yes","91.40","372.00","Pass","92.00","90.00","90.00"
"BOUVIER","MATTHEW","matthew.f.bouvier","12B","2024-05-19 16:37:23","Yes","93.20","383.00","Pass","92.00","96.00","95.00"
"BRINDLE","CLAIRE","claire.v.simpson","12A","2024-05-16 12:15:02","Yes","98.00","394.00","Pass","98.00","98.00","98.00"
"BUSS","BRADLEY","bradley.buss","12C","2024-03-03 19:28:51","Yes","94.60","386.00","Pass","94.00","96.00","96.00"
"CHANDLER","MELISSA","melissa.chandler3","12B","2024-04-07 17:02:37","Yes","92.70","377.00","Pass","93.00","92.00","92.00"
"CONLEY","JOHN","john.conley3","12A","2024-04-22 07:02:22","Yes","85.60","359.00","Pass","85.00","87.00","87.00"
"COPELAND","PATRICK","patrick.copeland","12A","2024-04-05 11:21:08","Yes","96.60","392.00","Pass","96.00","98.00","98.00"
"CORRIDAN","RYAN","ryan.p.corridan","12A","2024-04-07 13:29:32","Yes","96.10","385.00","Pass","97.00","94.00","94.00"
"COYNER","CATHERINE","catherine.a.wahlman","12D","2024-04-07 11:43:35","Yes","92.90","382.00","Pass","92.00","95.00","95.00"
"DAVIS","RACHEL","rachel.a.davis4","12C","2024-04-05 14:27:17","Yes","95.40","384.00","Pass","96.00","94.00","94.00"
"DOUGLAS","KYLE","kyle.raymond.douglas","12D","2024-04-02 12:36:56","Yes","94.10","379.00","Pass","95.00","92.00","92.00"
"Downing","David","david.c.downing","12A","2024-04-05 11:01:17","Yes","95.30","385.00","Pass","95.00","96.00","94.00"
"FATOOL","SAMUEL","samuel.fatool","12A","2024-05-10 05:53:26","Yes","97.00","390.00","Pass","97.00","97.00","96.00"
"Feldner","Jay","joseph.feldner","12D","2024-04-08 06:33:35","Yes","90.90","376.00","Pass","90.00","93.00","93.00"
"FOXWORTH","ANTHONY","anthony.l.foxworth","12B","2024-04-05 21:31:32","Yes","92.50","382.00","Pass","91.00","96.00","95.00"
"FREEMAN","VIDAL","vidal.l.freeman","12B","2024-04-15 09:18:54","Yes","92.80","374.00","Pass","94.00","90.00","90.00"
"GRIFFIN","BLAIRE","blaire.griffin","12C","2024-04-24 10:16:29","Yes","90.60","373.00","Pass","90.00","92.00","91.00"
"HAGGARD","KATHLEEN","kathleen.m.haggard","12B","2024-04-10 11:49:44","Yes","92.10","384.00","Pass","90.00","97.00","97.00"
"HIGGINS","SARA","sara.higgins","12A","2024-04-05 13:27:17","Yes","91.20","376.00","Pass","90.00","94.00","92.00"
"HUTTON","BRIAN","brian.j.hutton","12C","2024-03-03 18:10:34","Yes","90.60","375.00","Pass","90.00","92.00","93.00"
"IOTT","JUSTIN","justin.iott","12B","2024-04-28 15:51:29","Yes","95.00","385.00","Pass","95.00","95.00","95.00"
"LA GRAND","PIERRE","grandlapierre@gmail.com","12D","2024-04-07 21:11:37","Yes","95.00","385.00","Pass","95.00","95.00","95.00"
"LAWAL","SALMAN MOHAMMED","salmanlawal60rc@gmail.com","12A","2024-04-08 04:28:32","Yes","88.50","371.00","Pass","87.00","92.00","92.00"
"LEEMON","JAYNE","jayne.a.leemon","12D","2024-04-23 14:50:30","Yes","98.40","393.00","Pass","99.00","97.00","97.00"
"LIGON","JOHN","john.clayton.ligon","12A","2024-05-21 08:14:18","Yes","94.50","388.00","Pass","93.00","98.00","97.00"
"LIND","BRENDAN","brendan.lind","12B","2024-04-05 21:32:37","Yes","89.50","373.00","Pass","88.00","93.00","92.00"
"LYLE","ROBERT","robert.lyle1","12A","2024-04-07 09:44:37","Yes","96.00","388.00","Pass","96.00","96.00","96.00"
"LYNCH","DANIEL","daniel.c.lynch","12B","2024-04-05 21:33:37","Yes","90.00","370.00","Pass","90.00","90.00","90.00"
"MACH","JAKUB","mach.jakub@gmail.com","12B","2024-04-15 06:19:53","Yes","95.10","381.00","Pass","96.00","93.00","92.00"
"MANERA","GODFREY","godfrey.a.manera","12A","2024-05-14 15:33:08","Yes","92.10","373.00","Pass","93.00","90.00","90.00"
"MATECHIK","THOMAS","thomas.p.matechik","12B","2024-04-05 21:35:37","Yes","96.30","390.00","Pass","96.00","97.00","97.00"
"MATOCHA","GARY","gary.matocha","12C","2024-04-07 12:30:32","Yes","93.40","379.00","Pass","94.00","92.00","93.00"
"MCCARTHY","JAMES","james.j.mccarthy102","12C","2024-05-28 19:05:10","Yes","96.30","388.00","Pass","96.00","97.00","95.00"
"MCLANE","REBEKAH","rebekah.r.mclane","12D","2024-03-03 21:01:26","Yes","97.00","391.00","Pass","97.00","97.00","97.00"
"MIURA","KEN","kenmiurakm@gmail.com","12C","2024-04-30 17:23:38","Yes","96.40","385.00","Pass","97.00","95.00","93.00"
"OH","TIMOTHY","timothy.oh","12D","2024-04-08 18:04:44","Yes","90.00","370.00","Pass","90.00","90.00","90.00"
"OPP","BRIDGER","bridger.s.opp","12B","2024-05-02 12:00:55","Yes","97.00","391.00","Pass","97.00","97.00","97.00"
"PATTERSON","MATTHEW","matthew.e.patterson12","12D","2024-04-07 11:44:44","Yes","95.50","381.00","Pass","97.00","92.00","92.00"
"PHILLIPS","CASEY","casey.w.phillips","12D","2024-05-05 22:55:55","Yes","93.60","383.00","Pass","93.00","95.00","95.00"
"PITASSI","RYAN","ryan.j.pitassi","12A","2024-03-03 22:18:26","Yes","90.40","379.00","Pass","88.00","96.00","95.00"
"POLLARD","VAUGHN","vaughn.pollard","12C","2024-04-16 15:24:54","Yes","95.40","384.00","Pass","96.00","94.00","94.00"
"RISINGER","JACOB","jacob.risinger","12B","2024-04-22 09:18:15","Yes","95.10","381.00","Pass","96.00","93.00","92.00"
"RIVERA","JOSE","jose.rivera54","12A","2024-04-26 09:14:31","Yes","92.70","377.00","Pass","93.00","92.00","92.00"
"ROY","DANIEL","daniel.roy1","12C","2024-04-18 14:10:11","Yes","91.40","370.00","Pass","92.00","90.00","88.00"
"SAULNIER","STEPHEN","stephen.a.saulnier","12D","2024-04-07 13:11:37","Yes","90.90","376.00","Pass","90.00","93.00","93.00"
"SCALES","DONALD","donald.s.scales","12D","2024-04-08 05:25:32","Yes","89.40","366.00","Pass","90.00","88.00","88.00"
"SMITH","KENROY","kenroy.r.smith@gmail.com","12C","2024-05-09 08:43:25","Yes","91.40","371.00","Pass","92.00","90.00","89.00"
"SOPKIW","MARK","mark.sopkiw","12A","2024-04-05 14:54:08","Yes","93.20","383.00","Pass","92.00","96.00","95.00"
"THRASH","TIMOTHY","timothy.thrash","12D","2024-04-07 12:04:44","Yes","95.00","385.00","Pass","95.00","95.00","95.00"
"TRAVIS","HOWARD","travis.k.howard","12D","2024-04-08 21:15:49","Yes","91.20","378.00","Pass","90.00","94.00","94.00"
"VOGEL","JAKE","jacob.r.vogel","12C","2024-04-05 14:03:06","Yes","96.10","385.00","Pass","97.00","94.00","94.00"
"WALK","KOLIN","kolin.walk","12C","2024-04-19 12:47:20","Yes","90.90","376.00","Pass","90.00","93.00","93.00"
"WEBB","DAVID","david.webb16","12D","2024-04-07 11:43:32","Yes","93.30","381.00","Pass","93.00","94.00","94.00"
"WEST","ANDREW","andrew.p.west","12C","2024-04-05 14:01:06","Yes","95.70","385.00","Pass","96.00","95.00","94.00"
"WILLIS","BRANDON","brandon.j.willis2","12B","2024-05-02 14:24:22","Yes","94.40","380.00","Pass","95.00","93.00","92.00"
