﻿"Last Name","First Name","Username","Learner ID","Last Access","Availability","Weighted Total [Total Pts: up to 100 Percentage] |422647","Total [Total Pts: up to 300 Score] |422648","H400A1 Outline and Annotated Bibliography [Total Pts: 100 Pass/Fail] |422654","H400A2 Argumentative Essay [Total Pts: 100 Score] |422655","H400P Contribution to Group Learning [Total Pts: 100 Score] |422656","Interim CTGL [Total Pts: 100 Percentage] |428274"
"ALBRECHT","CHRISTIAN","christian.albrecht","05D","2024-04-15 14:45:54","Yes","90.60","282.00","Pass","90.00","92.00","94.00"
"BAT-ERDENE","SYERGYEI","2012seeree2012@gmail.com","05B","2024-04-03 19:16:58","Yes","89.10","277.00","Pass","90.00","87.00","87.00"
"BLACK JR","LARRY","larry.s.black4","05B","2024-04-05 20:38:35","Yes","89.40","282.00","Pass","87.00","95.00","95.00"
"BRACKIN","RONALD","ronald.j.brackin","05A","2024-04-11 06:47:54","Yes","92.90","287.00","Pass","92.00","95.00","92.00"
"BURGESS","ERICA","erica.n.burgess","05A","2024-04-03 17:33:53","Yes","82.80","268.00","Pass","81.00","87.00","87.00"
"BUSH","GREGORY","gregory.alan.bush","05C","2024-04-03 16:26:58","Yes","85.80","274.00","Pass","84.00","90.00","90.00"
"CAREY","DUSTIN","dustin.e.carey","05B","2024-05-16 15:37:15","Yes","89.30","279.00","Pass","89.00","90.00","90.00"
"CARTER","MARK","mark.a.carter144","05C","2024-05-29 20:30:13","Yes","92.80","284.00","Pass","94.00","90.00","90.00"
"CARTER","TIFFANY","tiffany.d.jones4","05D","2024-04-03 18:09:58","Yes","90.10","283.00","Pass","88.00","95.00","92.00"
"CHI","BONG","bongjoon.chi","05D","2024-04-15 14:52:55","Yes","90.80","284.00","Pass","89.00","95.00","95.00"
"CRAFT","THOMAS","tom.craft","05A","2024-04-04 08:29:05","Yes","89.50","277.00","Pass","91.00","86.00","86.00"
"CRAWFORD","LIZA","liza.b.dye","05C","2024-04-03 16:25:58","Yes","93.70","287.00","Pass","94.00","93.00","93.00"
"EDWARDS","TRAVIS","travis.edwards5","05C","2024-04-03 16:24:05","Yes","87.70","279.00","Pass","85.00","94.00","94.00"
"FLORES","ASAEL","asael.flores","05B","2024-04-12 09:12:41","Yes","88.60","278.00","Pass","88.00","90.00","90.00"
"Fox","Adam","adam.fox3","05C","2024-04-03 16:20:58","Yes","88.10","279.00","Pass","86.00","93.00","93.00"
"GRANT","ALAN","alan.b.grant","05A","2024-04-10 10:23:44","Yes","90.90","283.00","Pass","90.00","93.00","93.00"
"HAAKE","ROBYN","robyn.j.haake","05D","2024-04-05 12:04:08","Yes","90.00","280.00","Pass","90.00","90.00","90.00"
"HARMON","ALEXANDER","alexander.harmon1","05B","2024-04-15 14:39:54","Yes","87.00","274.00","Pass","87.00","87.00","95.00"
"HARRISON","KAITLIN","kaitlin.m.harrison","05B","2024-04-03 19:47:05","Yes","87.00","274.00","Pass","87.00","87.00","87.00"
"HILL","LANCE","lance.a.hill2","05A","2024-04-03 16:53:53","Yes","93.00","290.00","Pass","90.00","100.00","99.00"
"HOWE","THOMAS","thomas.f.howe","05C","2024-03-07 07:55:24","Yes","88.00","276.00","Pass","88.00","88.00","88.00"
"HUETER","AMELIA","amelia.l.hueter","05B","2024-04-03 19:01:53","Yes","85.20","272.00","Pass","84.00","88.00","87.00"
"JOHNSON","JEFFREY ""VANCE""","jeffrey.v.johnson1","05A","2024-04-03 17:42:29","Yes","91.60","288.00","Pass","88.00","100.00","99.00"
"JONES","CHRISTOPHER","christopher.r.jones6","05C","2024-06-10 15:25:48","Yes","88.10","279.00","Pass","86.00","93.00","93.00"
"Kautt_PreviewUser","W.H.","william.kautt2_previewuser",,"2024-05-17 09:15:18","Yes","","","","","",""
"KEEFER","COLTON","colton.s.keefer","05A","2024-05-29 17:33:53","Yes","89.30","279.00","Pass","89.00","90.00","90.00"
"LEE","RYAN","ryan.s.lee","05C","2024-04-03 17:12:53","Yes","89.70","279.00","Pass","90.00","89.00","89.00"
"LLOYD","ELIJAH","elijah.j.lloyd","05B","2024-04-03 19:15:53","Yes","93.70","287.00","Pass","94.00","93.00","93.00"
"LOBO ALMAZAN","EDUARDO","edulobo84@gmail.com","05C","2024-05-04 07:46:54","Yes","91.50","285.00","Pass","90.00","95.00","95.00"
"MANOUGIAN","MICHAEL","michael.manougian","05A","2024-05-16 13:04:02","Yes","92.30","289.00","Pass","89.00","100.00","99.00"
"MARSHALL III","JOHN TOMA","jtmarshall3rd@gmail.com","05D","2024-04-08 06:08:33","Yes","85.90","273.00","Pass","85.00","88.00","88.00"
"MORALES","DAVID","david.m.morales3","05D","2024-04-03 16:31:58","Yes","85.80","274.00","Pass","84.00","90.00","90.00"
"NELSON","KEDRICK","kedrick.nelson","05B","2024-05-28 15:32:21","Yes","88.70","281.00","Pass","86.00","95.00","93.00"
"OLOUGHLIN","JEFFRY","jeffry.oloughlin","05D","2024-04-04 07:29:10","Yes","81.50","269.00","Pass","77.00","92.00","89.00"
"OWENS","WALT","walter.h.owens","05B","2024-04-03 23:06:53","Yes","86.50","275.00","Pass","85.00","90.00","90.00"
"PHILLIPS","SHANE","shane.m.phillips2","05D","2024-05-06 12:01:57","Yes","89.10","281.00","Pass","87.00","94.00","94.00"
"PRETENI","ADEM","adempreteni@gmail.com","05D","2024-04-29 08:43:33","Yes","89.70","283.00","Pass","87.00","96.00","96.00"
"RINGEL","EVAN","evan.ringel","05B","2024-04-07 18:37:32","Yes","90.00","280.00","Pass","90.00","90.00","90.00"
"ROBINSON","CARLOS","carlos.r.robinson","05C","2024-04-15 22:29:54","Yes","87.30","275.00","Pass","87.00","88.00","87.00"
"ROBINSON","LISA","lisa.m.robinson4","05C","2024-04-03 18:16:05","Yes","90.50","279.00","Pass","92.00","87.00","86.00"
"Rosa","Ryan","ryan.d.rosa","05D","2024-05-03 04:09:53","Yes","94.60","290.00","Pass","94.00","96.00","95.00"
"ROTAR","PHILLIP","phillip.r.rotar","05A","2024-04-03 16:51:29","Yes","88.60","278.00","Pass","88.00","90.00","90.00"
"SANDIFER","LANE","lane.h.sandifer","05C","2024-04-03 16:36:58","Yes","83.70","271.00","Pass","81.00","90.00","90.00"
"SANGARE","DRISSA","souleyameen@gmail.com","05A","2024-04-03 16:53:58","Yes","92.70","289.00","Pass","90.00","99.00","99.00"
"SASANO","KEILY","keily.m.sasano","05C","2024-04-05 08:11:17","Yes","87.40","274.00","Pass","88.00","86.00","86.00"
"SHAMKHALOV","EDGAR","edqarshamxalov@gmail.com","05B","2024-04-03 19:27:58","Yes","85.30","271.00","Pass","85.00","86.00","86.00"
"SHARPE","TYLER","tyler.m.sharpe","05B","2024-04-03 19:00:58","Yes","89.50","281.00","Pass","88.00","93.00","93.00"
"SHELKAN","ARI","aryakram36@gmail.com","05A","2024-05-19 20:11:05","Yes","84.20","270.00","Pass","83.00","87.00","85.00"
"SHERWOOD","QUADE","quade.sherwood","05B","2024-04-03 19:13:58","Yes","88.10","275.00","Pass","89.00","86.00","86.00"
"SMITH","CHRISTOPHER","christopher.n.smith1","05C","2024-04-03 16:23:29","Yes","91.50","285.00","Pass","90.00","95.00","95.00"
"SUGG","JACLYN","jaclyn.sugg","05A","2024-04-03 17:01:29","Yes","86.60","274.00","Pass","86.00","88.00","88.00"
"TELLE","HEATHER","heather.deppe","05D","2024-04-23 10:53:28","Yes","93.60","288.00","Pass","93.00","95.00","95.00"
"THOMPSON","JON","jon.g.thompson","05A","2024-04-03 17:06:05","Yes","88.10","279.00","Pass","86.00","93.00","93.00"
"TWITCHELL","JAMES","james.twitchell","05C","2024-04-15 05:49:56","Yes","86.50","275.00","Pass","85.00","90.00","90.00"
"VERNO","ANTHONY","anthony.verno","05A","2024-05-07 08:21:15","Yes","95.80","290.00","Pass","97.00","93.00","92.00"
"WALKER","CHRISTOPHER","christopher.a.walker86","05A","2024-06-04 07:05:59","Yes","82.50","271.00","Pass","78.00","93.00","93.00"
"WALKUP","BENFORD","benford.walkup","05D","2024-04-05 06:08:06","Yes","88.10","279.00","Pass","86.00","93.00","93.00"
"WHITLEY","CARL","carl.l.whitley","05D","2024-04-03 16:23:53","Yes","88.50","279.00","Pass","87.00","92.00","92.00"
"ZUCCARINI","NICHOLAS","nicholas.j.zuccarini","05D","2024-04-07 09:51:37","Yes","86.30","277.00","Pass","83.00","94.00","92.00"
