﻿"Last Name","First Name","Username","Learner ID","Last Access","Availability","Weighted Total [Total Pts: up to 100 Percentage] |422727","Total [Total Pts: up to 300 Score] |422728","H400A1 Outline and Annotated Bibliography [Total Pts: 100 Pass/Fail] |422734","H400A2 Argumentative Essay [Total Pts: 100 Score] |422735","H400P Contribution to Group Learning [Total Pts: 100 Score] |422736"
"ALLGOOD","WILLIAM","william.allgood","13B","2024-05-03 10:43:24","Yes","94.70","289.00","Pass","95.00","94.00"
"ARSHAD","SYED JAWWAD ALI","sjawwad.pk@gmail.com","13A","2024-03-29 08:47:20","Yes","95.80","290.00","Pass","97.00","93.00"
"AYALA","MOISES","moises.ayala2","13A","2024-03-04 08:17:30","Yes","95.50","289.00","Pass","97.00","92.00"
"BAER","JOHN","john.baer2","13A","2024-04-03 06:39:57","Yes","95.80","290.00","Pass","97.00","93.00"
"BELCHER","MATTHEW","matthew.r.belcher","13A","2024-04-05 20:02:37","Yes","91.30","283.00","Pass","91.00","92.00"
"BROOKS","MICHAEL","michael.brooks28","13B","2024-03-27 09:52:32","Yes","92.30","285.00","Pass","92.00","93.00"
"BUCKLEY","WILLIAM","william.r.buckley2","13D","2024-03-28 11:10:02","Yes","94.00","288.00","Pass","94.00","94.00"
"CHANDLER","KENESHA","kenesha.chandler","13C","2024-03-16 22:46:06","Yes","80.60","266.00","Pass","77.00","89.00"
"CHASE","JEROME","jerome.k.chase","13C","2024-04-05 10:39:17","Yes","92.40","284.00","Pass","93.00","91.00"
"CRAWFORD","GEOFFREY","geoffrey.k.crawford","13C","2024-03-10 13:59:40","Yes","90.00","284.00","Pass","87.00","97.00"
"DESTEFANO","ANDREW","andrew.destefano","13C","2024-03-24 01:30:29","Yes","87.90","277.00","Pass","87.00","90.00"
"DOLCI","ADAM","adam.dolci","13A","2024-03-27 10:49:30","Yes","93.70","287.00","Pass","94.00","93.00"
"DOZIER","CHRISTOPHER","christopher.dozier1","13B","2024-04-05 13:12:06","Yes","92.30","285.00","Pass","92.00","93.00"
"FINLEY","ANDREW","andrew.r.finley","13D","2024-03-27 13:09:30","Yes","93.30","287.00","Pass","93.00","94.00"
"Fischbach","Markus","markus.w.fischbach","13B","2024-04-08 08:42:37","Yes","93.30","287.00","Pass","93.00","94.00"
"GALLAGHER","JAMES","james.e.gallagher2","13C","2024-03-10 20:53:46","Yes","86.90","271.00","Pass","89.00","82.00"
"Hale","Robert","robert.a.hale","13A","2024-04-03 19:38:29","Yes","87.80","278.00","Pass","86.00","92.00"
"HARRISON","AMANDA","amanda.m.harrison2","13D","2024-04-27 12:35:43","Yes","90.90","283.00","Pass","90.00","93.00"
"HEISS","MICHAEL","michael.heiss1","13D","2024-03-28 07:13:19","Yes","93.00","286.00","Pass","93.00","93.00"
"HEPFL","HOLLY","holly.n.hepfl","13A","2024-04-21 14:23:53","Yes","94.40","288.00","Pass","95.00","93.00"
"HUGHES","MEGAN","megan.m.hughes","13B","2024-05-07 13:19:57","Yes","93.70","287.00","Pass","94.00","93.00"
"HUNTSMAN","KAI","kai.huntsman","13A","2024-04-02 05:33:56","Yes","89.20","280.00","Pass","88.00","92.00"
"JOHNSON","BRIAN","brian.johnson60","13A","2024-04-01 06:34:05","Yes","94.70","289.00","Pass","95.00","94.00"
"KILIKISSA","BRAVE MAJESTE","kilikissa92@gmail.com","13A","2024-03-27 10:45:30","Yes","90.20","282.00","Pass","89.00","93.00"
"Kranz","Nelson","nelson.a.kranz","13D","2024-03-03 23:23:26","Yes","95.10","289.00","Pass","96.00","93.00"
"LAYER","JACOB","jacob.layer","13D","2024-03-27 14:15:32","Yes","93.30","287.00","Pass","93.00","94.00"
"LEGRAND","ROBERT","robert.legrand","13C","2024-03-18 08:35:05","Yes","95.50","289.00","Pass","97.00","92.00"
"LEONARD","LEVI","levi.d.leonard","13C","2024-03-10 13:03:40","Yes","88.20","278.00","Pass","87.00","91.00"
"LUNDBERG","MATTHEW","matthew.m.lundberg","13D","2024-03-10 11:01:26","Yes","90.20","282.00","Pass","89.00","93.00"
"MACDONALD","IAN","ian.t.macdonald","13D","2024-03-27 11:32:32","Yes","94.40","288.00","Pass","95.00","93.00"
"MARTIN","DREXEL","drexel.martin","13C","2024-03-22 08:43:28","Yes","95.00","290.00","Pass","95.00","95.00"
"MCNELLEY","JOSHUA","joshua.p.mcnelley","13A","2024-03-27 13:29:32","Yes","95.10","289.00","Pass","96.00","93.00"
"MEYBAUM","MARC","marc.meybaum","13D","2024-05-26 10:38:50","Yes","94.70","289.00","Pass","95.00","94.00"
"MINA","ABRAAM","abraam.r.mina","13B","2024-03-27 16:03:31","Yes","92.00","284.00","Pass","92.00","92.00"
"MIRANDA","JOHNATHAN","johnathan.j.miranda","13B","2024-04-02 21:32:57","Yes","91.60","284.00","Pass","91.00","93.00"
"Moore","Nichole","nichole.l.moore7","13D","2024-03-10 10:49:32","Yes","91.20","284.00","Pass","90.00","94.00"
"MULLER","ANDREA","andrea.l.johnson","13B","2024-03-28 08:33:02","Yes","93.00","286.00","Pass","93.00","93.00"
"Nunkoosing","Aaron","aaron_nunkoosing@hotmail.co.uk","13C","2024-05-15 22:49:21","Yes","97.40","294.00","Pass","98.00","96.00"
"PANTANO","JONATHAN","jonathan.d.pantano","13D","2024-04-04 10:50:07","Yes","91.60","284.00","Pass","91.00","93.00"
"PETERSON","MARK","mark.g.peterson","13C","2024-04-23 20:36:29","Yes","86.35","274.50","Pass","85.00","89.50"
"PHILLIPS","JOHN","john.m.phillips1","13A","2024-03-27 09:44:32","Yes","94.10","287.00","Pass","95.00","92.00"
"POULSEN","MICHAEL AXEL","michaelkarstadpoulsen@gmail.com","13B","2024-03-27 12:51:32","Yes","94.70","289.00","Pass","95.00","94.00"
"PRIOR","DANIEL","daniel.e.prior","13C","2024-04-05 18:17:44","Yes","89.40","282.00","Pass","87.00","95.00"
"ROBERSON","MICHAEL","michael.w.roberson","13C","2024-03-10 14:46:46","Yes","90.45","281.50","Pass","90.00","91.50"
"ROJEK","JUSTIN","justin.j.rojek","13C","2024-03-18 08:25:50","Yes","95.00","290.00","Pass","95.00","95.00"
"ROLLS","CHASE","chase.c.rolls","13D","2024-03-27 13:08:30","Yes","95.10","289.00","Pass","96.00","93.00"
"ROPER","DENNIS","dennis.roper","13B","2024-02-26 09:23:47","Yes","88.40","280.00","Pass","86.00","94.00"
"SARAFIMOV","IVAN","ivansarafimov@gmail.com","13B","2024-03-27 11:25:36","Yes","94.70","289.00","Pass","95.00","94.00"
"SCHMID","JOSEPH","joseph.schmid","13B","2024-04-17 07:48:54","Yes","96.40","292.00","Pass","97.00","95.00"
"SEMIDEY","ELIZABETH","elizabeth.zaragoza","13C","2024-03-18 08:34:50","Yes","90.60","282.00","Pass","90.00","92.00"
"SMITH","MARIE","marie.r.smith","13A","2024-05-08 17:17:35","Yes","94.40","288.00","Pass","95.00","93.00"
"THOMAS","JUSTIN","justin.t.thomas","13A","2024-03-27 10:50:30","Yes","90.20","282.00","Pass","89.00","93.00"
"TISDALE","HERMAN","herman.t.tisdale","13B","2024-03-27 11:27:32","Yes","84.70","273.00","Pass","82.00","91.00"
"TRIPP","JORDAN","jordan.w.tripp","13D","2024-03-03 20:08:34","Yes","89.90","281.00","Pass","89.00","92.00"
"WATHUDURA","KASUN THARANGA","wathu67@gmail.com","13D","2024-03-27 11:45:36","Yes","92.30","285.00","Pass","92.00","93.00"
"WILLIAMS","ASHLEY","ashley.williams29","13A","2024-03-20 13:19:03","Yes","92.70","285.00","Pass","93.00","92.00"
"WILLIAMS","STEPHEN","stephen.k.williams2","13D","2024-04-12 13:05:44","Yes","98.50","295.00","Pass","100.00","95.00"
"WILSON","STEVEN","steven.m.wilson4","13B","2024-03-18 05:17:49","Yes","95.10","289.00","Pass","96.00","93.00"
