﻿"Last Name","First Name","Username","Learner ID","Last Access","Availability","Weighted Total [Total Pts: up to 100 Percentage] |422707","Total [Total Pts: up to 300 Score] |422708","H400A1 Outline and Annotated Bibliography [Total Pts: 100 Pass/Fail] |422714","H400A2 Argumentative Essay [Total Pts: 100 Score] |422715","H400P Contribution to Group Learning [Total Pts: 100 Score] |422716"
"ANDERSEN","NATHAN","nathan.l.andersen","11D","2024-03-21 11:47:30","Yes","92.10","283.00","Pass","93.00","90.00"
"Archuleta","Michael","michael.a.archuleta","11B","2024-03-27 08:00:30","Yes","92.10","283.00","Pass","93.00","90.00"
"BARNHOUSE","TERRY","terry.barnhouse","11A","2024-04-16 08:54:56","Yes","95.80","290.00","Pass","97.00","93.00"
"BENTON","JOHN","john.benton1","11B","2024-03-21 09:53:33","Yes","97.00","294.00","Pass","97.00","97.00"
"BLOOM","MICHAEL","michael.c.bloom","11B","2024-04-02 08:32:56","Yes","96.40","292.00","Pass","97.00","95.00"
"BRYSON","RYAN","ryan.bryson","11C","2024-04-11 14:21:46","Yes","90.90","283.00","Pass","90.00","93.00"
"BUNCH","CHRISTOPHER","christopher.j.bunch","11D","2024-03-21 13:07:28","Yes","95.80","285.00","Pass","97.00","93.00"
"BYE","EMILY","emily.n.bye","11C","2024-03-22 08:38:28","Yes","83.90","273.00","Pass","80.00","93.00"
"CASTAGNO","FACUNDO","castagnof@hotmail.com","11D","2024-03-03 15:56:51","Yes","87.90","277.00","Pass","87.00","90.00"
"CHILDERS","MATTHEW","matthew.d.childers","11C","2024-05-29 11:16:11","Yes","81.80","270.00","Pass","77.00","93.00"
"CLARK","JOHN","john.james.clark","11C","2024-03-21 12:14:28","Yes","93.00","286.00","Pass","93.00","93.00"
"CSONTOS","ZOLTAN","csontili@gmail.com","11A","2024-03-21 09:51:30","Yes","80.90","262.00","Pass","77.00","90.00"
"DEANGELIS-CABAN","AURORA","aurora.caban","11A","2024-03-27 13:05:32","Yes","87.90","277.00","Pass","87.00","90.00"
"DELGADO","CHRISTOPHER","topher.delgado","11D","2024-05-29 09:10:10","Yes","87.90","277.00","Pass","87.00","90.00"
"DIFFLEY","BRYAN","bryan.diffley","11D","2024-04-10 00:28:38","Yes","88.80","280.00","Pass","87.00","93.00"
"DROWN","THOMAS","thomas.drown","11C","2024-03-03 16:55:26","Yes","95.60","292.00","Pass","95.00","97.00"
"FALKENBERG","TOMAS","tomas.falkenberg","11A","2024-03-21 09:44:27","Yes","92.10","283.00","Pass","93.00","90.00"
"FISHER","HALEY","haley.c.fisher","11B","2024-05-23 09:40:55","Yes","88.80","275.00","Pass","87.00","93.00"
"GIBSON","ROBERT","robert.g.gibson4","11B","2024-03-21 10:16:30","Yes","94.40","288.00","Pass","95.00","93.00"
"GUTIERREZ","KELLY","kelly.gutierrez","11A","2024-04-16 10:33:31","Yes","95.00","290.00","Pass","95.00","95.00"
"HAVEN","KAYLA","kayla.m.haven","11B","2024-06-03 06:07:13","Yes","88.80","280.00","Pass","87.00","93.00"
"HERINA","JOHN","john.herina","11D","2024-03-22 08:02:28","Yes","96.40","292.00","Pass","97.00","95.00"
"HUDELSON","PETER","peter.hudelson","11A","2024-05-01 10:38:31","Yes","97.00","294.00","Pass","97.00","97.00"
"HURLEY","BENJAMIN","benjamin.hurley","11B","2024-05-30 21:24:58","Yes","94.40","288.00","Pass","95.00","93.00"
"Jackson","Janaire","janaire.r.brown","11A","2024-02-29 11:39:39","Yes","93.00","286.00","Pass","93.00","93.00"
"KEARCHER","KONRAD","konrad.kearcher","11B","2024-03-21 09:43:27","Yes","88.80","280.00","Pass","87.00","93.00"
"KUNCIW","SABRINA","sabrina.e.kunciw","11C","2024-04-22 10:37:53","Yes","96.40","292.00","Pass","97.00","95.00"
"KUYKENDALL","JEREMY","jeremy.d.kuykendall","11C","2024-05-02 11:48:53","Yes","97.00","294.00","Pass","97.00","97.00"
"LEE","SCOTT","scott.lee13","11D","2024-03-03 12:15:51","Yes","92.10","278.00","Pass","93.00","90.00"
"LEONE","VINCENT","vincent.s.leone","11A","2024-03-04 15:37:30","Yes","80.90","267.00","Pass","77.00","90.00"
"LERO","MARK JULIUS","markjulius.lero","11C","2024-05-24 22:59:54","Yes","93.00","286.00","Pass","93.00","93.00"
"LUMEN","JUSTIN","justin.r.lumen","11A","2024-05-01 15:46:34","Yes","90.00","280.00","Pass","90.00","90.00"
"MARKLEY","TIMOTHY","timothy.d.markley","11A","2024-04-10 10:04:44","Yes","95.00","290.00","Pass","95.00","95.00"
"MCCARVILLE","WILLIAM","william.mccarville1","11B","2024-03-21 12:46:33","Yes","89.40","282.00","Pass","87.00","95.00"
"MCKIDDY","TIMOTHY","timothy.mckiddy","11D","2024-03-21 10:22:28","Yes","94.20","290.00","Pass","93.00","97.00"
"MCLEAN","MARISHA","marisha.mclean","11D","2024-03-21 12:10:27","Yes","92.10","278.00","Pass","93.00","90.00"
"MIYAKAWA","ALEXANDER","alexander.s.miyakawa","11C","2024-04-23 13:25:30","Yes","95.80","290.00","Pass","97.00","93.00"
"Monczynski","Timothy","timothy.j.monczynski","11D","2024-03-21 11:24:28","Yes","90.00","280.00","Pass","90.00","90.00"
"MONTESCLAROS","CHRISTOPHER","c.montesclaros","11A","2024-05-09 09:24:15","Yes","93.00","286.00","Pass","93.00","93.00"
"MORTENSEN","RYAN","ryan.mortensen","11C","2024-04-17 06:16:31","Yes","94.40","283.00","Pass","95.00","93.00"
"MOUAWAD","GEORGES","georges.mou.104@gmail.com","11A","2024-04-12 09:46:41","Yes","88.80","280.00","Pass","87.00","93.00"
"MRKAIC","ISAK","isak.mrkaic@gmail.com","11B","2024-04-02 19:54:53","Yes","89.10","277.00","Pass","90.00","87.00"
"NAGY","ANDREW","andrew.nagy","11B","2024-03-31 17:37:05","Yes","94.40","288.00","Pass","95.00","93.00"
"NESRSTA","BRANDON","brandon.nesrsta","11B","2024-04-21 21:27:22","Yes","87.90","277.00","Pass","87.00","90.00"
"NISA","CHRISTOPHER","christopher.nisa","11B","2024-03-21 09:28:30","Yes","93.00","286.00","Pass","93.00","93.00"
"PAPADIMITRIS","DIMITRIS","papadimitris.dimitris@gmail.com","11B","2024-03-21 10:10:30","Yes","91.50","285.00","Pass","90.00","95.00"
"POSPISIL","ROBERT","robert.c.pospisil","11A","2024-05-28 20:02:56","Yes","90.00","280.00","Pass","90.00","90.00"
"PRABOWO","PETRUS PARAMAYUDO","yudoprabowo@gmail.com","11C","2024-03-21 10:32:27","Yes","90.90","283.00","Pass","90.00","93.00"
"REINHARDT","JASON","jason.reinhardt1","11C","2024-05-05 09:19:56","Yes","95.80","290.00","Pass","97.00","93.00"
"RUPP","TIFFANY","tiffany.rupp","11D","2024-03-21 12:06:30","Yes","87.90","277.00","Pass","87.00","90.00"
"SCHWITZGEBEL","MATTHEW","matthew.schwitzgebel","11D","2024-03-21 10:18:30","Yes","89.40","282.00","Pass","87.00","95.00"
"Shimandle","Tyler","tyler.j.shimandle","11C","2024-04-09 10:44:37","Yes","95.80","290.00","Pass","97.00","93.00"
"STONE","BENJAMIN","benjamin.t.stone","11D","2024-03-21 14:01:30","Yes","96.40","292.00","Pass","97.00","95.00"
"TRAVIS","JACOB","jacob.d.travis","11A","2024-04-12 13:18:41","Yes","89.40","282.00","Pass","87.00","95.00"
"TUCCI","MICHAEL","michael.tucci1","11D","2024-03-21 10:20:33","Yes","95.00","290.00","Pass","95.00","95.00"
"VERBARENDSE","STEVEN","steven.e.verbarendse2","11D","2024-03-21 10:46:33","Yes","94.40","288.00","Pass","95.00","93.00"
"WICINSKI","BRANDON","brandon.c.wicinski","11A","2024-03-22 06:04:28","Yes","90.90","278.00","Pass","90.00","93.00"
"WILLIAMS","MARCUS","marcus.l.williams98","11C","2024-04-10 05:12:55","Yes","91.50","285.00","Pass","90.00","95.00"
"YANT","ROGER","roger.yantjr","11B","2024-03-30 09:49:03","Yes","89.40","282.00","Pass","87.00","95.00"
