﻿"Last Name","First Name","Username","Learner ID","Last Access","Availability","Weighted Total [Total Pts: up to 100 Percentage] |424328","Total [Total Pts: up to 400 Score] |424329","M200P1 Module Contribution to Group Learning - Individual (30%) [Total Pts: 100 Score] |424337","M299A1 -  Division Movement Plan - Individual (30%) [Total Pts: 100 Score] |424366","M200B1 U.S. Officers [Total Pts: 100 Score] |424367","M200B1 IMS Officers [Total Pts: 100 Score] |424368"
"AFREH","PETER","affrehsika3606@gmail.com","04A","2024-02-07 11:47:41","Yes","96.69828","288.99429","93.99429","95.00","","100.00"
"AL-MAGSOOSI","ALHASAN MOHAMMED KADHIM","al1410@yahoo.com","04A","2024-02-25 23:26:47","Yes","94.79828","283.99429","93.99429","94.00","","96.00"
"ALDERMAN","NICHOLAS","nicholas.alderman","04B","2024-02-14 11:11:32","Yes","98.28571","196.00","Needs Evaluation","96.00","100.00",""
"ANTHONY-HALL","JELESA","jelz.anthony","04B","2024-02-07 10:01:55","Yes","93.71428","188.00","Needs Evaluation","96.00","92.00",""
"BAILEY","LANCE","lance.r.bailey","04A","2024-02-23 12:46:46","Yes","98.80","296.00","98.00","98.00","100.00",""
"BAIN","JIMMY","james.bain1","04B","2024-02-16 14:43:12","Yes","91.00","183.00","Needs Evaluation","95.00","88.00",""
"BANCIC","KLEMEN","klemen.bancic@gmail.com","04C","2024-02-14 19:57:17","Yes","98.197","293.99","96.99","97.00","","100.00"
"BERGEAMN","BRIAN","brian.m.bergeman","04C","2024-02-24 09:01:46","Yes","94.39742","283.99143","95.99143","96.00","92.00",""
"BERMAN","SHERLYN","sherlyn.alcoran","04C","2024-02-13 08:19:31","Yes","96.39828","287.99429","93.99429","94.00","100.00",""
"Biggs","Tone","tone.biggs","04C","2024-02-16 08:33:09","Yes","95.00","286.00","97.00","97.00","92.00",""
"BROWN","MIA","mia.c.williams1","04C","2024-02-12 11:07:30","Yes","96.39828","287.99429","93.99429","94.00","100.00",""
"BURNSHIRE","KOBEE","kobee.burnshire","04B","2024-01-26 11:00:19","Yes","96.42857","193.00","Needs Evaluation","97.00","96.00",""
"BURRILL WESTMAN","SAMANTHA","samantha.j.burrillwestman","04A","2024-02-23 08:35:46","Yes","95.09785","284.99286","94.99286","94.00","96.00",""
"CARLSON","ERIK","erik.h.carlson2","04C","2024-01-29 10:17:36","Yes","93.79785","281.99286","94.99286","95.00","92.00",""
"CASH","RYAN","ryan.d.cash","04D","2024-02-15 10:49:46","Yes","93.80","282.00","95.00","95.00","92.00",""
"CASTILLO","JOE","joe.c.castillo","04B","2024-02-14 13:09:32","Yes","96.00","192.00","Needs Evaluation","96.00","96.00",""
"CHAPMAN","MATTHEW","matthew.b.chapman","04C","2024-02-20 06:18:09","Yes","96.597","289.99","96.99","97.00","96.00",""
"CLEMENTS","JOHN (EDDIE)","john.e.clements8","04D","2024-02-15 12:56:46","Yes","95.40","286.00","95.00","95.00","96.00",""
"CLODFELTER","WILLIAM","william.h.clodfelter3","04A","2024-02-23 11:39:21","Yes","94.70","285.00","97.00","96.00","92.00",""
"CONNER","JUSTINE","justine.conner","04C","2024-02-12 08:38:25","Yes","98.197","293.99","96.99","97.00","100.00",""
"DILLER","NATHAN","nathan.e.diller","04B","2024-02-14 14:00:15","Yes","98.28571","196.00","Needs Evaluation","96.00","100.00",""
"DONOVAN","MICHAEL","michael.z.donovan","04B","2024-02-14 12:52:32","Yes","95.14285","190.00","Needs Evaluation","94.00","96.00",""
"DORJGOTOV","DORJDAVAA","ddorjdavaa87@gmail.com","04D","2024-02-15 10:48:08","Yes","95.40","286.00","95.00","95.00","","96.00"
"EASTMAN","PHILIPP","philipp.eastman","04A","2024-01-26 10:23:36","Yes","95.39785","285.99286","94.99286","95.00","96.00",""
"EVANS","ALLISON","allison.j.evans","04D","2024-02-15 10:52:12","Yes","97.60","292.00","97.00","95.00","100.00",""
"FRANK","MATTHEW","matthew.r.frank2","04B","2024-02-25 19:47:23","Yes","95.57142","191.00","Needs Evaluation","95.00","96.00",""
"FUREY","LYLA","lyla.a.furey","04B","2024-02-26 12:07:41","Yes","93.28571","187.00","Needs Evaluation","95.00","92.00",""
"GATTIE","DAVID","david.j.gattie","04C","2024-02-09 09:04:28","Yes","95.79871","285.99571","92.99571","93.00","100.00",""
"GLEGHORN","KYLE","kyle.d.gleghorn","04C","2024-01-31 11:12:28","Yes","96.09871","286.99571","92.99571","94.00","100.00",""
"GOTAME","UJJWAL","5516ujjwal@gmail.com","04B","2024-02-22 16:04:12","Yes","95.14285","190.00","Needs Evaluation","94.00","","96.00"
"HASANAJ","BLERAND","blerand@gmail.com","04D","2024-02-15 10:41:56","Yes","90.59785","273.99286","94.99286","95.00","","84.00"
"JONES","CODY","cody.m.jones","04B","2024-02-26 10:32:00","Yes","98.28571","196.00","Needs Evaluation","96.00","100.00",""
"KAVA","ROBERT","robert.kava1","04D","2024-01-24 09:11:47","Yes","97.60","292.00","97.00","95.00","100.00",""
"KLEIN","CHRISTOPHER","christopher.klein5","04D","2024-02-26 11:00:41","Yes","90.90","275.00","96.00","95.00","84.00",""
"KNOTT","AARON","aaron.d.knott","04A","2024-02-23 10:55:21","Yes","88.99785","269.99286","94.99286","95.00","80.00",""
"LIBRANDE","JOSEPH","joseph.d.librande","04A","2024-02-14 16:29:29","Yes","91.59828","275.99429","93.99429","94.00","88.00",""
"LOFTUS","CASSONDRA","cassondra.dick","04A","2024-02-25 15:53:47","Yes","92.19785","277.99286","94.99286","95.00","88.00",""
"LOWE","ZACHARY","zachary.d.lowe","04B","2024-02-14 10:48:15","Yes","89.14285","180.00","","96.00","84.00",""
"LOXSOM","JAMES","james.loxsom","04D","2024-02-01 15:49:37","Yes","96.00","288.00","97.00","95.00","96.00",""
"MAGALLANES","ANTHONY","anthony.f.magallanes","04A","2024-02-14 11:55:32","Yes","96.99785","289.99286","94.99286","95.00","100.00",""
"MAKOSKI","CARSON","carson.a.makoski","04D","2024-02-15 10:48:56","Yes","97.60","292.00","97.00","95.00","100.00",""
"MARCINIAK","ERWIN","erwin.marciniak","04A","2024-02-26 09:17:01","Yes","97.90","293.00","97.00","96.00","100.00",""
"MCFADDEN","BRANDON","brandon.mcfadden","04A","2024-02-23 11:29:46","Yes","95.39742","285.99143","95.99143","94.00","96.00",""
"MEIER","JOSEPH","joseph.s.meier","04A","2024-02-25 19:45:47","Yes","98.20","294.00","97.00","97.00","100.00",""
"MIZEAD","ABDULLA","abdulla.a.mizead","04A","2024-02-23 11:04:46","Yes","97.90","293.00","97.00","96.00","100.00",""
"MUELLER","ANDREW","andrew.r.mueller","04C","2024-02-12 15:04:30","Yes","97.90","293.00","97.00","96.00","100.00",""
"PETERSON","DAVID","david.meade.peterson","04D","2024-02-12 10:35:30","Yes","96.00","288.00","97.00","95.00","96.00",""
"PORTO","FELICITY","felicity.a.porto","04B","2024-02-23 08:33:00","Yes","86.00","174.00","Needs Evaluation","94.00","80.00",""
"REYNOLDS","JEREMY","jeremy.j.reynolds2","04D","2024-02-15 11:35:46","Yes","97.60","292.00","97.00","95.00","100.00",""
"SAHAGUN","DANIEL","daniel.j.sahagun","04A","2024-02-14 12:27:32","Yes","95.69742","286.99143","95.99143","95.00","96.00",""
"SERRANO","JEWLIANNA","jewlianna.m.serrano","04D","2024-02-21 10:28:50","Yes","98.50","295.00","100.00","95.00","100.00",""
"SMAJD","ANDREW","andrew.smajd","04C","2024-02-13 20:56:16","Yes","97.90","293.00","97.00","96.00","100.00",""
"SWINDELL","SCOTT","scott.h.swindell","04D","2024-02-23 09:33:46","Yes","97.60","292.00","97.00","95.00","100.00",""
"TERTERYAN","ANDRANIK","andranikterteryan95@gmail.com","04B","2024-02-27 08:41:41","Yes","92.85714","186.00","Needs Evaluation","94.00","","92.00"
"WALTERS","JOSEPH","joseph.walters5","04C","2024-01-29 14:59:40","Yes","97.29742","290.99143","95.99143","95.00","100.00",""
"WERNER","LUCAS","lucas.a.werner","04D","2024-02-26 08:46:01","Yes","95.40","286.00","95.00","95.00","96.00",""
"YOUNG","RILEY","riley.young3","04D","2024-02-26 09:24:01","Yes","97.60","292.00","97.00","95.00","100.00",""
"ZWEIFEL","MICHAEL","michael.a.zweifel","04C","2024-02-12 20:13:14","Yes","97.59742","291.99143","95.99143","96.00","100.00",""
