﻿"Last Name","First Name","Username","Learner ID","Last Access","Availability","Weighted Total [Total Pts: up to 100 Percentage] |424205","Total [Total Pts: up to 400 Score] |424206","M200P1 Module Contribution to Group Learning - Individual (30%) [Total Pts: 100 Score] |424214","M299A1 -  Division Movement Plan - Individual (30%) [Total Pts: 100 Score] |424243","M200B1 U.S. Officers [Total Pts: 100 Score] |424244","M200B1 IMS Officers [Total Pts: 100 Score] |424245"
"ACOSTA","MITCHELL","mitch.f.acosta","01C","2024-02-26 07:50:00","Yes","94.45","285.50","99.00","98.50","88.00",""
"ALLEN","JUSTIN","justin.lee.allen","01A","2024-02-17 14:04:48","Yes","93.70","283.00","100.00","95.00","88.00",""
"ALLISON","KEVIN","kevin.e.allison","01A","2024-01-31 11:29:37","Yes","95.09828","284.99429","93.99429","95.00","96.00",""
"ALSUWAIDI","AHMED SAIF ABDULLA AHMED","alsuwaidi@hotmail.fr","01D","2024-02-26 13:59:50","Yes","89.10","269.00","93.00","92.00","","84.00"
"ANDERSON","ALEX","alex.r.anderson","01C","2024-02-26 07:41:16","Yes","94.25","283.50","97.00","94.50","92.00",""
"ANDERSON","ANTHONY","anthony.s.anderson2","01B","2024-02-09 09:37:20","Yes","94.14285","189.00","Needs Evaluation","97.00","92.00",""
"ANDERSON","ROBERT","robert.edwin.anderson","01D","2024-02-22 15:17:05","Yes","90.00","272.00","94.00","94.00","84.00",""
"ANDERSON","STACEY","stacey.c.anderson","01C","2024-02-22 14:03:59","Yes","94.49828","282.99429","93.99429","93.00","96.00",""
"ANDERSON","STEPHEN","stephen.anderson8","01B","2024-02-02 09:36:37","Yes","93.28571","187.00","Needs Evaluation","95.00","92.00",""
"ANDRADE LAZO","JOSE ARMANDO","joseaal@hotmail.com","01C","2024-02-22 14:09:51","Yes","92.59828","277.99429","93.99429","92.00","","92.00"
"ARNOLD","MICHAEL","michael.a.arnold36","01D","2024-02-26 12:46:42","Yes","94.50","283.00","94.00","93.00","96.00",""
"ARVIN","STRAFER","strafer.arvin","01C","2024-02-22 20:57:46","Yes","99.55","298.50","99.00","99.50","100.00",""
"BARRETT","ADAM","adam.r.barrett","01A","2024-02-26 09:52:47","Yes","95.69785","286.99286","94.99286","96.00","96.00",""
"BEBO","STEVEN","steven.bebo","01B","2024-02-26 09:13:47","Yes","88.71428","179.00","Needs Evaluation","95.00","84.00",""
"BRENC","JOSHUA","joshua.d.brenc.mil","01B","2024-02-05 10:05:40","Yes","91.00","183.00","Needs Evaluation","95.00","88.00",""
"BROWN","LINDA","linda.d.brown","01D","2024-02-13 20:14:15","Yes","94.20","282.00","93.00","93.00","96.00",""
"BURK","BENJAMIN","benjamin.m.burk","01B","2024-02-13 23:56:29","Yes","98.71428","197.00","Needs Evaluation","97.00","100.00",""
"CASE","NIKKOLE","nikkole.l.case","01C","2024-02-16 10:26:56","Yes","92.14828","276.49429","93.99429","90.50","92.00",""
"CAVERLY","DAVID","david.a.caverly","01A","2024-02-16 10:07:12","Yes","90.89785","274.99286","94.99286","96.00","84.00",""
"CLAASSEN","GRANT","grant.claassen","01B","2024-02-04 14:47:18","Yes","93.28571","187.00","Needs Evaluation","95.00","92.00",""
"DAVIS","ALFRANZO","alfranzo.davis","01B","2024-02-13 16:53:28","Yes","96.42857","193.00","Needs Evaluation","97.00","96.00",""
"DEARBORN","STEVEN","steven.dearborn","01A","2024-02-16 11:18:09","Yes","96.60","290.00","97.00","97.00","96.00",""
"ENGELBRECHT","ERIC","eric.e.engelbrecht","01C","2024-02-15 13:27:56","Yes","96.60","290.00","98.00","96.00","96.00",""
"ERICKSON","LILY","lily.a.erickson","01D","2024-02-26 12:45:42","Yes","91.20","276.00","95.00","97.00","84.00",""
"FELKER","JOHN","john.felker1","01A","2024-01-31 11:54:24","Yes","91.19785","275.99286","94.99286","97.00","84.00",""
"GRAHAM","MICHAEL","michael.a.graham3","01D","2024-02-26 12:45:42","Yes","91.30","275.00","93.00","94.00","88.00",""
"GRISWOULD","GORDON","gordon.griswould","01A","2024-02-16 09:49:09","Yes","90.29828","272.99429","93.99429","95.00","84.00",""
"HENRIQUEZ","JORGE","jorge.a.henriquez","01B","2024-02-26 14:15:50","Yes","","","","","",""
"HOOD","HAYWARD","hayward.hood","01D","2024-02-27 10:49:37","Yes","95.10","285.00","94.00","95.00","96.00",""
"KAMBERAJ","MIRFILE","kmirfila@gmail.com","01B","2024-01-31 12:42:24","Yes","91.00","183.00","Needs Evaluation","95.00","","88.00"
"KHAN","MOHAMMED","mohammed.khan5","01A","2024-02-16 09:49:09","Yes","90.89785","274.99286","94.99286","96.00","84.00",""
"KOEHN","KEVIN","kevin.s.koehn","01C","2024-02-26 08:35:01","Yes","97.60","292.00","97.00","95.00","100.00",""
"LECLERC","JAYME","jayme105@live.com","01C","2024-02-25 15:43:56","Yes","97.60","292.00","97.00","95.00","","100.00"
"MCCONVILLE","BRIAN","brian.mcconville","01C","2024-02-24 14:13:48","Yes","97.30","291.00","97.00","94.00","100.00",""
"MCLAUGHLIN","MARK","mark.c.mclaughlin3","01C","2024-02-26 08:17:16","Yes","91.29828","274.99429","93.99429","93.00","88.00",""
"MEDINA","KENNETH","kenny.medina","01A","2024-02-27 06:06:38","Yes","95.00","286.00","97.00","97.00","92.00",""
"MEIDENBAUER","MARY","mary.r.meidenbauer","01B","2024-02-21 08:49:50","Yes","93.71428","188.00","Needs Evaluation","96.00","92.00",""
"MENDOUA","JEAN","jeanyvesmendoua@gmail.com","01A","2024-02-16 11:11:47","Yes","93.49828","280.99429","93.99429","95.00","","92.00"
"METCALFE","KERRY","kerry.metcalfe","01D","2024-01-24 13:56:47","Yes","92.30","277.00","92.00","93.00","92.00",""
"MOCK","JEFFREY","jeffrey.m.mock","01A","2024-02-25 19:11:57","Yes","88.69828","268.99429","93.99429","95.00","80.00",""
"NEWSOME","HENIAN","henian.newsome","01C","2024-02-05 10:24:46","Yes","96.00","288.00","97.00","95.00","96.00",""
"OLSON","JERRED","jerred.olson","01B","2024-02-26 12:30:42","Yes","88.71428","179.00","Needs Evaluation","95.00","84.00",""
"PERKINS","BRANDON","brandon.p.perkins","01B","2024-02-09 10:02:20","Yes","91.00","183.00","Needs Evaluation","95.00","88.00",""
"REASONOVER","WILLIAM","william.b.reasonover","01C","2024-02-24 10:29:22","Yes","93.49785","280.99286","94.99286","94.00","92.00",""
"SEGGEL","PETER","peter.j.seggel","01D","2024-02-26 12:44:59","Yes","96.70","289.00","95.00","94.00","100.00",""
"SEGUIN","DANIEL","daniel.seguin","01D","2024-02-26 12:44:59","Yes","92.90","279.00","94.00","93.00","92.00",""
"SINAN","HUSSAIN","6290hussainsinan@gmail.com","01A","2024-02-08 22:47:11","Yes","92.49785","278.99286","94.99286","96.00","","88.00"
"SINCLAIR","EWAN ANTHONY","sinclairewan14@gmail.com","01B","2024-02-20 11:59:58","Yes","94.14285","189.00","Needs Evaluation","97.00","","92.00"
"TROXELL","MARGARET-ELIZABETH","margaretelizabeth.s.troxell","01A","2024-02-21 08:53:58","Yes","88.69828","268.99429","93.99429","95.00","80.00",""
"WARD","LAUREN","lauren.a.ward2","01A","2024-02-16 20:16:56","Yes","95.00","286.00","97.00","97.00","92.00",""
"WESSEWANE-DESYEYE ZATO","FABRICE","22.wessewane.desyeye.fabrice.esam2@gmail.com","01D","2024-02-27 10:51:38","Yes","89.80","270.00","92.00","90.00","","88.00"
"WILCOX","JOSHUA","joshua.g.wilcox","01D","2024-02-26 11:55:45","Yes","91.00","274.00","93.00","93.00","88.00",""
"WILLIAMS","CODY","cody.andre.williams","01D","2024-02-26 12:44:41","Yes","94.80","284.00","94.00","94.00","96.00",""
"WILSON","ROGER","roger.dale.wilson","01B","2024-02-26 15:15:36","Yes","86.42857","175.00","Needs Evaluation","95.00","80.00",""
"WITT","PHILIP","philip.witt","01C","2024-02-22 14:10:12","Yes","92.50","279.00","97.00","94.00","88.00",""
"WOOLFORD","ADAM","adam.c.woolford","01B","2024-02-21 10:55:50","Yes","95.57142","191.00","Needs Evaluation","95.00","96.00",""
"WU","ANSON","anson.wu","01D","2024-02-27 11:31:37","Yes","87.70","267.00","95.00","96.00","76.00",""
"YATES","MAXWELL","maxwell.yates","01A","2024-02-16 10:11:12","Yes","95.90","289.00","100.00","97.00","92.00",""
"ZAMBRANA GONZALEZ","FRANKLIN","f.zambranagonzalez","01C","2024-02-23 20:12:46","Yes","95.09785","284.99286","94.99286","94.00","96.00",""
